timestamp_ms,state,event,queue_depth,s0_pos,s1_pos,s2_pos,servo0_angle,tune_string,tune_attempt,measured_hz,target_hz,tune_servo_angle,note_index,note_string
1,HOMING,MOTORS,0,0,0,0,90.0,,,,,,,
2,IDLE,DONE,0,,,,,,,,,,
1295,TUNING,BTN_TUNE,0,,,,,,,,,,
1295,TUNING,MOTORS,0,0,0,0,90.0,,,,,,,
1297,TUNING,MOTORS,0,0,0,0,90.0,,,,,,,
1298,TUNING,MOTORS,0,0,0,0,90.0,,,,,,,
1299,TUNING,MOTORS,0,0,0,0,90.0,,,,,,,
1300,TUNING,MOTORS,0,0,0,0,90.0,,,,,,,
1301,TUNING,MOTORS,0,0,0,0,90.0,,,,,,,
1302,TUNING,MOTORS,0,0,0,0,90.0,,,,,,,
1304,TUNING,MOTORS,0,0,0,0,90.0,,,,,,,
1305,TUNING,MOTORS,0,0,0,0,90.0,,,,,,,
1306,TUNING,MOTORS,0,0,0,0,90.0,,,,,,,
1307,TUNING,MOTORS,0,0,0,0,90.0,,,,,,,
1308,TUNING,MOTORS,0,0,0,0,90.0,,,,,,,
1309,TUNING,MOTORS,0,0,0,0,90.0,,,,,,,
1311,TUNING,MOTORS,0,0,0,0,90.0,,,,,,,
1312,TUNING,MOTORS,0,0,0,0,90.0,,,,,,,
1313,TUNING,MOTORS,0,0,0,0,90.0,,,,,,,
1314,TUNING,MOTORS,0,0,0,0,90.0,,,,,,,
1315,TUNING,MOTORS,0,0,0,0,90.0,,,,,,,
1316,TUNING,MOTORS,0,0,0,0,90.0,,,,,,,
1318,TUNING,MOTORS,0,0,0,0,90.0,,,,,,,
1319,TUNING,MOTORS,0,0,0,0,90.0,,,,,,,
1320,TUNING,MOTORS,0,0,0,0,90.0,,,,,,,
1321,TUNING,MOTORS,0,0,0,0,90.0,,,,,,,
1322,TUNING,MOTORS,0,0,0,0,90.0,,,,,,,
1323,TUNING,MOTORS,0,0,0,0,90.0,,,,,,,
1324,TUNING,MOTORS,0,0,0,0,90.0,,,,,,,
1326,TUNING,MOTORS,0,0,0,0,90.0,,,,,,,
1327,TUNING,MOTORS,0,0,0,0,90.0,,,,,,,
1328,TUNING,MOTORS,0,0,0,0,90.0,,,,,,,
1329,TUNING,MOTORS,0,0,0,0,90.0,,,,,,,
1330,TUNING,MOTORS,0,0,0,0,90.0,,,,,,,
1332,TUNING,MOTORS,0,0,0,0,90.0,,,,,,,
1333,TUNING,MOTORS,0,0,0,0,90.0,,,,,,,
1334,TUNING,MOTORS,0,0,0,0,90.0,,,,,,,
1335,TUNING,MOTORS,0,0,0,0,90.0,,,,,,,
1336,TUNING,MOTORS,0,0,0,0,90.0,,,,,,,
1337,TUNING,MOTORS,0,0,0,0,90.0,,,,,,,
1338,TUNING,MOTORS,0,0,0,0,90.0,,,,,,,
1340,TUNING,MOTORS,0,0,0,0,90.0,,,,,,,
1341,TUNING,MOTORS,0,0,0,0,90.0,,,,,,,
1342,TUNING,MOTORS,0,0,0,0,90.0,,,,,,,
1343,TUNING,MOTORS,0,0,0,0,90.0,,,,,,,
1344,TUNING,MOTORS,0,0,0,0,90.0,,,,,,,
1345,TUNING,MOTORS,0,0,0,0,90.0,,,,,,,
1347,TUNING,MOTORS,0,0,0,0,90.0,,,,,,,
1348,TUNING,MOTORS,0,0,0,0,90.0,,,,,,,
1349,TUNING,MOTORS,0,0,0,0,90.0,,,,,,,
1350,TUNING,MOTORS,0,0,0,0,90.0,,,,,,,
1351,TUNING,MOTORS,0,0,0,0,90.0,,,,,,,
1352,TUNING,MOTORS,0,0,0,0,90.0,,,,,,,
1353,TUNING,MOTORS,0,0,0,0,90.0,,,,,,,
1354,TUNING,MOTORS,0,0,0,0,90.0,,,,,,,
1356,TUNING,MOTORS,0,0,0,0,90.0,,,,,,,
1357,TUNING,MOTORS,0,0,0,0,90.0,,,,,,,
1358,TUNING,MOTORS,0,0,0,0,90.0,,,,,,,
1359,TUNING,MOTORS,0,0,0,0,90.0,,,,,,,
1360,TUNING,MOTORS,0,0,0,0,90.0,,,,,,,
1361,TUNING,MOTORS,0,0,0,0,90.0,,,,,,,
1363,TUNING,MOTORS,0,0,0,0,90.0,,,,,,,
1364,TUNING,MOTORS,0,0,0,0,90.0,,,,,,,
1365,TUNING,MOTORS,0,0,0,0,90.0,,,,,,,
1366,TUNING,MOTORS,0,0,0,0,90.0,,,,,,,
1367,TUNING,MOTORS,0,0,0,0,90.0,,,,,,,
1368,TUNING,MOTORS,0,0,0,0,90.0,,,,,,,
1369,TUNING,MOTORS,0,0,0,0,90.0,,,,,,,
1371,TUNING,MOTORS,0,0,0,0,90.0,,,,,,,
1372,TUNING,MOTORS,0,0,0,0,90.0,,,,,,,
1373,TUNING,MOTORS,0,0,0,0,90.0,,,,,,,
1374,TUNING,MOTORS,0,0,0,0,90.0,,,,,,,
1375,TUNING,MOTORS,0,0,0,0,90.0,,,,,,,
1376,TUNING,MOTORS,0,0,0,0,90.0,,,,,,,
1378,TUNING,MOTORS,0,0,0,0,90.0,,,,,,,
1379,TUNING,MOTORS,0,0,0,0,90.0,,,,,,,
1380,TUNING,MOTORS,0,0,0,0,90.0,,,,,,,
1381,TUNING,MOTORS,0,0,0,0,90.0,,,,,,,
1382,TUNING,MOTORS,0,0,0,0,90.0,,,,,,,
1383,TUNING,MOTORS,0,0,0,0,90.0,,,,,,,
1384,TUNING,MOTORS,0,0,0,0,90.0,,,,,,,
1386,TUNING,MOTORS,0,0,0,0,90.0,,,,,,,
1387,TUNING,MOTORS,0,0,0,0,90.0,,,,,,,
1388,TUNING,MOTORS,0,0,0,0,90.0,,,,,,,
1389,TUNING,MOTORS,0,0,0,0,90.0,,,,,,,
1390,TUNING,MOTORS,0,0,0,0,90.0,,,,,,,
1391,TUNING,MOTORS,0,0,0,0,90.0,,,,,,,
1393,TUNING,MOTORS,0,0,0,0,90.0,,,,,,,
1394,TUNING,MOTORS,0,0,0,0,90.0,,,,,,,
1395,TUNING,MOTORS,0,0,0,0,90.0,,,,,,,
1396,TUNING,MOTORS,0,0,0,0,90.0,,,,,,,
1397,TUNING,MOTORS,0,0,0,0,90.0,,,,,,,
1398,TUNING,MOTORS,0,0,0,0,90.0,,,,,,,
1400,TUNING,MOTORS,0,0,0,0,90.0,,,,,,,
1401,TUNING,MOTORS,0,0,0,0,90.0,,,,,,,
1402,TUNING,MOTORS,0,0,0,0,90.0,,,,,,,
1403,TUNING,MOTORS,0,0,0,0,90.0,,,,,,,
1404,TUNING,MOTORS,0,0,0,0,90.0,,,,,,,
1405,TUNING,MOTORS,0,0,0,0,90.0,,,,,,,
1407,TUNING,MOTORS,0,0,0,0,90.0,,,,,,,
1408,TUNING,MOTORS,0,0,0,0,90.0,,,,,,,
1409,TUNING,MOTORS,0,0,0,0,90.0,,,,,,,
1410,TUNING,MOTORS,0,0,0,0,90.0,,,,,,,
1411,TUNING,MOTORS,0,0,0,0,90.0,,,,,,,
1412,TUNING,MOTORS,0,0,0,0,90.0,,,,,,,
1413,TUNING,MOTORS,0,0,0,0,90.0,,,,,,,
1414,TUNING,MOTORS,0,0,0,0,90.0,,,,,,,
1416,TUNING,MOTORS,0,0,0,0,90.0,,,,,,,
1417,TUNING,MOTORS,0,0,0,0,90.0,,,,,,,
1418,TUNING,MOTORS,0,0,0,0,90.0,,,,,,,
1420,TUNING,MOTORS,0,0,0,0,90.0,,,,,,,
1421,TUNING,MOTORS,0,0,0,0,90.0,,,,,,,
1422,TUNING,MOTORS,0,0,0,0,90.0,,,,,,,
1423,TUNING,MOTORS,0,0,0,0,90.0,,,,,,,
1424,TUNING,MOTORS,0,0,0,0,90.0,,,,,,,
1425,TUNING,MOTORS,0,0,0,0,90.0,,,,,,,
1427,TUNING,MOTORS,0,0,0,0,90.0,,,,,,,
1428,TUNING,MOTORS,0,0,0,0,90.0,,,,,,,
1429,TUNING,MOTORS,0,0,0,0,90.0,,,,,,,
1430,TUNING,MOTORS,0,0,0,0,90.0,,,,,,,
1431,TUNING,MOTORS,0,0,0,0,90.0,,,,,,,
1432,TUNING,MOTORS,0,0,0,0,90.0,,,,,,,
1434,TUNING,MOTORS,0,0,0,0,90.0,,,,,,,
1435,TUNING,MOTORS,0,0,0,0,90.0,,,,,,,
1436,TUNING,MOTORS,0,0,0,0,90.0,,,,,,,
1437,TUNING,MOTORS,0,0,0,0,90.0,,,,,,,
1438,TUNING,MOTORS,0,0,0,0,90.0,,,,,,,
1439,TUNING,MOTORS,0,0,0,0,90.0,,,,,,,
1440,TUNING,MOTORS,0,0,0,0,90.0,,,,,,,
1441,TUNING,MOTORS,0,0,0,0,90.0,,,,,,,
1443,TUNING,MOTORS,0,0,0,0,90.0,,,,,,,
1444,TUNING,MOTORS,0,0,0,0,90.0,,,,,,,
1445,TUNING,MOTORS,0,0,0,0,90.0,,,,,,,
1446,TUNING,MOTORS,0,0,0,0,90.0,,,,,,,
1447,TUNING,MOTORS,0,0,0,0,90.0,,,,,,,
1448,TUNING,MOTORS,0,0,0,0,90.0,,,,,,,
1449,TUNING,MOTORS,0,0,0,0,90.0,,,,,,,
1451,TUNING,MOTORS,0,0,0,0,90.0,,,,,,,
1452,TUNING,MOTORS,0,0,0,0,90.0,,,,,,,
1453,TUNING,MOTORS,0,0,0,0,90.0,,,,,,,
1454,TUNING,MOTORS,0,0,0,0,90.0,,,,,,,
1455,TUNING,MOTORS,0,0,0,0,90.0,,,,,,,
1456,TUNING,MOTORS,0,0,0,0,90.0,,,,,,,
1457,TUNING,MOTORS,0,0,0,0,90.0,,,,,,,
1459,TUNING,MOTORS,0,0,0,0,90.0,,,,,,,
1460,TUNING,MOTORS,0,0,0,0,90.0,,,,,,,
1461,TUNING,MOTORS,0,0,0,0,90.0,,,,,,,
1462,TUNING,MOTORS,0,0,0,0,90.0,,,,,,,
1463,TUNING,MOTORS,0,0,0,0,90.0,,,,,,,
1464,TUNING,MOTORS,0,0,0,0,90.0,,,,,,,
1465,TUNING,MOTORS,0,0,0,0,90.0,,,,,,,
1466,TUNING,MOTORS,0,0,0,0,90.0,,,,,,,
1468,TUNING,MOTORS,0,0,0,0,90.0,,,,,,,
1469,TUNING,MOTORS,0,0,0,0,90.0,,,,,,,
1470,TUNING,MOTORS,0,0,0,0,90.0,,,,,,,
1471,TUNING,MOTORS,0,0,0,0,90.0,,,,,,,
1473,TUNING,MOTORS,0,0,0,0,90.0,,,,,,,
1474,TUNING,MOTORS,0,0,0,0,90.0,,,,,,,
1475,TUNING,MOTORS,0,0,0,0,90.0,,,,,,,
1476,TUNING,MOTORS,0,0,0,0,90.0,,,,,,,
1477,TUNING,MOTORS,0,0,0,0,90.0,,,,,,,
1478,TUNING,MOTORS,0,0,0,0,90.0,,,,,,,
1480,TUNING,MOTORS,0,0,0,0,90.0,,,,,,,
1481,TUNING,MOTORS,0,0,0,0,90.0,,,,,,,
1482,TUNING,MOTORS,0,0,0,0,90.0,,,,,,,
1483,TUNING,MOTORS,0,0,0,0,90.0,,,,,,,
1484,TUNING,MOTORS,0,0,0,0,90.0,,,,,,,
1485,TUNING,MOTORS,0,0,0,0,90.0,,,,,,,
1486,TUNING,MOTORS,0,0,0,0,90.0,,,,,,,
1488,TUNING,MOTORS,0,0,0,0,90.0,,,,,,,
1489,TUNING,MOTORS,0,0,0,0,90.0,,,,,,,
1490,TUNING,MOTORS,0,0,0,0,90.0,,,,,,,
1491,TUNING,MOTORS,0,0,0,0,90.0,,,,,,,
1492,TUNING,MOTORS,0,0,0,0,90.0,,,,,,,
1493,TUNING,MOTORS,0,0,0,0,90.0,,,,,,,
1495,TUNING,MOTORS,0,0,0,0,90.0,,,,,,,
1496,TUNING,MOTORS,0,0,0,0,90.0,,,,,,,
1497,TUNING,MOTORS,0,0,0,0,90.0,,,,,,,
1498,TUNING,MOTORS,0,0,0,0,90.0,,,,,,,
1499,TUNING,MOTORS,0,0,0,0,90.0,,,,,,,
1500,TUNING,MOTORS,0,0,0,0,90.0,,,,,,,
1502,TUNING,MOTORS,0,0,0,0,90.0,,,,,,,
1503,TUNING,TUNE_SAMPLE,0,,,,,0,0,196.66,196.00,90.0,,
1503,TUNING,MOTORS,0,0,0,0,90.0,,,,,,,
1504,TUNING,MOTORS,0,0,0,0,90.0,,,,,,,
1505,TUNING,MOTORS,0,0,0,0,90.0,,,,,,,
1506,TUNING,MOTORS,0,0,0,0,90.0,,,,,,,
1508,TUNING,MOTORS,0,0,0,0,90.0,,,,,,,
1509,TUNING,MOTORS,0,0,0,0,90.0,,,,,,,
1510,TUNING,MOTORS,0,0,0,0,90.0,,,,,,,
1511,TUNING,MOTORS,0,0,0,0,90.0,,,,,,,
1512,TUNING,MOTORS,0,0,0,0,90.0,,,,,,,
1513,TUNING,MOTORS,0,0,0,0,90.0,,,,,,,
1514,TUNING,MOTORS,0,0,0,0,90.0,,,,,,,
1516,TUNING,MOTORS,0,0,0,0,90.0,,,,,,,
1517,TUNING,MOTORS,0,0,0,0,90.0,,,,,,,
1518,TUNING,MOTORS,0,0,0,0,90.0,,,,,,,
1519,TUNING,MOTORS,0,0,0,0,90.0,,,,,,,
1520,TUNING,MOTORS,0,0,0,0,90.0,,,,,,,
1521,TUNING,MOTORS,0,0,0,0,90.0,,,,,,,
1523,TUNING,MOTORS,0,0,0,0,90.0,,,,,,,
1524,TUNING,MOTORS,0,0,0,0,90.0,,,,,,,
1525,TUNING,MOTORS,0,0,0,0,90.0,,,,,,,
1526,TUNING,MOTORS,0,0,0,0,90.0,,,,,,,
1527,TUNING,MOTORS,0,0,0,0,90.0,,,,,,,
1528,TUNING,MOTORS,0,0,0,0,90.0,,,,,,,
1529,TUNING,MOTORS,0,0,0,0,90.0,,,,,,,
1531,TUNING,MOTORS,0,0,0,0,90.0,,,,,,,
1532,TUNING,MOTORS,0,0,0,0,90.0,,,,,,,
1533,TUNING,MOTORS,0,0,0,0,90.0,,,,,,,
1534,TUNING,MOTORS,0,0,0,0,90.0,,,,,,,
1535,TUNING,MOTORS,0,0,0,0,90.0,,,,,,,
1536,TUNING,MOTORS,0,0,0,0,90.0,,,,,,,
1538,TUNING,MOTORS,0,0,0,0,90.0,,,,,,,
1539,TUNING,MOTORS,0,0,0,0,90.0,,,,,,,
1540,TUNING,MOTORS,0,0,0,0,90.0,,,,,,,
1541,TUNING,MOTORS,0,0,0,0,90.0,,,,,,,
1542,TUNING,MOTORS,0,0,0,0,90.0,,,,,,,
1543,TUNING,MOTORS,0,0,0,0,90.0,,,,,,,
1544,TUNING,MOTORS,0,0,0,0,90.0,,,,,,,
1546,TUNING,MOTORS,0,0,0,0,90.0,,,,,,,
1547,TUNING,MOTORS,0,0,0,0,90.0,,,,,,,
1548,TUNING,MOTORS,0,0,0,0,90.0,,,,,,,
1549,TUNING,MOTORS,0,0,0,0,90.0,,,,,,,
1550,TUNING,MOTORS,0,0,0,0,90.0,,,,,,,
1551,TUNING,MOTORS,0,0,0,0,90.0,,,,,,,
1553,TUNING,MOTORS,0,0,0,0,90.0,,,,,,,
1554,TUNING,MOTORS,0,0,0,0,90.0,,,,,,,
1555,TUNING,MOTORS,0,0,0,0,90.0,,,,,,,
1556,TUNING,MOTORS,0,0,0,0,90.0,,,,,,,
1557,TUNING,MOTORS,0,0,0,0,90.0,,,,,,,
1558,TUNING,MOTORS,0,0,0,0,90.0,,,,,,,
1559,TUNING,MOTORS,0,0,0,0,90.0,,,,,,,
1560,TUNING,MOTORS,0,0,0,0,90.0,,,,,,,
1562,TUNING,MOTORS,0,0,0,0,90.0,,,,,,,
1563,TUNING,MOTORS,0,0,0,0,90.0,,,,,,,
1564,TUNING,MOTORS,0,0,0,0,90.0,,,,,,,
1565,TUNING,MOTORS,0,0,0,0,90.0,,,,,,,
1566,TUNING,MOTORS,0,0,0,0,90.0,,,,,,,
1567,TUNING,MOTORS,0,0,0,0,90.0,,,,,,,
1569,TUNING,MOTORS,0,0,0,0,90.0,,,,,,,
1570,TUNING,MOTORS,0,0,0,0,90.0,,,,,,,
1571,TUNING,MOTORS,0,0,0,0,90.0,,,,,,,
1572,TUNING,MOTORS,0,0,0,0,90.0,,,,,,,
1573,TUNING,MOTORS,0,0,0,0,90.0,,,,,,,
1574,TUNING,MOTORS,0,0,0,0,90.0,,,,,,,
1575,TUNING,MOTORS,0,0,0,0,90.0,,,,,,,
1576,TUNING,MOTORS,0,0,0,0,90.0,,,,,,,
1578,TUNING,MOTORS,0,0,0,0,90.0,,,,,,,
1579,TUNING,MOTORS,0,0,0,0,90.0,,,,,,,
1580,TUNING,MOTORS,0,0,0,0,90.0,,,,,,,
1581,TUNING,MOTORS,0,0,0,0,90.0,,,,,,,
1582,TUNING,MOTORS,0,0,0,0,90.0,,,,,,,
1584,TUNING,MOTORS,0,0,0,0,90.0,,,,,,,
1585,TUNING,MOTORS,0,0,0,0,90.0,,,,,,,
1586,TUNING,MOTORS,0,0,0,0,90.0,,,,,,,
1587,TUNING,MOTORS,0,0,0,0,90.0,,,,,,,
1588,TUNING,MOTORS,0,0,0,0,90.0,,,,,,,
1589,TUNING,MOTORS,0,0,0,0,90.0,,,,,,,
1590,TUNING,MOTORS,0,0,0,0,90.0,,,,,,,
1592,TUNING,MOTORS,0,0,0,0,90.0,,,,,,,
1593,TUNING,MOTORS,0,0,0,0,90.0,,,,,,,
1594,TUNING,MOTORS,0,0,0,0,90.0,,,,,,,
1595,TUNING,MOTORS,0,0,0,0,90.0,,,,,,,
1596,TUNING,MOTORS,0,0,0,0,90.0,,,,,,,
1597,TUNING,MOTORS,0,0,0,0,90.0,,,,,,,
1598,TUNING,MOTORS,0,0,0,0,90.0,,,,,,,
1599,TUNING,MOTORS,0,0,0,0,90.0,,,,,,,
1601,TUNING,MOTORS,0,0,0,0,90.0,,,,,,,
1602,TUNING,MOTORS,0,0,0,0,90.0,,,,,,,
1603,TUNING,MOTORS,0,0,0,0,90.0,,,,,,,
1604,TUNING,MOTORS,0,0,0,0,90.0,,,,,,,
1605,TUNING,MOTORS,0,0,0,0,90.0,,,,,,,
1606,TUNING,MOTORS,0,0,0,0,90.0,,,,,,,
1607,TUNING,MOTORS,0,0,0,0,90.0,,,,,,,
1608,TUNING,MOTORS,0,0,0,0,90.0,,,,,,,
1609,TUNING,MOTORS,0,0,0,0,90.0,,,,,,,
1611,TUNING,MOTORS,0,0,0,0,90.0,,,,,,,
1612,TUNING,MOTORS,0,0,0,0,90.0,,,,,,,
1613,TUNING,MOTORS,0,0,0,0,90.0,,,,,,,
1614,TUNING,MOTORS,0,0,0,0,90.0,,,,,,,
1615,TUNING,MOTORS,0,0,0,0,90.0,,,,,,,
1616,TUNING,MOTORS,0,0,0,0,90.0,,,,,,,
1618,TUNING,MOTORS,0,0,0,0,90.0,,,,,,,
1619,TUNING,MOTORS,0,0,0,0,90.0,,,,,,,
1620,TUNING,MOTORS,0,0,0,0,90.0,,,,,,,
1621,TUNING,MOTORS,0,0,0,0,90.0,,,,,,,
1622,TUNING,MOTORS,0,0,0,0,90.0,,,,,,,
1623,TUNING,MOTORS,0,0,0,0,90.0,,,,,,,
1624,TUNING,MOTORS,0,0,0,0,90.0,,,,,,,
1625,TUNING,MOTORS,0,0,0,0,90.0,,,,,,,
1627,TUNING,MOTORS,0,0,0,0,90.0,,,,,,,
1628,TUNING,MOTORS,0,0,0,0,90.0,,,,,,,
1629,TUNING,MOTORS,0,0,0,0,90.0,,,,,,,
1630,TUNING,MOTORS,0,0,0,0,90.0,,,,,,,
1631,TUNING,MOTORS,0,0,0,0,90.0,,,,,,,
1632,TUNING,MOTORS,0,0,0,0,90.0,,,,,,,
1634,TUNING,MOTORS,0,0,0,0,90.0,,,,,,,
1635,TUNING,MOTORS,0,0,0,0,90.0,,,,,,,
1636,TUNING,MOTORS,0,0,0,0,90.0,,,,,,,
1637,TUNING,MOTORS,0,0,0,0,90.0,,,,,,,
1638,TUNING,MOTORS,0,0,0,0,90.0,,,,,,,
1639,TUNING,MOTORS,0,0,0,0,90.0,,,,,,,
1640,TUNING,MOTORS,0,0,0,0,90.0,,,,,,,
1641,TUNING,MOTORS,0,0,0,0,90.0,,,,,,,
1643,TUNING,MOTORS,0,0,0,0,90.0,,,,,,,
1644,TUNING,MOTORS,0,0,0,0,90.0,,,,,,,
1645,TUNING,MOTORS,0,0,0,0,90.0,,,,,,,
1646,TUNING,MOTORS,0,0,0,0,90.0,,,,,,,
1647,TUNING,MOTORS,0,0,0,0,90.0,,,,,,,
1648,TUNING,MOTORS,0,0,0,0,90.0,,,,,,,
1649,TUNING,MOTORS,0,0,0,0,90.0,,,,,,,
1651,TUNING,MOTORS,0,0,0,0,90.0,,,,,,,
1652,TUNING,MOTORS,0,0,0,0,90.0,,,,,,,
1653,TUNING,MOTORS,0,0,0,0,90.0,,,,,,,
1654,TUNING,MOTORS,0,0,0,0,90.0,,,,,,,
1655,TUNING,MOTORS,0,0,0,0,90.0,,,,,,,
1656,TUNING,MOTORS,0,0,0,0,90.0,,,,,,,
1657,TUNING,MOTORS,0,0,0,0,90.0,,,,,,,
1658,TUNING,MOTORS,0,0,0,0,90.0,,,,,,,
1660,TUNING,MOTORS,0,0,0,0,90.0,,,,,,,
1661,TUNING,MOTORS,0,0,0,0,90.0,,,,,,,
1662,TUNING,MOTORS,0,0,0,0,90.0,,,,,,,
1663,TUNING,MOTORS,0,0,0,0,90.0,,,,,,,
1664,TUNING,MOTORS,0,0,0,0,90.0,,,,,,,
1665,TUNING,MOTORS,0,0,0,0,90.0,,,,,,,
1666,TUNING,MOTORS,0,0,0,0,90.0,,,,,,,
1667,TUNING,MOTORS,0,0,0,0,90.0,,,,,,,
1669,TUNING,MOTORS,0,0,0,0,90.0,,,,,,,
1670,TUNING,MOTORS,0,0,0,0,90.0,,,,,,,
1671,TUNING,MOTORS,0,0,0,0,90.0,,,,,,,
1672,TUNING,MOTORS,0,0,0,0,90.0,,,,,,,
1673,TUNING,MOTORS,0,0,0,0,90.0,,,,,,,
1674,TUNING,MOTORS,0,0,0,0,90.0,,,,,,,
1675,TUNING,MOTORS,0,0,0,0,90.0,,,,,,,
1677,TUNING,MOTORS,0,0,0,0,90.0,,,,,,,
1678,TUNING,MOTORS,0,0,0,0,90.0,,,,,,,
1679,TUNING,MOTORS,0,0,0,0,90.0,,,,,,,
1680,TUNING,MOTORS,0,0,0,0,90.0,,,,,,,
1681,TUNING,MOTORS,0,0,0,0,90.0,,,,,,,
1682,TUNING,MOTORS,0,0,0,0,90.0,,,,,,,
1683,TUNING,MOTORS,0,0,0,0,90.0,,,,,,,
1684,TUNING,MOTORS,0,0,0,0,90.0,,,,,,,
1686,TUNING,MOTORS,0,0,0,0,90.0,,,,,,,
1687,TUNING,MOTORS,0,0,0,0,90.0,,,,,,,
1688,TUNING,MOTORS,0,0,0,0,90.0,,,,,,,
1689,TUNING,MOTORS,0,0,0,0,90.0,,,,,,,
1690,TUNING,MOTORS,0,0,0,0,90.0,,,,,,,
1691,TUNING,MOTORS,0,0,0,0,90.0,,,,,,,
1692,TUNING,MOTORS,0,0,0,0,90.0,,,,,,,
1693,TUNING,MOTORS,0,0,0,0,90.0,,,,,,,
1694,TUNING,MOTORS,0,0,0,0,90.0,,,,,,,
1696,TUNING,MOTORS,0,0,0,0,90.0,,,,,,,
1697,TUNING,MOTORS,0,0,0,0,90.0,,,,,,,
1698,TUNING,MOTORS,0,0,0,0,90.0,,,,,,,
1699,TUNING,MOTORS,0,0,0,0,90.0,,,,,,,
1700,TUNING,MOTORS,0,0,0,0,90.0,,,,,,,
1701,TUNING,MOTORS,0,0,0,0,90.0,,,,,,,
1702,TUNING,MOTORS,0,0,0,0,90.0,,,,,,,
1703,TUNING,MOTORS,0,0,0,0,90.0,,,,,,,
1705,TUNING,MOTORS,0,0,0,0,90.0,,,,,,,
1706,TUNING,MOTORS,0,0,0,0,90.0,,,,,,,
1707,TUNING,MOTORS,0,0,0,0,90.0,,,,,,,
1708,TUNING,MOTORS,0,0,0,0,90.0,,,,,,,
1709,TUNING,MOTORS,0,0,0,0,90.0,,,,,,,
1710,TUNING,TUNE_SAMPLE,0,,,,,1,0,247.62,246.90,90.0,,
1710,TUNING,MOTORS,0,0,0,0,90.0,,,,,,,
1711,TUNING,MOTORS,0,0,0,0,90.0,,,,,,,
1713,TUNING,MOTORS,0,0,0,0,90.0,,,,,,,
1714,TUNING,MOTORS,0,0,0,0,90.0,,,,,,,
1715,TUNING,MOTORS,0,0,0,0,90.0,,,,,,,
1716,TUNING,MOTORS,0,0,0,0,90.0,,,,,,,
1717,TUNING,MOTORS,0,0,0,0,90.0,,,,,,,
1718,TUNING,MOTORS,0,0,0,0,90.0,,,,,,,
1719,TUNING,MOTORS,0,0,0,0,90.0,,,,,,,
1721,TUNING,MOTORS,0,0,0,0,90.0,,,,,,,
1722,TUNING,MOTORS,0,0,0,0,90.0,,,,,,,
1723,TUNING,MOTORS,0,0,0,0,90.0,,,,,,,
1724,TUNING,MOTORS,0,0,0,0,90.0,,,,,,,
1725,TUNING,MOTORS,0,0,0,0,90.0,,,,,,,
1726,TUNING,MOTORS,0,0,0,0,90.0,,,,,,,
1728,TUNING,MOTORS,0,0,0,0,90.0,,,,,,,
1729,TUNING,MOTORS,0,0,0,0,90.0,,,,,,,
1730,TUNING,MOTORS,0,0,0,0,90.0,,,,,,,
1731,TUNING,MOTORS,0,0,0,0,90.0,,,,,,,
1732,TUNING,MOTORS,0,0,0,0,90.0,,,,,,,
1733,TUNING,MOTORS,0,0,0,0,90.0,,,,,,,
1734,TUNING,MOTORS,0,0,0,0,90.0,,,,,,,
1735,TUNING,MOTORS,0,0,0,0,90.0,,,,,,,
1737,TUNING,MOTORS,0,0,0,0,90.0,,,,,,,
1738,TUNING,MOTORS,0,0,0,0,90.0,,,,,,,
1739,TUNING,MOTORS,0,0,0,0,90.0,,,,,,,
1740,TUNING,MOTORS,0,0,0,0,90.0,,,,,,,
1741,TUNING,MOTORS,0,0,0,0,90.0,,,,,,,
1742,TUNING,MOTORS,0,0,0,0,90.0,,,,,,,
1743,TUNING,MOTORS,0,0,0,0,90.0,,,,,,,
1744,TUNING,MOTORS,0,0,0,0,90.0,,,,,,,
1746,TUNING,MOTORS,0,0,0,0,90.0,,,,,,,
1747,TUNING,MOTORS,0,0,0,0,90.0,,,,,,,
1748,TUNING,MOTORS,0,0,0,0,90.0,,,,,,,
1749,TUNING,MOTORS,0,0,0,0,90.0,,,,,,,
1750,TUNING,MOTORS,0,0,0,0,90.0,,,,,,,
1751,TUNING,MOTORS,0,0,0,0,90.0,,,,,,,
1752,TUNING,MOTORS,0,0,0,0,90.0,,,,,,,
1754,TUNING,MOTORS,0,0,0,0,90.0,,,,,,,
1755,TUNING,MOTORS,0,0,0,0,90.0,,,,,,,
1756,TUNING,MOTORS,0,0,0,0,90.0,,,,,,,
1757,TUNING,MOTORS,0,0,0,0,90.0,,,,,,,
1758,TUNING,MOTORS,0,0,0,0,90.0,,,,,,,
1759,TUNING,MOTORS,0,0,0,0,90.0,,,,,,,
1760,TUNING,MOTORS,0,0,0,0,90.0,,,,,,,
1761,TUNING,MOTORS,0,0,0,0,90.0,,,,,,,
1763,TUNING,MOTORS,0,0,0,0,90.0,,,,,,,
1764,TUNING,MOTORS,0,0,0,0,90.0,,,,,,,
1765,TUNING,MOTORS,0,0,0,0,90.0,,,,,,,
1766,TUNING,MOTORS,0,0,0,0,90.0,,,,,,,
1767,TUNING,MOTORS,0,0,0,0,90.0,,,,,,,
1768,TUNING,MOTORS,0,0,0,0,90.0,,,,,,,
1769,TUNING,MOTORS,0,0,0,0,90.0,,,,,,,
1770,TUNING,MOTORS,0,0,0,0,90.0,,,,,,,
1772,TUNING,MOTORS,0,0,0,0,90.0,,,,,,,
1773,TUNING,MOTORS,0,0,0,0,90.0,,,,,,,
1774,TUNING,MOTORS,0,0,0,0,90.0,,,,,,,
1775,TUNING,MOTORS,0,0,0,0,90.0,,,,,,,
1776,TUNING,MOTORS,0,0,0,0,90.0,,,,,,,
1777,TUNING,MOTORS,0,0,0,0,90.0,,,,,,,
1778,TUNING,MOTORS,0,0,0,0,90.0,,,,,,,
1780,TUNING,MOTORS,0,0,0,0,90.0,,,,,,,
1781,TUNING,MOTORS,0,0,0,0,90.0,,,,,,,
1782,TUNING,MOTORS,0,0,0,0,90.0,,,,,,,
1783,TUNING,MOTORS,0,0,0,0,90.0,,,,,,,
1784,TUNING,MOTORS,0,0,0,0,90.0,,,,,,,
1785,TUNING,MOTORS,0,0,0,0,90.0,,,,,,,
1786,TUNING,MOTORS,0,0,0,0,90.0,,,,,,,
1787,TUNING,MOTORS,0,0,0,0,90.0,,,,,,,
1788,TUNING,MOTORS,0,0,0,0,90.0,,,,,,,
1790,TUNING,MOTORS,0,0,0,0,90.0,,,,,,,
1791,TUNING,MOTORS,0,0,0,0,90.0,,,,,,,
1792,TUNING,MOTORS,0,0,0,0,90.0,,,,,,,
1793,TUNING,MOTORS,0,0,0,0,90.0,,,,,,,
1794,TUNING,MOTORS,0,0,0,0,90.0,,,,,,,
1795,TUNING,MOTORS,0,0,0,0,90.0,,,,,,,
1796,TUNING,MOTORS,0,0,0,0,90.0,,,,,,,
1798,TUNING,MOTORS,0,0,0,0,90.0,,,,,,,
1799,TUNING,MOTORS,0,0,0,0,90.0,,,,,,,
1800,TUNING,MOTORS,0,0,0,0,90.0,,,,,,,
1801,TUNING,MOTORS,0,0,0,0,90.0,,,,,,,
1802,TUNING,MOTORS,0,0,0,0,90.0,,,,,,,
1803,TUNING,MOTORS,0,0,0,0,90.0,,,,,,,
1804,TUNING,MOTORS,0,0,0,0,90.0,,,,,,,
1806,TUNING,MOTORS,0,0,0,0,90.0,,,,,,,
1807,TUNING,MOTORS,0,0,0,0,90.0,,,,,,,
1808,TUNING,MOTORS,0,0,0,0,90.0,,,,,,,
1809,TUNING,MOTORS,0,0,0,0,90.0,,,,,,,
1810,TUNING,MOTORS,0,0,0,0,90.0,,,,,,,
1811,TUNING,MOTORS,0,0,0,0,90.0,,,,,,,
1812,TUNING,MOTORS,0,0,0,0,90.0,,,,,,,
1814,TUNING,MOTORS,0,0,0,0,90.0,,,,,,,
1815,TUNING,MOTORS,0,0,0,0,90.0,,,,,,,
1816,TUNING,MOTORS,0,0,0,0,90.0,,,,,,,
1817,TUNING,MOTORS,0,0,0,0,90.0,,,,,,,
1818,TUNING,MOTORS,0,0,0,0,90.0,,,,,,,
1819,TUNING,MOTORS,0,0,0,0,90.0,,,,,,,
1820,TUNING,MOTORS,0,0,0,0,90.0,,,,,,,
1821,TUNING,MOTORS,0,0,0,0,90.0,,,,,,,
1823,TUNING,MOTORS,0,0,0,0,90.0,,,,,,,
1824,TUNING,MOTORS,0,0,0,0,90.0,,,,,,,
1825,TUNING,MOTORS,0,0,0,0,90.0,,,,,,,
1826,TUNING,MOTORS,0,0,0,0,90.0,,,,,,,
1827,TUNING,MOTORS,0,0,0,0,90.0,,,,,,,
1828,TUNING,MOTORS,0,0,0,0,90.0,,,,,,,
1829,TUNING,MOTORS,0,0,0,0,90.0,,,,,,,
1830,TUNING,MOTORS,0,0,0,0,90.0,,,,,,,
1832,TUNING,MOTORS,0,0,0,0,90.0,,,,,,,
1833,TUNING,MOTORS,0,0,0,0,90.0,,,,,,,
1834,TUNING,MOTORS,0,0,0,0,90.0,,,,,,,
1835,TUNING,MOTORS,0,0,0,0,90.0,,,,,,,
1836,TUNING,MOTORS,0,0,0,0,90.0,,,,,,,
1837,TUNING,MOTORS,0,0,0,0,90.0,,,,,,,
1838,TUNING,MOTORS,0,0,0,0,90.0,,,,,,,
1839,TUNING,MOTORS,0,0,0,0,90.0,,,,,,,
1841,TUNING,MOTORS,0,0,0,0,90.0,,,,,,,
1842,TUNING,MOTORS,0,0,0,0,90.0,,,,,,,
1843,TUNING,MOTORS,0,0,0,0,90.0,,,,,,,
1844,TUNING,MOTORS,0,0,0,0,90.0,,,,,,,
1845,TUNING,MOTORS,0,0,0,0,90.0,,,,,,,
1846,TUNING,MOTORS,0,0,0,0,90.0,,,,,,,
1847,TUNING,MOTORS,0,0,0,0,90.0,,,,,,,
1849,TUNING,MOTORS,0,0,0,0,90.0,,,,,,,
1850,TUNING,MOTORS,0,0,0,0,90.0,,,,,,,
1851,TUNING,MOTORS,0,0,0,0,90.0,,,,,,,
1852,TUNING,MOTORS,0,0,0,0,90.0,,,,,,,
1853,TUNING,MOTORS,0,0,0,0,90.0,,,,,,,
1854,TUNING,MOTORS,0,0,0,0,90.0,,,,,,,
1855,TUNING,MOTORS,0,0,0,0,90.0,,,,,,,
1856,TUNING,MOTORS,0,0,0,0,90.0,,,,,,,
1858,TUNING,MOTORS,0,0,0,0,90.0,,,,,,,
1859,TUNING,MOTORS,0,0,0,0,90.0,,,,,,,
1860,TUNING,MOTORS,0,0,0,0,90.0,,,,,,,
1861,TUNING,MOTORS,0,0,0,0,90.0,,,,,,,
1862,TUNING,MOTORS,0,0,0,0,90.0,,,,,,,
1863,TUNING,MOTORS,0,0,0,0,90.0,,,,,,,
1864,TUNING,MOTORS,0,0,0,0,90.0,,,,,,,
1866,TUNING,MOTORS,0,0,0,0,90.0,,,,,,,
1867,TUNING,MOTORS,0,0,0,0,90.0,,,,,,,
1868,TUNING,MOTORS,0,0,0,0,90.0,,,,,,,
1869,TUNING,MOTORS,0,0,0,0,90.0,,,,,,,
1870,TUNING,MOTORS,0,0,0,0,90.0,,,,,,,
1871,TUNING,MOTORS,0,0,0,0,90.0,,,,,,,
1872,TUNING,MOTORS,0,0,0,0,90.0,,,,,,,
1874,TUNING,MOTORS,0,0,0,0,90.0,,,,,,,
1875,TUNING,MOTORS,0,0,0,0,90.0,,,,,,,
1876,TUNING,MOTORS,0,0,0,0,90.0,,,,,,,
1877,TUNING,MOTORS,0,0,0,0,90.0,,,,,,,
1878,TUNING,MOTORS,0,0,0,0,90.0,,,,,,,
1879,TUNING,MOTORS,0,0,0,0,90.0,,,,,,,
1880,TUNING,MOTORS,0,0,0,0,90.0,,,,,,,
1881,TUNING,MOTORS,0,0,0,0,90.0,,,,,,,
1883,TUNING,MOTORS,0,0,0,0,90.0,,,,,,,
1884,TUNING,MOTORS,0,0,0,0,90.0,,,,,,,
1885,TUNING,MOTORS,0,0,0,0,90.0,,,,,,,
1886,TUNING,MOTORS,0,0,0,0,90.0,,,,,,,
1887,TUNING,MOTORS,0,0,0,0,90.0,,,,,,,
1888,TUNING,MOTORS,0,0,0,0,90.0,,,,,,,
1889,TUNING,MOTORS,0,0,0,0,90.0,,,,,,,
1890,TUNING,MOTORS,0,0,0,0,90.0,,,,,,,
1892,TUNING,MOTORS,0,0,0,0,90.0,,,,,,,
1893,TUNING,MOTORS,0,0,0,0,90.0,,,,,,,
1894,TUNING,MOTORS,0,0,0,0,90.0,,,,,,,
1895,TUNING,MOTORS,0,0,0,0,90.0,,,,,,,
1896,TUNING,MOTORS,0,0,0,0,90.0,,,,,,,
1897,TUNING,MOTORS,0,0,0,0,90.0,,,,,,,
1898,TUNING,MOTORS,0,0,0,0,90.0,,,,,,,
1900,TUNING,MOTORS,0,0,0,0,90.0,,,,,,,
1901,TUNING,MOTORS,0,0,0,0,90.0,,,,,,,
1902,TUNING,MOTORS,0,0,0,0,90.0,,,,,,,
1903,TUNING,MOTORS,0,0,0,0,90.0,,,,,,,
1904,TUNING,MOTORS,0,0,0,0,90.0,,,,,,,
1905,TUNING,MOTORS,0,0,0,0,90.0,,,,,,,
1906,TUNING,MOTORS,0,0,0,0,90.0,,,,,,,
1907,TUNING,MOTORS,0,0,0,0,90.0,,,,,,,
1908,TUNING,MOTORS,0,0,0,0,90.0,,,,,,,
1910,TUNING,MOTORS,0,0,0,0,90.0,,,,,,,
1911,TUNING,MOTORS,0,0,0,0,90.0,,,,,,,
1912,TUNING,MOTORS,0,0,0,0,90.0,,,,,,,
1913,TUNING,MOTORS,0,0,0,0,90.0,,,,,,,
1914,TUNING,MOTORS,0,0,0,0,90.0,,,,,,,
1916,TUNING,MOTORS,0,0,0,0,90.0,,,,,,,
1917,TUNING,TUNE_SAMPLE,0,,,,,2,0,294.24,293.70,90.0,,
1917,TUNING,MOTORS,0,0,0,0,90.0,,,,,,,
1918,TUNING,MOTORS,0,0,0,0,90.0,,,,,,,
1919,IDLE,DONE,0,,,,,,,,,,
3908,PERFORMING,BTN_PERFORM,0,,,,,,,,,,
3908,PERFORMING,MOTORS,0,0,0,0,90.0,,,,,,,
3909,PERFORMING,MOTORS,0,0,0,0,90.0,,,,,,,
3910,IDLE,DONE,0,,,,,,,,,,
3911,IDLE,DONE,0,,,,,,,,,,
7032,COMPOSING,BTN_COMPOSE,0,,,,,,,,,,
7102,PERFORMING,DONE,0,,,,,,,,,,
7102,PERFORMING,MOTORS,0,0,0,0,90.0,,,,,,,
7103,PERFORMING,MOTORS,0,0,0,0,90.0,,,,,,,
7104,PERFORMING,MOTORS,0,2,0,0,90.0,,,,,,,
7106,PERFORMING,MOTORS,0,6,0,0,90.0,,,,,,,
7107,PERFORMING,MOTORS,0,8,0,0,90.0,,,,,,,
7108,PERFORMING,MOTORS,0,10,0,0,90.0,,,,,,,
7109,PERFORMING,MOTORS,0,12,0,0,90.0,,,,,,,
7110,PERFORMING,MOTORS,0,14,0,0,90.0,,,,,,,
7111,PERFORMING,MOTORS,0,16,0,0,90.0,,,,,,,
7112,PERFORMING,MOTORS,0,18,0,0,90.0,,,,,,,
7113,PERFORMING,MOTORS,0,20,0,0,90.0,,,,,,,
7115,PERFORMING,MOTORS,0,24,0,0,90.0,,,,,,,
7116,PERFORMING,MOTORS,0,26,0,0,90.0,,,,,,,
7117,PERFORMING,MOTORS,0,28,0,0,90.0,,,,,,,
7118,PERFORMING,MOTORS,0,30,0,0,90.0,,,,,,,
7119,PERFORMING,MOTORS,0,32,0,0,90.0,,,,,,,
7120,PERFORMING,MOTORS,0,34,0,0,90.0,,,,,,,
7121,PERFORMING,MOTORS,0,36,0,0,90.0,,,,,,,
7123,PERFORMING,MOTORS,0,40,0,0,90.0,,,,,,,
7124,PERFORMING,MOTORS,0,42,0,0,90.0,,,,,,,
7125,PERFORMING,MOTORS,0,44,0,0,90.0,,,,,,,
7126,PERFORMING,MOTORS,0,46,0,0,90.0,,,,,,,
7127,PERFORMING,MOTORS,0,48,0,0,90.0,,,,,,,
7128,PERFORMING,MOTORS,0,50,0,0,90.0,,,,,,,
7129,PERFORMING,MOTORS,0,52,0,0,90.0,,,,,,,
7131,PERFORMING,MOTORS,0,56,0,0,90.0,,,,,,,
7132,PERFORMING,MOTORS,0,58,0,0,90.0,,,,,,,
7133,PERFORMING,MOTORS,0,60,0,0,90.0,,,,,,,
7134,PERFORMING,MOTORS,0,62,0,0,90.0,,,,,,,
7135,PERFORMING,MOTORS,0,64,0,0,90.0,,,,,,,
7136,PERFORMING,MOTORS,0,66,0,0,90.0,,,,,,,
7137,PERFORMING,MOTORS,0,68,0,0,90.0,,,,,,,
7139,PERFORMING,MOTORS,0,72,0,0,90.0,,,,,,,
7140,PERFORMING,MOTORS,0,74,0,0,90.0,,,,,,,
7141,PERFORMING,MOTORS,0,76,0,0,90.0,,,,,,,
7142,PERFORMING,MOTORS,0,78,0,0,90.0,,,,,,,
7143,PERFORMING,MOTORS,0,80,0,0,90.0,,,,,,,
7144,PERFORMING,MOTORS,0,82,0,0,90.0,,,,,,,
7145,PERFORMING,MOTORS,0,84,0,0,90.0,,,,,,,
7147,PERFORMING,MOTORS,0,88,0,0,90.0,,,,,,,
7148,PERFORMING,MOTORS,0,90,0,0,90.0,,,,,,,
7149,PERFORMING,MOTORS,0,92,0,0,90.0,,,,,,,
7150,PERFORMING,MOTORS,0,94,0,0,90.0,,,,,,,
7151,PERFORMING,MOTORS,0,96,0,0,90.0,,,,,,,
7152,PERFORMING,MOTORS,0,98,0,0,90.0,,,,,,,
7153,PERFORMING,MOTORS,0,100,0,0,90.0,,,,,,,
7154,PERFORMING,MOTORS,0,102,0,0,90.0,,,,,,,
7156,PERFORMING,MOTORS,0,106,0,0,90.0,,,,,,,
7157,PERFORMING,MOTORS,0,108,0,0,90.0,,,,,,,
7158,PERFORMING,MOTORS,0,110,0,0,90.0,,,,,,,
7159,PERFORMING,MOTORS,0,112,0,0,90.0,,,,,,,
7160,PERFORMING,MOTORS,0,114,0,0,90.0,,,,,,,
7161,PERFORMING,MOTORS,0,116,0,0,90.0,,,,,,,
7163,PERFORMING,MOTORS,0,120,0,0,90.0,,,,,,,
7164,PERFORMING,MOTORS,0,122,0,0,90.0,,,,,,,
7165,PERFORMING,MOTORS,0,124,0,0,90.0,,,,,,,
7166,PERFORMING,MOTORS,0,126,0,0,90.0,,,,,,,
7167,PERFORMING,MOTORS,0,128,0,0,90.0,,,,,,,
7168,PERFORMING,MOTORS,0,130,0,0,90.0,,,,,,,
7169,PERFORMING,MOTORS,0,132,0,0,90.0,,,,,,,
7170,PERFORMING,MOTORS,0,134,0,0,90.0,,,,,,,
7172,PERFORMING,MOTORS,0,138,0,0,90.0,,,,,,,
7173,PERFORMING,MOTORS,0,140,0,0,90.0,,,,,,,
7174,PERFORMING,MOTORS,0,142,0,0,90.0,,,,,,,
7175,PERFORMING,MOTORS,0,144,0,0,90.0,,,,,,,
7176,PERFORMING,MOTORS,0,146,0,0,90.0,,,,,,,
7177,PERFORMING,MOTORS,0,148,0,0,90.0,,,,,,,
7178,PERFORMING,MOTORS,0,150,0,0,90.0,,,,,,,
7179,PERFORMING,MOTORS,0,152,0,0,90.0,,,,,,,
7181,PERFORMING,MOTORS,0,156,0,0,90.0,,,,,,,
7182,PERFORMING,MOTORS,0,158,0,0,90.0,,,,,,,
7183,PERFORMING,MOTORS,0,160,0,0,90.0,,,,,,,
7184,PERFORMING,MOTORS,0,162,0,0,90.0,,,,,,,
7185,PERFORMING,MOTORS,0,164,0,0,90.0,,,,,,,
7186,PERFORMING,MOTORS,0,166,0,0,90.0,,,,,,,
7188,PERFORMING,MOTORS,0,170,0,0,90.0,,,,,,,
7189,PERFORMING,MOTORS,0,172,0,0,90.0,,,,,,,
7190,PERFORMING,MOTORS,0,174,0,0,90.0,,,,,,,
7191,PERFORMING,MOTORS,0,176,0,0,90.0,,,,,,,
7192,PERFORMING,MOTORS,0,178,0,0,90.0,,,,,,,
7193,PERFORMING,MOTORS,0,180,0,0,90.0,,,,,,,
7195,PERFORMING,MOTORS,0,184,0,0,90.0,,,,,,,
7196,PERFORMING,MOTORS,0,186,0,0,90.0,,,,,,,
7197,PERFORMING,MOTORS,0,188,0,0,90.0,,,,,,,
7198,PERFORMING,MOTORS,0,190,0,0,90.0,,,,,,,
7199,PERFORMING,MOTORS,0,192,0,0,90.0,,,,,,,
7200,PERFORMING,MOTORS,0,194,0,0,90.0,,,,,,,
7201,PERFORMING,MOTORS,0,196,0,0,90.0,,,,,,,
7203,PERFORMING,MOTORS,0,200,0,0,90.0,,,,,,,
7204,PERFORMING,MOTORS,0,202,0,0,90.0,,,,,,,
7205,PERFORMING,MOTORS,0,204,0,0,90.0,,,,,,,
7206,PERFORMING,MOTORS,0,206,0,0,90.0,,,,,,,
7207,PERFORMING,MOTORS,0,208,0,0,90.0,,,,,,,
7208,PERFORMING,MOTORS,0,210,0,0,90.0,,,,,,,
7209,PERFORMING,MOTORS,0,212,0,0,90.0,,,,,,,
7211,PERFORMING,MOTORS,0,216,0,0,90.0,,,,,,,
7212,PERFORMING,MOTORS,0,218,0,0,90.0,,,,,,,
7213,PERFORMING,MOTORS,0,220,0,0,90.0,,,,,,,
7214,PERFORMING,MOTORS,0,222,0,0,90.0,,,,,,,
7215,PERFORMING,MOTORS,0,224,0,0,90.0,,,,,,,
7216,PERFORMING,MOTORS,0,226,0,0,90.0,,,,,,,
7217,PERFORMING,MOTORS,0,228,0,0,90.0,,,,,,,
7218,PERFORMING,MOTORS,0,230,0,0,90.0,,,,,,,
7219,PERFORMING,MOTORS,0,232,0,0,90.0,,,,,,,
7221,PERFORMING,MOTORS,0,236,0,0,90.0,,,,,,,
7222,PERFORMING,MOTORS,0,238,0,0,90.0,,,,,,,
7223,PERFORMING,MOTORS,0,240,0,0,90.0,,,,,,,
7224,PERFORMING,MOTORS,0,242,0,0,90.0,,,,,,,
7225,PERFORMING,MOTORS,0,244,0,0,90.0,,,,,,,
7226,PERFORMING,MOTORS,0,246,0,0,90.0,,,,,,,
7227,PERFORMING,MOTORS,0,248,0,0,90.0,,,,,,,
7228,PERFORMING,MOTORS,0,250,0,0,90.0,,,,,,,
7230,PERFORMING,MOTORS,0,254,0,0,90.0,,,,,,,
7231,PERFORMING,MOTORS,0,256,0,0,90.0,,,,,,,
7232,PERFORMING,MOTORS,0,258,0,0,90.0,,,,,,,
7233,PERFORMING,MOTORS,0,260,0,0,90.0,,,,,,,
7234,PERFORMING,MOTORS,0,262,0,0,90.0,,,,,,,
7235,PERFORMING,MOTORS,0,264,0,0,90.0,,,,,,,
7236,PERFORMING,MOTORS,0,266,0,0,90.0,,,,,,,
7237,PERFORMING,MOTORS,0,268,0,0,90.0,,,,,,,
7238,PERFORMING,MOTORS,0,270,0,0,90.0,,,,,,,
7240,PERFORMING,MOTORS,0,274,0,0,90.0,,,,,,,
7241,PERFORMING,MOTORS,0,276,0,0,90.0,,,,,,,
7242,PERFORMING,MOTORS,0,278,0,0,90.0,,,,,,,
7243,PERFORMING,MOTORS,0,280,0,0,90.0,,,,,,,
7244,PERFORMING,MOTORS,0,282,0,0,90.0,,,,,,,
7245,PERFORMING,MOTORS,0,284,0,0,90.0,,,,,,,
7246,PERFORMING,MOTORS,0,286,0,0,90.0,,,,,,,
7247,PERFORMING,MOTORS,0,288,0,0,90.0,,,,,,,
7248,PERFORMING,MOTORS,0,290,0,0,90.0,,,,,,,
7250,PERFORMING,MOTORS,0,294,0,0,90.0,,,,,,,
7251,PERFORMING,MOTORS,0,296,0,0,90.0,,,,,,,
7252,PERFORMING,MOTORS,0,298,0,0,90.0,,,,,,,
7253,PERFORMING,MOTORS,0,300,0,0,90.0,,,,,,,
7254,PERFORMING,MOTORS,0,302,0,0,90.0,,,,,,,
7255,PERFORMING,MOTORS,0,304,0,0,90.0,,,,,,,
7256,PERFORMING,MOTORS,0,306,0,0,90.0,,,,,,,
7257,PERFORMING,MOTORS,0,308,0,0,90.0,,,,,,,
7259,PERFORMING,MOTORS,0,312,0,0,90.0,,,,,,,
7260,PERFORMING,MOTORS,0,314,0,0,90.0,,,,,,,
7261,PERFORMING,MOTORS,0,316,0,0,90.0,,,,,,,
7262,PERFORMING,MOTORS,0,318,0,0,90.0,,,,,,,
7263,PERFORMING,MOTORS,0,320,0,0,90.0,,,,,,,
7264,PERFORMING,MOTORS,0,322,0,0,90.0,,,,,,,
7266,PERFORMING,MOTORS,0,326,0,0,90.0,,,,,,,
7267,PERFORMING,MOTORS,0,328,0,0,90.0,,,,,,,
7268,PERFORMING,MOTORS,0,330,0,0,90.0,,,,,,,
7269,PERFORMING,MOTORS,0,332,0,0,90.0,,,,,,,
7270,PERFORMING,MOTORS,0,334,0,0,90.0,,,,,,,
7271,PERFORMING,MOTORS,0,336,0,0,90.0,,,,,,,
7272,PERFORMING,MOTORS,0,338,0,0,90.0,,,,,,,
7273,PERFORMING,MOTORS,0,340,0,0,90.0,,,,,,,
7275,PERFORMING,MOTORS,0,344,0,0,90.0,,,,,,,
7276,PERFORMING,MOTORS,0,346,0,0,90.0,,,,,,,
7277,PERFORMING,MOTORS,0,348,0,0,90.0,,,,,,,
7278,PERFORMING,MOTORS,0,350,0,0,90.0,,,,,,,
7279,PERFORMING,MOTORS,0,352,0,0,90.0,,,,,,,
7280,PERFORMING,MOTORS,0,354,0,0,90.0,,,,,,,
7281,PERFORMING,MOTORS,0,356,0,0,90.0,,,,,,,
7283,PERFORMING,MOTORS,0,360,0,0,90.0,,,,,,,
7284,PERFORMING,MOTORS,0,362,0,0,90.0,,,,,,,
7285,PERFORMING,MOTORS,0,364,0,0,90.0,,,,,,,
7286,PERFORMING,MOTORS,0,366,0,0,90.0,,,,,,,
7287,PERFORMING,MOTORS,0,368,0,0,90.0,,,,,,,
7288,PERFORMING,MOTORS,0,370,0,0,90.0,,,,,,,
7290,PERFORMING,MOTORS,0,374,0,0,90.0,,,,,,,
7291,PERFORMING,MOTORS,0,376,0,0,90.0,,,,,,,
7292,PERFORMING,MOTORS,0,378,0,0,90.0,,,,,,,
7293,PERFORMING,MOTORS,0,380,0,0,90.0,,,,,,,
7294,PERFORMING,MOTORS,0,382,0,0,90.0,,,,,,,
7295,PERFORMING,MOTORS,0,384,0,0,90.0,,,,,,,
7296,PERFORMING,MOTORS,0,386,0,0,90.0,,,,,,,
7298,PERFORMING,MOTORS,0,390,0,0,90.0,,,,,,,
7299,PERFORMING,MOTORS,0,392,0,0,90.0,,,,,,,
7300,PERFORMING,MOTORS,0,394,0,0,90.0,,,,,,,
7301,PERFORMING,MOTORS,0,396,0,0,90.0,,,,,,,
7302,PERFORMING,MOTORS,0,398,0,0,90.0,,,,,,,
7303,PERFORMING,MOTORS,0,400,0,0,90.0,,,,,,,
7304,PERFORMING,MOTORS,0,402,0,0,90.0,,,,,,,
7305,PERFORMING,MOTORS,0,404,0,0,90.0,,,,,,,
7307,PERFORMING,MOTORS,0,408,0,0,90.0,,,,,,,
7308,PERFORMING,MOTORS,0,410,0,0,90.0,,,,,,,
7309,PERFORMING,MOTORS,0,412,0,0,90.0,,,,,,,
7310,PERFORMING,MOTORS,0,414,0,0,90.0,,,,,,,
7311,PERFORMING,MOTORS,0,416,0,0,90.0,,,,,,,
7312,PERFORMING,MOTORS,0,418,0,0,90.0,,,,,,,
7313,PERFORMING,MOTORS,0,420,0,0,90.0,,,,,,,
7315,PERFORMING,MOTORS,0,424,0,0,90.0,,,,,,,
7316,PERFORMING,MOTORS,0,426,0,0,90.0,,,,,,,
7317,PERFORMING,MOTORS,0,428,0,0,90.0,,,,,,,
7318,PERFORMING,MOTORS,0,430,0,0,90.0,,,,,,,
7319,PERFORMING,MOTORS,0,432,0,0,90.0,,,,,,,
7320,PERFORMING,MOTORS,0,434,0,0,90.0,,,,,,,
7321,PERFORMING,MOTORS,0,436,0,0,90.0,,,,,,,
7322,PERFORMING,MOTORS,0,438,0,0,90.0,,,,,,,
7324,PERFORMING,MOTORS,0,442,0,0,90.0,,,,,,,
7325,PERFORMING,MOTORS,0,444,0,0,90.0,,,,,,,
7326,PERFORMING,MOTORS,0,446,0,0,90.0,,,,,,,
7327,PERFORMING,MOTORS,0,448,0,0,90.0,,,,,,,
7328,PERFORMING,MOTORS,0,450,0,0,90.0,,,,,,,
7329,PERFORMING,MOTORS,0,452,0,0,90.0,,,,,,,
7330,PERFORMING,MOTORS,0,454,0,0,90.0,,,,,,,
7331,PERFORMING,MOTORS,0,456,0,0,90.0,,,,,,,
7332,PERFORMING,MOTORS,0,458,0,0,90.0,,,,,,,
7334,PERFORMING,MOTORS,0,462,0,0,90.0,,,,,,,
7335,PERFORMING,MOTORS,0,464,0,0,90.0,,,,,,,
7336,PERFORMING,MOTORS,0,466,0,0,90.0,,,,,,,
7337,PERFORMING,MOTORS,0,468,0,0,90.0,,,,,,,
7338,PERFORMING,MOTORS,0,470,0,0,90.0,,,,,,,
7339,PERFORMING,MOTORS,0,472,0,0,90.0,,,,,,,
7340,PERFORMING,MOTORS,0,474,0,0,90.0,,,,,,,
7342,PERFORMING,MOTORS,0,478,0,0,90.0,,,,,,,
7343,PERFORMING,MOTORS,0,480,0,0,90.0,,,,,,,
7344,PERFORMING,MOTORS,0,482,0,0,90.0,,,,,,,
7345,PERFORMING,MOTORS,0,484,0,0,90.0,,,,,,,
7346,PERFORMING,MOTORS,0,486,0,0,90.0,,,,,,,
7347,PERFORMING,MOTORS,0,488,0,0,90.0,,,,,,,
7348,PERFORMING,MOTORS,0,490,0,0,90.0,,,,,,,
7349,PERFORMING,MOTORS,0,492,0,0,90.0,,,,,,,
7350,PERFORMING,MOTORS,0,494,0,0,90.0,,,,,,,
7352,PERFORMING,MOTORS,0,498,0,0,90.0,,,,,,,
7353,PERFORMING,MOTORS,0,500,0,0,90.0,,,,,,,
7354,PERFORMING,MOTORS,0,500,0,0,90.0,,,,,,,
7355,PERFORMING,MOTORS,0,500,0,0,90.0,,,,,,,
7356,PERFORMING,MOTORS,0,500,0,0,90.0,,,,,,,
7357,PERFORMING,MOTORS,0,500,0,0,90.0,,,,,,,
7358,PERFORMING,MOTORS,0,500,0,0,90.0,,,,,,,
7360,PERFORMING,MOTORS,0,500,0,0,90.0,,,,,,,
7361,PERFORMING,MOTORS,0,500,0,0,90.0,,,,,,,
7362,PERFORMING,MOTORS,0,500,0,0,90.0,,,,,,,
7363,PERFORMING,MOTORS,0,500,0,0,90.0,,,,,,,
7364,PERFORMING,MOTORS,0,500,0,0,90.0,,,,,,,
7365,PERFORMING,MOTORS,0,500,0,0,90.0,,,,,,,
7366,PERFORMING,MOTORS,0,500,0,0,90.0,,,,,,,
7368,PERFORMING,MOTORS,0,500,0,0,90.0,,,,,,,
7369,PERFORMING,MOTORS,0,500,0,0,90.0,,,,,,,
7370,PERFORMING,MOTORS,0,500,0,0,90.0,,,,,,,
7371,PERFORMING,MOTORS,0,500,0,0,90.0,,,,,,,
7372,PERFORMING,MOTORS,0,500,0,0,90.0,,,,,,,
7373,PERFORMING,MOTORS,0,500,0,0,90.0,,,,,,,
7374,PERFORMING,MOTORS,0,500,0,0,90.0,,,,,,,
7376,PERFORMING,MOTORS,0,500,0,0,90.0,,,,,,,
7377,PERFORMING,MOTORS,0,500,0,0,90.0,,,,,,,
7378,PERFORMING,MOTORS,0,500,0,0,90.0,,,,,,,
7379,PERFORMING,MOTORS,0,500,0,0,90.0,,,,,,,
7380,PERFORMING,MOTORS,0,500,0,0,90.0,,,,,,,
7381,PERFORMING,MOTORS,0,500,0,0,90.0,,,,,,,
7382,PERFORMING,MOTORS,0,500,0,0,90.0,,,,,,,
7384,PERFORMING,MOTORS,0,500,0,0,90.0,,,,,,,
7385,PERFORMING,MOTORS,0,500,0,0,90.0,,,,,,,
7386,PERFORMING,MOTORS,0,500,0,0,90.0,,,,,,,
7387,PERFORMING,MOTORS,0,500,0,0,90.0,,,,,,,
7388,PERFORMING,MOTORS,0,500,0,0,90.0,,,,,,,
7389,PERFORMING,MOTORS,0,500,0,0,90.0,,,,,,,
7391,PERFORMING,MOTORS,0,500,0,0,90.0,,,,,,,
7392,PERFORMING,MOTORS,0,500,0,0,90.0,,,,,,,
7393,PERFORMING,MOTORS,0,500,0,0,90.0,,,,,,,
7394,PERFORMING,MOTORS,0,500,0,0,90.0,,,,,,,
7395,PERFORMING,MOTORS,0,500,0,0,90.0,,,,,,,
7396,PERFORMING,MOTORS,0,500,0,0,90.0,,,,,,,
7397,PERFORMING,MOTORS,0,500,0,0,90.0,,,,,,,
7399,PERFORMING,MOTORS,0,500,0,0,90.0,,,,,,,
7400,PERFORMING,MOTORS,0,500,0,0,90.0,,,,,,,
7401,PERFORMING,MOTORS,0,500,0,0,90.0,,,,,,,
7402,PERFORMING,MOTORS,0,500,0,0,90.0,,,,,,,
7403,PERFORMING,MOTORS,0,500,0,0,90.0,,,,,,,
7404,PERFORMING,MOTORS,0,500,0,0,90.0,,,,,,,
7405,PERFORMING,MOTORS,0,500,0,0,90.0,,,,,,,
7406,PERFORMING,MOTORS,0,500,0,0,90.0,,,,,,,
7408,PERFORMING,MOTORS,0,500,0,0,90.0,,,,,,,
7409,PERFORMING,MOTORS,0,500,0,0,90.0,,,,,,,
7410,PERFORMING,MOTORS,0,500,0,0,90.0,,,,,,,
7411,PERFORMING,MOTORS,0,500,0,0,90.0,,,,,,,
7412,PERFORMING,MOTORS,0,500,0,0,90.0,,,,,,,
7413,PERFORMING,MOTORS,0,500,0,0,90.0,,,,,,,
7414,PERFORMING,MOTORS,0,500,0,0,90.0,,,,,,,
7415,PERFORMING,MOTORS,0,500,0,0,90.0,,,,,,,
7417,PERFORMING,MOTORS,0,500,0,0,90.0,,,,,,,
7418,PERFORMING,MOTORS,0,500,0,0,90.0,,,,,,,
7419,PERFORMING,MOTORS,0,500,0,0,90.0,,,,,,,
7420,PERFORMING,MOTORS,0,500,0,0,90.0,,,,,,,
7421,PERFORMING,MOTORS,0,500,0,0,90.0,,,,,,,
7422,PERFORMING,MOTORS,0,500,0,0,90.0,,,,,,,
7423,PERFORMING,MOTORS,0,500,0,0,90.0,,,,,,,
7424,PERFORMING,MOTORS,0,500,0,0,90.0,,,,,,,
7425,PERFORMING,MOTORS,0,500,0,0,90.0,,,,,,,
7427,PERFORMING,MOTORS,0,500,0,0,90.0,,,,,,,
7428,PERFORMING,MOTORS,0,500,0,0,90.0,,,,,,,
7429,PERFORMING,MOTORS,0,500,0,0,90.0,,,,,,,
7430,PERFORMING,MOTORS,0,500,0,0,90.0,,,,,,,
7431,PERFORMING,MOTORS,0,500,0,0,90.0,,,,,,,
7432,PERFORMING,MOTORS,0,500,0,0,90.0,,,,,,,
7433,PERFORMING,MOTORS,0,500,0,0,90.0,,,,,,,
7435,PERFORMING,MOTORS,0,500,0,0,90.0,,,,,,,
7436,PERFORMING,MOTORS,0,500,0,0,90.0,,,,,,,
7437,PERFORMING,MOTORS,0,500,0,0,90.0,,,,,,,
7438,PERFORMING,MOTORS,0,500,0,0,90.0,,,,,,,
7439,PERFORMING,MOTORS,0,500,0,0,90.0,,,,,,,
7440,PERFORMING,MOTORS,0,500,0,0,90.0,,,,,,,
7441,PERFORMING,MOTORS,0,500,0,0,90.0,,,,,,,
7442,PERFORMING,MOTORS,0,500,0,0,90.0,,,,,,,
7443,PERFORMING,MOTORS,0,500,0,0,90.0,,,,,,,
7445,PERFORMING,MOTORS,0,500,0,0,90.0,,,,,,,
7446,PERFORMING,MOTORS,0,500,0,0,90.0,,,,,,,
7447,PERFORMING,MOTORS,0,500,0,0,90.0,,,,,,,
7448,PERFORMING,MOTORS,0,500,0,0,90.0,,,,,,,
7449,PERFORMING,MOTORS,0,500,0,0,90.0,,,,,,,
7450,PERFORMING,MOTORS,0,500,0,0,90.0,,,,,,,
7452,PERFORMING,MOTORS,0,500,0,0,90.0,,,,,,,
7453,PERFORMING,MOTORS,0,500,0,0,90.0,,,,,,,
7454,PERFORMING,MOTORS,0,500,0,0,90.0,,,,,,,
7455,PERFORMING,MOTORS,0,500,0,0,90.0,,,,,,,
7456,PERFORMING,MOTORS,0,500,0,0,90.0,,,,,,,
7457,PERFORMING,MOTORS,0,500,0,0,90.0,,,,,,,
7458,PERFORMING,MOTORS,0,500,0,0,90.0,,,,,,,
7460,PERFORMING,MOTORS,0,500,0,0,90.0,,,,,,,
7461,PERFORMING,MOTORS,0,500,0,0,90.0,,,,,,,
7462,PERFORMING,MOTORS,0,500,0,0,90.0,,,,,,,
7463,PERFORMING,MOTORS,0,500,0,0,90.0,,,,,,,
7464,PERFORMING,MOTORS,0,500,0,0,90.0,,,,,,,
7465,PERFORMING,MOTORS,0,500,0,0,90.0,,,,,,,
7466,PERFORMING,MOTORS,0,500,0,0,90.0,,,,,,,
7467,PERFORMING,MOTORS,0,500,0,0,90.0,,,,,,,
7468,PERFORMING,MOTORS,0,500,0,0,90.0,,,,,,,
7470,PERFORMING,MOTORS,0,500,0,0,90.0,,,,,,,
7471,PERFORMING,MOTORS,0,500,0,0,90.0,,,,,,,
7472,PERFORMING,MOTORS,0,500,0,0,90.0,,,,,,,
7473,PERFORMING,MOTORS,0,500,0,0,90.0,,,,,,,
7474,PERFORMING,MOTORS,0,500,0,0,90.0,,,,,,,
7475,PERFORMING,MOTORS,0,500,0,0,90.0,,,,,,,
7477,PERFORMING,MOTORS,0,500,0,0,90.0,,,,,,,
7478,PERFORMING,MOTORS,0,500,0,0,90.0,,,,,,,
7479,PERFORMING,MOTORS,0,500,0,0,90.0,,,,,,,
7480,PERFORMING,MOTORS,0,500,0,0,90.0,,,,,,,
7481,PERFORMING,MOTORS,0,500,0,0,90.0,,,,,,,
7482,PERFORMING,MOTORS,0,500,0,0,90.0,,,,,,,
7483,PERFORMING,MOTORS,0,500,0,0,90.0,,,,,,,
7484,PERFORMING,MOTORS,0,500,0,0,90.0,,,,,,,
7485,PERFORMING,MOTORS,0,500,0,0,90.0,,,,,,,
7486,PERFORMING,MOTORS,0,500,0,0,90.0,,,,,,,
7488,PERFORMING,MOTORS,0,500,0,0,90.0,,,,,,,
7489,PERFORMING,MOTORS,0,500,0,0,90.0,,,,,,,
7490,PERFORMING,MOTORS,0,500,0,0,90.0,,,,,,,
7491,PERFORMING,MOTORS,0,500,0,0,90.0,,,,,,,
7492,PERFORMING,MOTORS,0,500,0,0,90.0,,,,,,,
7493,PERFORMING,MOTORS,0,500,0,0,90.0,,,,,,,
7494,PERFORMING,MOTORS,0,500,0,0,90.0,,,,,,,
7495,PERFORMING,MOTORS,0,500,0,0,90.0,,,,,,,
7497,PERFORMING,MOTORS,0,500,0,0,90.0,,,,,,,
7498,PERFORMING,MOTORS,0,500,0,0,90.0,,,,,,,
7499,PERFORMING,MOTORS,0,500,0,0,90.0,,,,,,,
7500,PERFORMING,MOTORS,0,500,0,0,90.0,,,,,,,
7501,PERFORMING,MOTORS,0,500,0,0,90.0,,,,,,,
7503,PERFORMING,MOTORS,0,500,0,0,90.0,,,,,,,
7504,PERFORMING,MOTORS,0,500,0,0,90.0,,,,,,,
7505,PERFORMING,MOTORS,0,500,0,0,90.0,,,,,,,
7506,PERFORMING,MOTORS,0,500,0,0,90.0,,,,,,,
7507,PERFORMING,MOTORS,0,500,0,0,90.0,,,,,,,
7508,PERFORMING,MOTORS,0,500,0,0,90.0,,,,,,,
7510,PERFORMING,MOTORS,0,500,0,0,90.0,,,,,,,
7511,PERFORMING,MOTORS,0,500,0,0,90.0,,,,,,,
7512,PERFORMING,MOTORS,0,500,0,0,90.0,,,,,,,
7513,PERFORMING,MOTORS,0,500,0,0,90.0,,,,,,,
7514,PERFORMING,MOTORS,0,500,0,0,90.0,,,,,,,
7515,PERFORMING,MOTORS,0,500,0,0,90.0,,,,,,,
7516,PERFORMING,MOTORS,0,500,0,0,90.0,,,,,,,
7517,PERFORMING,MOTORS,0,500,0,0,90.0,,,,,,,
7519,PERFORMING,MOTORS,0,500,0,0,90.0,,,,,,,
7520,PERFORMING,MOTORS,0,500,0,0,90.0,,,,,,,
7521,PERFORMING,MOTORS,0,500,0,0,90.0,,,,,,,
7522,PERFORMING,MOTORS,0,500,0,0,90.0,,,,,,,
7523,PERFORMING,MOTORS,0,500,0,0,90.0,,,,,,,
7524,PERFORMING,MOTORS,0,500,0,0,90.0,,,,,,,
7525,PERFORMING,MOTORS,0,500,0,0,90.0,,,,,,,
7526,PERFORMING,MOTORS,0,500,0,0,90.0,,,,,,,
7528,PERFORMING,MOTORS,0,500,0,0,90.0,,,,,,,
7529,PERFORMING,MOTORS,0,500,0,0,90.0,,,,,,,
7530,PERFORMING,MOTORS,0,500,0,0,90.0,,,,,,,
7531,PERFORMING,MOTORS,0,500,0,0,90.0,,,,,,,
7532,PERFORMING,MOTORS,0,500,0,0,90.0,,,,,,,
7533,PERFORMING,MOTORS,0,500,0,0,90.0,,,,,,,
7534,PERFORMING,MOTORS,0,500,0,0,90.0,,,,,,,
7535,PERFORMING,MOTORS,0,500,0,0,90.0,,,,,,,
7537,PERFORMING,MOTORS,0,500,0,0,90.0,,,,,,,
7538,PERFORMING,MOTORS,0,500,0,0,90.0,,,,,,,
7539,PERFORMING,MOTORS,0,500,0,0,90.0,,,,,,,
7540,PERFORMING,MOTORS,0,500,0,0,90.0,,,,,,,
7541,PERFORMING,MOTORS,0,500,0,0,90.0,,,,,,,
7542,PERFORMING,MOTORS,0,500,0,0,90.0,,,,,,,
7543,PERFORMING,MOTORS,0,500,0,0,90.0,,,,,,,
7544,PERFORMING,MOTORS,0,500,0,0,90.0,,,,,,,
7546,PERFORMING,MOTORS,0,500,0,0,90.0,,,,,,,
7547,PERFORMING,MOTORS,0,500,0,0,90.0,,,,,,,
7548,PERFORMING,MOTORS,0,500,0,0,90.0,,,,,,,
7549,PERFORMING,MOTORS,0,500,0,0,90.0,,,,,,,
7550,PERFORMING,MOTORS,0,500,0,0,90.0,,,,,,,
7551,PERFORMING,MOTORS,0,500,0,0,90.0,,,,,,,
7552,PERFORMING,MOTORS,0,500,0,0,90.0,,,,,,,
7554,PERFORMING,MOTORS,0,500,0,0,90.0,,,,,,,
7555,PERFORMING,MOTORS,0,500,0,0,90.0,,,,,,,
7556,PERFORMING,MOTORS,0,500,0,0,90.0,,,,,,,
7557,PERFORMING,MOTORS,0,500,0,0,90.0,,,,,,,
7558,PERFORMING,MOTORS,0,500,0,0,90.0,,,,,,,
7559,PERFORMING,MOTORS,0,500,0,0,90.0,,,,,,,
7560,PERFORMING,MOTORS,0,500,0,0,90.0,,,,,,,
7562,PERFORMING,MOTORS,0,500,0,0,90.0,,,,,,,
7563,PERFORMING,MOTORS,0,500,0,0,90.0,,,,,,,
7564,PERFORMING,MOTORS,0,500,0,0,90.0,,,,,,,
7565,PERFORMING,MOTORS,0,500,0,0,90.0,,,,,,,
7566,PERFORMING,MOTORS,0,500,0,0,90.0,,,,,,,
7567,PERFORMING,MOTORS,0,500,0,0,90.0,,,,,,,
7568,PERFORMING,MOTORS,0,500,0,0,90.0,,,,,,,
7569,PERFORMING,MOTORS,0,500,0,0,90.0,,,,,,,
7571,PERFORMING,MOTORS,0,500,0,0,90.0,,,,,,,
7572,PERFORMING,MOTORS,0,500,0,0,90.0,,,,,,,
7573,PERFORMING,MOTORS,0,500,0,0,90.0,,,,,,,
7574,PERFORMING,MOTORS,0,500,0,0,90.0,,,,,,,
7575,PERFORMING,MOTORS,0,500,0,0,90.0,,,,,,,
7576,PERFORMING,MOTORS,0,500,0,0,90.0,,,,,,,
7578,PERFORMING,MOTORS,0,500,0,0,90.0,,,,,,,
7579,PERFORMING,MOTORS,0,500,0,0,90.0,,,,,,,
7580,PERFORMING,MOTORS,0,500,0,0,90.0,,,,,,,
7581,PERFORMING,MOTORS,0,500,0,0,90.0,,,,,,,
7582,PERFORMING,MOTORS,0,500,0,0,90.0,,,,,,,
7583,PERFORMING,MOTORS,0,500,0,0,90.0,,,,,,,
7584,PERFORMING,MOTORS,0,500,0,0,90.0,,,,,,,
7586,PERFORMING,MOTORS,0,500,0,0,90.0,,,,,,,
7587,PERFORMING,MOTORS,0,500,0,0,90.0,,,,,,,
7588,PERFORMING,MOTORS,0,500,0,0,90.0,,,,,,,
7589,PERFORMING,MOTORS,0,500,0,0,90.0,,,,,,,
7590,PERFORMING,MOTORS,0,500,0,0,90.0,,,,,,,
7591,PERFORMING,MOTORS,0,500,0,0,90.0,,,,,,,
7592,PERFORMING,MOTORS,0,500,0,0,90.0,,,,,,,
7593,PERFORMING,MOTORS,0,500,0,0,90.0,,,,,,,
7595,PERFORMING,MOTORS,0,500,0,0,90.0,,,,,,,
7596,PERFORMING,MOTORS,0,500,0,0,90.0,,,,,,,
7597,PERFORMING,MOTORS,0,500,0,0,90.0,,,,,,,
7598,PERFORMING,MOTORS,0,500,0,0,90.0,,,,,,,
7599,PERFORMING,MOTORS,0,500,0,0,90.0,,,,,,,
7601,PERFORMING,MOTORS,0,500,0,0,90.0,,,,,,,
7602,PERFORMING,MOTORS,0,500,0,0,90.0,,,,,,,
7603,PERFORMING,MOTORS,0,500,0,0,90.0,,,,,,,
7604,PERFORMING,MOTORS,0,500,0,0,90.0,,,,,,,
7605,PERFORMING,MOTORS,0,500,0,0,90.0,,,,,,,
7606,PERFORMING,MOTORS,0,500,0,0,90.0,,,,,,,
7607,PERFORMING,MOTORS,0,500,0,0,90.0,,,,,,,
7608,PERFORMING,MOTORS,0,500,0,0,90.0,,,,,,,
7610,PERFORMING,MOTORS,0,500,0,0,90.0,,,,,,,
7611,PERFORMING,MOTORS,0,500,0,0,90.0,,,,,,,
7612,PERFORMING,MOTORS,0,500,0,0,90.0,,,,,,,
7613,PERFORMING,MOTORS,0,500,0,0,90.0,,,,,,,
7614,PERFORMING,MOTORS,0,500,0,0,90.0,,,,,,,
7615,PERFORMING,MOTORS,0,500,0,0,90.0,,,,,,,
7616,PERFORMING,MOTORS,0,500,0,0,90.0,,,,,,,
7618,PERFORMING,MOTORS,0,500,0,0,90.0,,,,,,,
7619,PERFORMING,MOTORS,0,500,0,0,90.0,,,,,,,
7620,PERFORMING,MOTORS,0,500,0,0,90.0,,,,,,,
7621,PERFORMING,MOTORS,0,500,0,0,90.0,,,,,,,
7622,PERFORMING,MOTORS,0,500,0,0,90.0,,,,,,,
7623,PERFORMING,MOTORS,0,500,0,0,90.0,,,,,,,
7624,PERFORMING,MOTORS,0,500,0,0,90.0,,,,,,,
7626,PERFORMING,MOTORS,0,500,0,0,90.0,,,,,,,
7627,PERFORMING,MOTORS,0,500,0,0,90.0,,,,,,,
7628,PERFORMING,MOTORS,0,500,0,0,90.0,,,,,,,
7629,PERFORMING,MOTORS,0,500,0,0,90.0,,,,,,,
7630,PERFORMING,MOTORS,0,500,0,0,90.0,,,,,,,
7631,PERFORMING,MOTORS,0,500,0,0,90.0,,,,,,,
7632,PERFORMING,MOTORS,0,500,0,0,90.0,,,,,,,
7633,PERFORMING,MOTORS,0,500,0,0,90.0,,,,,,,
7634,PERFORMING,MOTORS,0,500,0,0,90.0,,,,,,,
7636,PERFORMING,MOTORS,0,500,0,0,90.0,,,,,,,
7637,PERFORMING,MOTORS,0,500,0,0,90.0,,,,,,,
7638,PERFORMING,MOTORS,0,500,0,0,90.0,,,,,,,
7639,PERFORMING,MOTORS,0,500,0,0,90.0,,,,,,,
7640,PERFORMING,MOTORS,0,500,0,0,90.0,,,,,,,
7642,PERFORMING,MOTORS,0,500,0,0,90.0,,,,,,,
7643,PERFORMING,MOTORS,0,500,0,0,90.0,,,,,,,
7644,PERFORMING,MOTORS,0,500,0,0,90.0,,,,,,,
7645,PERFORMING,MOTORS,0,500,0,0,90.0,,,,,,,
7646,PERFORMING,MOTORS,0,500,0,0,90.0,,,,,,,
7647,PERFORMING,MOTORS,0,500,0,0,90.0,,,,,,,
7648,PERFORMING,MOTORS,0,500,0,0,90.0,,,,,,,
7649,PERFORMING,MOTORS,0,500,0,0,90.0,,,,,,,
7651,PERFORMING,MOTORS,0,500,0,0,90.0,,,,,,,
7652,PERFORMING,MOTORS,0,500,0,0,90.0,,,,,,,
7653,PERFORMING,MOTORS,0,500,0,0,90.0,,,,,,,
7654,PERFORMING,MOTORS,0,500,0,0,90.0,,,,,,,
7655,PERFORMING,MOTORS,0,500,0,0,90.0,,,,,,,
7656,PERFORMING,MOTORS,0,500,0,0,90.0,,,,,,,
7657,PERFORMING,MOTORS,0,500,0,0,90.0,,,,,,,
7659,PERFORMING,MOTORS,0,500,0,0,90.0,,,,,,,
7660,PERFORMING,MOTORS,0,500,0,0,90.0,,,,,,,
7661,PERFORMING,MOTORS,0,500,0,0,90.0,,,,,,,
7662,PERFORMING,MOTORS,0,500,0,0,90.0,,,,,,,
7663,PERFORMING,MOTORS,0,500,0,0,90.0,,,,,,,
7664,PERFORMING,MOTORS,0,500,0,0,90.0,,,,,,,
7665,PERFORMING,MOTORS,0,500,0,0,90.0,,,,,,,
7666,PERFORMING,MOTORS,0,500,0,0,90.0,,,,,,,
7668,PERFORMING,MOTORS,0,500,0,0,90.0,,,,,,,
7669,PERFORMING,MOTORS,0,500,0,0,90.0,,,,,,,
7670,PERFORMING,MOTORS,0,500,0,0,90.0,,,,,,,
7671,PERFORMING,MOTORS,0,500,0,0,90.0,,,,,,,
7672,PERFORMING,MOTORS,0,500,0,0,90.0,,,,,,,
7673,PERFORMING,MOTORS,0,500,0,0,90.0,,,,,,,
7675,PERFORMING,MOTORS,0,500,0,0,90.0,,,,,,,
7676,PERFORMING,MOTORS,0,500,0,0,90.0,,,,,,,
7677,PERFORMING,MOTORS,0,500,0,0,90.0,,,,,,,
7678,PERFORMING,MOTORS,0,500,0,0,90.0,,,,,,,
7679,PERFORMING,MOTORS,0,500,0,0,90.0,,,,,,,
7680,PERFORMING,MOTORS,0,500,0,0,90.0,,,,,,,
7681,PERFORMING,MOTORS,0,500,0,0,90.0,,,,,,,
7682,PERFORMING,MOTORS,0,500,0,0,90.0,,,,,,,
7684,PERFORMING,MOTORS,0,500,0,0,90.0,,,,,,,
7685,PERFORMING,MOTORS,0,500,0,0,90.0,,,,,,,
7686,PERFORMING,MOTORS,0,500,0,0,90.0,,,,,,,
7687,PERFORMING,MOTORS,0,500,0,0,90.0,,,,,,,
7688,PERFORMING,MOTORS,0,500,0,0,90.0,,,,,,,
7689,PERFORMING,MOTORS,0,500,0,0,90.0,,,,,,,
7691,PERFORMING,MOTORS,0,500,0,0,90.0,,,,,,,
7692,PERFORMING,MOTORS,0,500,0,0,90.0,,,,,,,
7693,PERFORMING,MOTORS,0,500,0,0,90.0,,,,,,,
7694,PERFORMING,MOTORS,0,500,0,0,90.0,,,,,,,
7695,PERFORMING,MOTORS,0,500,0,0,90.0,,,,,,,
7696,PERFORMING,MOTORS,0,500,0,0,90.0,,,,,,,
7697,PERFORMING,MOTORS,0,500,0,0,90.0,,,,,,,
7698,PERFORMING,MOTORS,0,500,0,0,90.0,,,,,,,
7700,PERFORMING,MOTORS,0,500,0,0,90.0,,,,,,,
7701,PERFORMING,MOTORS,0,500,0,0,90.0,,,,,,,
7702,PERFORMING,MOTORS,0,500,0,0,90.0,,,,,,,
7703,PERFORMING,MOTORS,0,500,0,0,90.0,,,,,,,
7704,PERFORMING,MOTORS,0,500,0,0,90.0,,,,,,,
7705,PERFORMING,MOTORS,0,500,0,0,90.0,,,,,,,
7706,PERFORMING,MOTORS,0,500,0,0,90.0,,,,,,,
7708,PERFORMING,MOTORS,0,500,0,0,90.0,,,,,,,
7709,PERFORMING,MOTORS,0,500,0,0,90.0,,,,,,,
7710,PERFORMING,MOTORS,0,500,0,0,90.0,,,,,,,
7711,PERFORMING,MOTORS,0,500,0,0,90.0,,,,,,,
7712,PERFORMING,MOTORS,0,500,0,0,90.0,,,,,,,
7713,PERFORMING,MOTORS,0,500,0,0,90.0,,,,,,,
7715,PERFORMING,MOTORS,0,500,0,0,90.0,,,,,,,
7716,PERFORMING,MOTORS,0,500,0,0,90.0,,,,,,,
7717,PERFORMING,MOTORS,0,500,0,0,90.0,,,,,,,
7718,PERFORMING,MOTORS,0,500,0,0,90.0,,,,,,,
7719,PERFORMING,MOTORS,0,500,0,0,90.0,,,,,,,
7720,PERFORMING,MOTORS,0,500,0,0,90.0,,,,,,,
7721,PERFORMING,MOTORS,0,500,0,0,90.0,,,,,,,
7723,PERFORMING,MOTORS,0,500,0,0,90.0,,,,,,,
7724,PERFORMING,MOTORS,0,500,0,0,90.0,,,,,,,
7725,PERFORMING,MOTORS,0,500,0,0,90.0,,,,,,,
7726,PERFORMING,MOTORS,0,500,0,0,90.0,,,,,,,
7727,PERFORMING,MOTORS,0,500,0,0,90.0,,,,,,,
7728,PERFORMING,MOTORS,0,500,0,0,90.0,,,,,,,
7729,PERFORMING,MOTORS,0,500,0,0,90.0,,,,,,,
7730,PERFORMING,MOTORS,0,500,0,0,90.0,,,,,,,
7732,PERFORMING,MOTORS,0,500,0,0,90.0,,,,,,,
7733,PERFORMING,MOTORS,0,500,0,0,90.0,,,,,,,
7734,PERFORMING,MOTORS,0,500,0,0,90.0,,,,,,,
7735,PERFORMING,MOTORS,0,500,0,0,90.0,,,,,,,
7736,PERFORMING,MOTORS,0,500,0,0,90.0,,,,,,,
7737,PERFORMING,MOTORS,0,500,0,0,90.0,,,,,,,
7738,PERFORMING,MOTORS,0,500,0,0,90.0,,,,,,,
7739,PERFORMING,MOTORS,0,500,0,0,90.0,,,,,,,
7740,PERFORMING,MOTORS,0,500,0,0,90.0,,,,,,,
7742,PERFORMING,MOTORS,0,500,0,0,90.0,,,,,,,
7743,PERFORMING,MOTORS,0,500,0,0,90.0,,,,,,,
7744,PERFORMING,MOTORS,0,500,0,0,90.0,,,,,,,
7745,PERFORMING,MOTORS,0,500,0,0,90.0,,,,,,,
7746,PERFORMING,MOTORS,0,500,0,0,90.0,,,,,,,
7747,PERFORMING,MOTORS,0,500,0,0,90.0,,,,,,,
7748,PERFORMING,MOTORS,0,500,0,0,90.0,,,,,,,
7750,PERFORMING,MOTORS,0,500,0,0,90.0,,,,,,,
7751,PERFORMING,MOTORS,0,500,0,0,90.0,,,,,,,
7752,PERFORMING,MOTORS,0,500,0,0,90.0,,,,,,,
7753,PERFORMING,MOTORS,0,500,0,0,90.0,,,,,,,
7754,PERFORMING,MOTORS,0,500,0,0,90.0,,,,,,,
7755,PERFORMING,MOTORS,0,500,0,0,90.0,,,,,,,
7756,PERFORMING,MOTORS,0,500,0,0,90.0,,,,,,,
7757,PERFORMING,MOTORS,0,500,0,0,90.0,,,,,,,
7758,PERFORMING,MOTORS,0,500,0,0,90.0,,,,,,,
7760,PERFORMING,MOTORS,0,500,0,0,90.0,,,,,,,
7761,PERFORMING,MOTORS,0,500,0,0,90.0,,,,,,,
7762,PERFORMING,MOTORS,0,500,0,0,90.0,,,,,,,
7763,PERFORMING,MOTORS,0,500,0,0,90.0,,,,,,,
7764,PERFORMING,MOTORS,0,500,0,0,90.0,,,,,,,
7765,PERFORMING,MOTORS,0,500,0,0,90.0,,,,,,,
7767,PERFORMING,MOTORS,0,500,0,0,90.0,,,,,,,
7768,PERFORMING,MOTORS,0,500,0,0,90.0,,,,,,,
7769,PERFORMING,MOTORS,0,500,0,0,90.0,,,,,,,
7770,PERFORMING,MOTORS,0,500,0,0,90.0,,,,,,,
7771,PERFORMING,MOTORS,0,500,0,0,90.0,,,,,,,
7772,PERFORMING,MOTORS,0,500,0,0,90.0,,,,,,,
7773,PERFORMING,MOTORS,0,500,0,0,90.0,,,,,,,
7775,PERFORMING,MOTORS,0,500,0,0,90.0,,,,,,,
7776,PERFORMING,MOTORS,0,500,0,0,90.0,,,,,,,
7777,PERFORMING,MOTORS,0,500,0,0,90.0,,,,,,,
7778,PERFORMING,MOTORS,0,500,0,0,90.0,,,,,,,
7779,PERFORMING,MOTORS,0,500,0,0,90.0,,,,,,,
7780,PERFORMING,MOTORS,0,500,0,0,90.0,,,,,,,
7782,PERFORMING,MOTORS,0,500,0,0,90.0,,,,,,,
7783,PERFORMING,MOTORS,0,500,0,0,90.0,,,,,,,
7784,PERFORMING,MOTORS,0,500,0,0,90.0,,,,,,,
7785,PERFORMING,MOTORS,0,500,0,0,90.0,,,,,,,
7786,PERFORMING,MOTORS,0,500,0,0,90.0,,,,,,,
7787,PERFORMING,MOTORS,0,500,0,0,90.0,,,,,,,
7788,PERFORMING,MOTORS,0,500,0,0,90.0,,,,,,,
7790,PERFORMING,MOTORS,0,500,0,0,90.0,,,,,,,
7791,PERFORMING,MOTORS,0,500,0,0,90.0,,,,,,,
7792,PERFORMING,MOTORS,0,500,0,0,90.0,,,,,,,
7793,PERFORMING,MOTORS,0,500,0,0,90.0,,,,,,,
7794,PERFORMING,MOTORS,0,500,0,0,90.0,,,,,,,
7795,PERFORMING,MOTORS,0,500,0,0,90.0,,,,,,,
7796,PERFORMING,MOTORS,0,500,0,0,90.0,,,,,,,
7798,PERFORMING,MOTORS,0,500,0,0,90.0,,,,,,,
7799,PERFORMING,MOTORS,0,500,0,0,90.0,,,,,,,
7800,PERFORMING,MOTORS,0,500,0,0,90.0,,,,,,,
7801,PERFORMING,MOTORS,0,500,0,0,90.0,,,,,,,
7802,PERFORMING,MOTORS,0,500,0,0,90.0,,,,,,,
7803,PERFORMING,MOTORS,0,500,0,0,90.0,,,,,,,
7804,PERFORMING,MOTORS,0,500,0,0,90.0,,,,,,,
7806,PERFORMING,MOTORS,0,500,0,0,90.0,,,,,,,
7807,PERFORMING,MOTORS,0,500,2,0,90.0,,,,,,,
7808,PERFORMING,MOTORS,0,500,4,0,90.0,,,,,,,
7809,PERFORMING,MOTORS,0,500,6,0,90.0,,,,,,,
7810,PERFORMING,MOTORS,0,500,8,0,90.0,,,,,,,
7811,PERFORMING,MOTORS,0,500,10,0,90.0,,,,,,,
7812,PERFORMING,MOTORS,0,500,12,0,90.0,,,,,,,
7813,PERFORMING,MOTORS,0,500,14,0,90.0,,,,,,,
7814,PERFORMING,MOTORS,0,500,16,0,90.0,,,,,,,
7816,PERFORMING,MOTORS,0,500,20,0,90.0,,,,,,,
7817,PERFORMING,MOTORS,0,500,22,0,90.0,,,,,,,
7818,PERFORMING,MOTORS,0,500,24,0,90.0,,,,,,,
7819,PERFORMING,MOTORS,0,500,26,0,90.0,,,,,,,
7820,PERFORMING,MOTORS,0,500,28,0,90.0,,,,,,,
7821,PERFORMING,MOTORS,0,500,30,0,90.0,,,,,,,
7822,PERFORMING,MOTORS,0,500,32,0,90.0,,,,,,,
7824,PERFORMING,MOTORS,0,500,36,0,90.0,,,,,,,
7825,PERFORMING,MOTORS,0,500,38,0,90.0,,,,,,,
7827,PERFORMING,MOTORS,0,500,42,0,90.0,,,,,,,
7829,PERFORMING,MOTORS,0,500,46,0,90.0,,,,,,,
7830,PERFORMING,MOTORS,0,500,48,0,90.0,,,,,,,
7831,PERFORMING,MOTORS,0,500,50,0,90.0,,,,,,,
7832,PERFORMING,MOTORS,0,500,52,0,90.0,,,,,,,
7834,PERFORMING,MOTORS,0,500,56,0,90.0,,,,,,,
7835,PERFORMING,MOTORS,0,500,58,0,90.0,,,,,,,
7836,PERFORMING,MOTORS,0,500,60,0,90.0,,,,,,,
7837,PERFORMING,MOTORS,0,500,62,0,90.0,,,,,,,
7838,PERFORMING,MOTORS,0,500,64,0,90.0,,,,,,,
7839,PERFORMING,MOTORS,0,500,66,0,90.0,,,,,,,
7840,PERFORMING,MOTORS,0,500,68,0,90.0,,,,,,,
7841,PERFORMING,MOTORS,0,500,70,0,90.0,,,,,,,
7842,PERFORMING,MOTORS,0,500,74,0,90.0,,,,,,,
7844,PERFORMING,MOTORS,0,500,76,0,90.0,,,,,,,
7845,PERFORMING,MOTORS,0,500,78,0,90.0,,,,,,,
7846,PERFORMING,MOTORS,0,500,80,0,90.0,,,,,,,
7847,PERFORMING,MOTORS,0,500,82,0,90.0,,,,,,,
7848,PERFORMING,MOTORS,0,500,84,0,90.0,,,,,,,
7849,PERFORMING,MOTORS,0,500,86,0,90.0,,,,,,,
7851,PERFORMING,MOTORS,0,500,90,0,90.0,,,,,,,
7852,PERFORMING,MOTORS,0,500,92,0,90.0,,,,,,,
7853,PERFORMING,MOTORS,0,500,94,0,90.0,,,,,,,
7854,PERFORMING,MOTORS,0,500,96,0,90.0,,,,,,,
7855,PERFORMING,MOTORS,0,500,98,0,90.0,,,,,,,
7856,PERFORMING,MOTORS,0,500,100,0,90.0,,,,,,,
7858,PERFORMING,MOTORS,0,500,100,0,90.0,,,,,,,
7859,PERFORMING,MOTORS,0,500,100,0,90.0,,,,,,,
7860,PERFORMING,MOTORS,0,500,100,0,90.0,,,,,,,
7861,PERFORMING,MOTORS,0,500,100,0,90.0,,,,,,,
7862,PERFORMING,MOTORS,0,500,100,0,90.0,,,,,,,
7863,PERFORMING,MOTORS,0,500,100,0,90.0,,,,,,,
7865,PERFORMING,MOTORS,0,500,100,0,90.0,,,,,,,
7866,PERFORMING,MOTORS,0,500,100,0,90.0,,,,,,,
7867,PERFORMING,MOTORS,0,500,100,0,90.0,,,,,,,
7868,PERFORMING,MOTORS,0,500,100,0,90.0,,,,,,,
7870,PERFORMING,MOTORS,0,500,100,0,90.0,,,,,,,
7871,PERFORMING,MOTORS,0,500,100,0,90.0,,,,,,,
7872,PERFORMING,MOTORS,0,500,100,0,90.0,,,,,,,
7873,PERFORMING,MOTORS,0,500,100,0,90.0,,,,,,,
7874,PERFORMING,MOTORS,0,500,100,0,90.0,,,,,,,
7875,PERFORMING,MOTORS,0,500,100,0,90.0,,,,,,,
7876,PERFORMING,MOTORS,0,500,100,0,90.0,,,,,,,
7877,PERFORMING,MOTORS,0,500,100,0,90.0,,,,,,,
7879,PERFORMING,MOTORS,0,500,100,0,90.0,,,,,,,
7880,PERFORMING,MOTORS,0,500,100,0,90.0,,,,,,,
7881,PERFORMING,MOTORS,0,500,100,0,90.0,,,,,,,
7882,PERFORMING,MOTORS,0,500,100,0,90.0,,,,,,,
7883,PERFORMING,MOTORS,0,500,100,0,90.0,,,,,,,
7885,PERFORMING,MOTORS,0,500,100,0,90.0,,,,,,,
7886,PERFORMING,MOTORS,0,500,100,0,90.0,,,,,,,
7887,PERFORMING,MOTORS,0,500,100,0,90.0,,,,,,,
7888,PERFORMING,MOTORS,0,500,100,0,90.0,,,,,,,
7889,PERFORMING,MOTORS,0,500,100,0,90.0,,,,,,,
7890,PERFORMING,MOTORS,0,500,100,0,90.0,,,,,,,
7891,PERFORMING,MOTORS,0,500,100,0,90.0,,,,,,,
7893,PERFORMING,MOTORS,0,500,100,0,90.0,,,,,,,
7894,PERFORMING,MOTORS,0,500,100,0,90.0,,,,,,,
7895,PERFORMING,MOTORS,0,500,100,0,90.0,,,,,,,
7896,PERFORMING,MOTORS,0,500,100,0,90.0,,,,,,,
7897,PERFORMING,MOTORS,0,500,100,0,90.0,,,,,,,
7898,PERFORMING,MOTORS,0,500,100,0,90.0,,,,,,,
7900,PERFORMING,MOTORS,0,500,100,0,90.0,,,,,,,
7901,PERFORMING,MOTORS,0,500,100,0,90.0,,,,,,,
7902,PERFORMING,MOTORS,0,500,100,0,90.0,,,,,,,
7903,PERFORMING,MOTORS,0,500,100,0,90.0,,,,,,,
7904,PERFORMING,MOTORS,0,500,100,0,90.0,,,,,,,
7905,PERFORMING,MOTORS,0,500,100,0,90.0,,,,,,,
7906,PERFORMING,MOTORS,0,500,100,0,90.0,,,,,,,
7907,PERFORMING,MOTORS,0,500,100,0,90.0,,,,,,,
7909,PERFORMING,MOTORS,0,500,100,0,90.0,,,,,,,
7910,PERFORMING,MOTORS,0,500,100,0,90.0,,,,,,,
7911,PERFORMING,MOTORS,0,500,100,0,90.0,,,,,,,
7912,PERFORMING,MOTORS,0,500,100,0,90.0,,,,,,,
7913,PERFORMING,MOTORS,0,500,100,0,90.0,,,,,,,
7915,PERFORMING,MOTORS,0,500,100,0,90.0,,,,,,,
7916,PERFORMING,MOTORS,0,500,100,0,90.0,,,,,,,
7917,PERFORMING,MOTORS,0,500,100,0,90.0,,,,,,,
7918,PERFORMING,MOTORS,0,500,100,0,90.0,,,,,,,
7919,PERFORMING,MOTORS,0,500,100,0,90.0,,,,,,,
7920,PERFORMING,MOTORS,0,500,100,0,90.0,,,,,,,
7921,PERFORMING,MOTORS,0,500,100,0,90.0,,,,,,,
7922,PERFORMING,MOTORS,0,500,100,0,90.0,,,,,,,
7923,PERFORMING,MOTORS,0,500,100,0,90.0,,,,,,,
7925,PERFORMING,MOTORS,0,500,100,0,90.0,,,,,,,
7926,PERFORMING,MOTORS,0,500,100,0,90.0,,,,,,,
7927,PERFORMING,MOTORS,0,500,100,0,90.0,,,,,,,
7928,PERFORMING,MOTORS,0,500,100,0,90.0,,,,,,,
7929,PERFORMING,MOTORS,0,500,100,0,90.0,,,,,,,
7930,PERFORMING,MOTORS,0,500,100,0,90.0,,,,,,,
7931,PERFORMING,MOTORS,0,500,100,0,90.0,,,,,,,
7933,PERFORMING,MOTORS,0,500,100,0,90.0,,,,,,,
7934,PERFORMING,MOTORS,0,500,100,0,90.0,,,,,,,
7935,PERFORMING,MOTORS,0,500,100,0,90.0,,,,,,,
7936,PERFORMING,MOTORS,0,500,100,0,90.0,,,,,,,
7937,PERFORMING,MOTORS,0,500,100,0,90.0,,,,,,,
7938,PERFORMING,MOTORS,0,500,100,0,90.0,,,,,,,
7940,PERFORMING,MOTORS,0,500,100,0,90.0,,,,,,,
7941,PERFORMING,MOTORS,0,500,100,0,90.0,,,,,,,
7942,PERFORMING,MOTORS,0,500,100,0,90.0,,,,,,,
7943,PERFORMING,MOTORS,0,500,100,0,90.0,,,,,,,
7944,PERFORMING,MOTORS,0,500,100,0,90.0,,,,,,,
7945,PERFORMING,MOTORS,0,500,100,0,90.0,,,,,,,
7946,PERFORMING,MOTORS,0,500,100,0,90.0,,,,,,,
7947,PERFORMING,MOTORS,0,500,100,0,90.0,,,,,,,
7949,PERFORMING,MOTORS,0,500,100,0,90.0,,,,,,,
7950,PERFORMING,MOTORS,0,500,100,0,90.0,,,,,,,
7951,PERFORMING,MOTORS,0,500,100,0,90.0,,,,,,,
7952,PERFORMING,MOTORS,0,500,100,0,90.0,,,,,,,
7953,PERFORMING,MOTORS,0,500,100,0,90.0,,,,,,,
7954,PERFORMING,MOTORS,0,500,100,0,90.0,,,,,,,
7956,PERFORMING,MOTORS,0,500,100,0,90.0,,,,,,,
7957,PERFORMING,MOTORS,0,500,100,0,90.0,,,,,,,
7958,PERFORMING,MOTORS,0,500,100,0,90.0,,,,,,,
7959,PERFORMING,MOTORS,0,500,100,0,90.0,,,,,,,
7960,PERFORMING,MOTORS,0,500,100,0,90.0,,,,,,,
7961,PERFORMING,MOTORS,0,500,100,0,90.0,,,,,,,
7962,PERFORMING,MOTORS,0,500,100,0,90.0,,,,,,,
7963,PERFORMING,MOTORS,0,500,100,0,90.0,,,,,,,
7965,PERFORMING,MOTORS,0,500,100,0,90.0,,,,,,,
7966,PERFORMING,MOTORS,0,500,100,0,90.0,,,,,,,
7967,PERFORMING,MOTORS,0,500,100,0,90.0,,,,,,,
7968,PERFORMING,MOTORS,0,500,100,0,90.0,,,,,,,
7969,PERFORMING,MOTORS,0,500,100,0,90.0,,,,,,,
7970,PERFORMING,MOTORS,0,500,100,0,90.0,,,,,,,
7971,PERFORMING,MOTORS,0,500,100,0,90.0,,,,,,,
7972,PERFORMING,MOTORS,0,500,100,0,90.0,,,,,,,
7974,PERFORMING,MOTORS,0,500,100,0,90.0,,,,,,,
7975,PERFORMING,MOTORS,0,500,100,0,90.0,,,,,,,
7976,PERFORMING,MOTORS,0,500,100,0,90.0,,,,,,,
7977,PERFORMING,MOTORS,0,500,100,0,90.0,,,,,,,
7978,PERFORMING,MOTORS,0,500,100,0,90.0,,,,,,,
7979,PERFORMING,MOTORS,0,500,100,0,90.0,,,,,,,
7980,PERFORMING,MOTORS,0,500,100,0,90.0,,,,,,,
7981,PERFORMING,MOTORS,0,500,100,0,90.0,,,,,,,
7983,PERFORMING,MOTORS,0,500,100,0,90.0,,,,,,,
7984,PERFORMING,MOTORS,0,500,100,0,90.0,,,,,,,
7985,PERFORMING,MOTORS,0,500,100,0,90.0,,,,,,,
7986,PERFORMING,MOTORS,0,500,100,0,90.0,,,,,,,
7987,PERFORMING,MOTORS,0,500,100,0,90.0,,,,,,,
7988,PERFORMING,MOTORS,0,500,100,0,90.0,,,,,,,
7989,PERFORMING,MOTORS,0,500,100,0,90.0,,,,,,,
7990,PERFORMING,MOTORS,0,500,100,0,90.0,,,,,,,
7992,PERFORMING,MOTORS,0,500,100,0,90.0,,,,,,,
7993,PERFORMING,MOTORS,0,500,100,0,90.0,,,,,,,
7994,PERFORMING,MOTORS,0,500,100,0,90.0,,,,,,,
7995,PERFORMING,MOTORS,0,500,100,0,90.0,,,,,,,
7996,PERFORMING,MOTORS,0,500,100,0,90.0,,,,,,,
7997,PERFORMING,MOTORS,0,500,100,0,90.0,,,,,,,
7998,PERFORMING,MOTORS,0,500,100,0,90.0,,,,,,,
7999,PERFORMING,MOTORS,0,500,100,0,90.0,,,,,,,
8001,PERFORMING,MOTORS,0,500,100,0,90.0,,,,,,,
8002,PERFORMING,MOTORS,0,500,100,0,90.0,,,,,,,
8003,PERFORMING,MOTORS,0,500,100,0,90.0,,,,,,,
8004,PERFORMING,MOTORS,0,500,100,0,90.0,,,,,,,
8005,PERFORMING,MOTORS,0,500,100,0,90.0,,,,,,,
8006,PERFORMING,MOTORS,0,500,100,0,90.0,,,,,,,
8007,PERFORMING,MOTORS,0,500,100,0,90.0,,,,,,,
8008,PERFORMING,MOTORS,0,500,100,0,90.0,,,,,,,
8009,PERFORMING,MOTORS,0,500,100,0,90.0,,,,,,,
8011,PERFORMING,MOTORS,0,500,100,0,90.0,,,,,,,
8012,PERFORMING,MOTORS,0,500,100,0,90.0,,,,,,,
8013,PERFORMING,MOTORS,0,500,100,0,90.0,,,,,,,
8014,PERFORMING,MOTORS,0,500,100,0,90.0,,,,,,,
8015,PERFORMING,MOTORS,0,500,100,0,90.0,,,,,,,
8016,PERFORMING,MOTORS,0,500,100,0,90.0,,,,,,,
8017,PERFORMING,MOTORS,0,500,100,0,90.0,,,,,,,
8018,PERFORMING,MOTORS,0,500,100,0,90.0,,,,,,,
8019,PERFORMING,MOTORS,0,500,100,0,90.0,,,,,,,
8020,PERFORMING,MOTORS,0,500,100,0,90.0,,,,,,,
8022,PERFORMING,MOTORS,0,500,100,0,90.0,,,,,,,
8023,PERFORMING,MOTORS,0,500,100,0,90.0,,,,,,,
8024,PERFORMING,MOTORS,0,500,100,0,90.0,,,,,,,
8025,PERFORMING,MOTORS,0,500,100,0,90.0,,,,,,,
8026,PERFORMING,MOTORS,0,500,100,0,90.0,,,,,,,
8027,PERFORMING,MOTORS,0,500,100,0,90.0,,,,,,,
8029,PERFORMING,MOTORS,0,500,100,0,90.0,,,,,,,
8030,PERFORMING,MOTORS,0,500,100,0,90.0,,,,,,,
8031,PERFORMING,MOTORS,0,500,100,0,90.0,,,,,,,
8032,PERFORMING,MOTORS,0,500,100,0,90.0,,,,,,,
8033,PERFORMING,MOTORS,0,500,100,0,90.0,,,,,,,
8034,PERFORMING,MOTORS,0,500,100,0,90.0,,,,,,,
8035,PERFORMING,MOTORS,0,500,100,0,90.0,,,,,,,
8036,PERFORMING,MOTORS,0,500,100,0,90.0,,,,,,,
8038,PERFORMING,MOTORS,0,500,100,0,90.0,,,,,,,
8039,PERFORMING,MOTORS,0,500,100,0,90.0,,,,,,,
8040,PERFORMING,MOTORS,0,500,100,0,90.0,,,,,,,
8041,PERFORMING,MOTORS,0,500,100,0,90.0,,,,,,,
8042,PERFORMING,MOTORS,0,500,100,0,90.0,,,,,,,
8043,PERFORMING,MOTORS,0,500,100,0,90.0,,,,,,,
8044,PERFORMING,MOTORS,0,500,100,0,90.0,,,,,,,
8046,PERFORMING,MOTORS,0,500,100,0,90.0,,,,,,,
8047,PERFORMING,MOTORS,0,500,100,0,90.0,,,,,,,
8048,PERFORMING,MOTORS,0,500,100,0,90.0,,,,,,,
8049,PERFORMING,MOTORS,0,500,100,0,90.0,,,,,,,
8050,PERFORMING,MOTORS,0,500,100,0,90.0,,,,,,,
8051,PERFORMING,MOTORS,0,500,100,0,90.0,,,,,,,
8052,PERFORMING,MOTORS,0,500,100,0,90.0,,,,,,,
8053,PERFORMING,MOTORS,0,500,100,0,90.0,,,,,,,
8055,PERFORMING,MOTORS,0,500,100,0,90.0,,,,,,,
8056,PERFORMING,MOTORS,0,500,100,0,90.0,,,,,,,
8057,PERFORMING,MOTORS,0,500,100,0,90.0,,,,,,,
8058,PERFORMING,MOTORS,0,500,100,0,90.0,,,,,,,
8059,PERFORMING,MOTORS,0,500,100,0,90.0,,,,,,,
8060,PERFORMING,MOTORS,0,500,100,0,90.0,,,,,,,
8061,PERFORMING,MOTORS,0,500,100,0,90.0,,,,,,,
8062,PERFORMING,MOTORS,0,500,100,0,90.0,,,,,,,
8064,PERFORMING,MOTORS,0,500,100,0,90.0,,,,,,,
8065,PERFORMING,MOTORS,0,500,100,0,90.0,,,,,,,
8066,PERFORMING,MOTORS,0,500,100,0,90.0,,,,,,,
8067,PERFORMING,MOTORS,0,500,100,0,90.0,,,,,,,
8068,PERFORMING,MOTORS,0,500,100,0,90.0,,,,,,,
8069,PERFORMING,MOTORS,0,500,100,0,90.0,,,,,,,
8071,PERFORMING,MOTORS,0,500,100,0,90.0,,,,,,,
8072,PERFORMING,MOTORS,0,500,100,0,90.0,,,,,,,
8073,PERFORMING,MOTORS,0,500,100,0,90.0,,,,,,,
8074,PERFORMING,MOTORS,0,500,100,0,90.0,,,,,,,
8075,PERFORMING,MOTORS,0,500,100,0,90.0,,,,,,,
8076,PERFORMING,MOTORS,0,500,100,0,90.0,,,,,,,
8077,PERFORMING,MOTORS,0,500,100,0,90.0,,,,,,,
8079,PERFORMING,MOTORS,0,500,100,0,90.0,,,,,,,
8080,PERFORMING,MOTORS,0,500,100,0,90.0,,,,,,,
8081,PERFORMING,MOTORS,0,500,100,0,90.0,,,,,,,
8082,PERFORMING,MOTORS,0,500,100,0,90.0,,,,,,,
8083,PERFORMING,MOTORS,0,500,100,0,90.0,,,,,,,
8084,PERFORMING,MOTORS,0,500,100,0,90.0,,,,,,,
8085,PERFORMING,MOTORS,0,500,100,0,90.0,,,,,,,
8087,PERFORMING,MOTORS,0,500,100,0,90.0,,,,,,,
8088,PERFORMING,MOTORS,0,500,100,0,90.0,,,,,,,
8089,PERFORMING,MOTORS,0,500,100,0,90.0,,,,,,,
8090,PERFORMING,MOTORS,0,500,100,0,90.0,,,,,,,
8091,PERFORMING,MOTORS,0,500,100,0,90.0,,,,,,,
8092,PERFORMING,MOTORS,0,500,100,0,90.0,,,,,,,
8093,PERFORMING,MOTORS,0,500,100,0,90.0,,,,,,,
8095,PERFORMING,MOTORS,0,500,100,0,90.0,,,,,,,
8096,PERFORMING,MOTORS,0,500,100,0,90.0,,,,,,,
8097,PERFORMING,MOTORS,0,500,100,0,90.0,,,,,,,
8098,PERFORMING,MOTORS,0,500,100,0,90.0,,,,,,,
8099,PERFORMING,MOTORS,0,500,100,0,90.0,,,,,,,
8100,PERFORMING,MOTORS,0,500,100,0,90.0,,,,,,,
8101,PERFORMING,MOTORS,0,500,100,0,90.0,,,,,,,
8103,PERFORMING,MOTORS,0,500,100,0,90.0,,,,,,,
8104,PERFORMING,MOTORS,0,500,100,0,90.0,,,,,,,
8105,PERFORMING,MOTORS,0,500,100,0,90.0,,,,,,,
8106,PERFORMING,MOTORS,0,500,100,0,90.0,,,,,,,
8107,PERFORMING,MOTORS,0,500,100,0,90.0,,,,,,,
8108,PERFORMING,MOTORS,0,500,100,0,90.0,,,,,,,
8109,PERFORMING,MOTORS,0,500,100,0,90.0,,,,,,,
8111,PERFORMING,MOTORS,0,500,100,0,90.0,,,,,,,
8112,PERFORMING,MOTORS,0,500,100,0,90.0,,,,,,,
8113,PERFORMING,MOTORS,0,500,100,0,90.0,,,,,,,
8114,PERFORMING,MOTORS,0,500,100,0,90.0,,,,,,,
8115,PERFORMING,MOTORS,0,500,100,0,90.0,,,,,,,
8116,PERFORMING,MOTORS,0,500,100,0,90.0,,,,,,,
8117,PERFORMING,MOTORS,0,500,100,0,90.0,,,,,,,
8119,PERFORMING,MOTORS,0,500,100,0,90.0,,,,,,,
8120,PERFORMING,MOTORS,0,500,100,0,90.0,,,,,,,
8121,PERFORMING,MOTORS,0,500,100,0,90.0,,,,,,,
8122,PERFORMING,MOTORS,0,500,100,0,90.0,,,,,,,
8123,PERFORMING,MOTORS,0,500,100,0,90.0,,,,,,,
8124,PERFORMING,MOTORS,0,500,100,0,90.0,,,,,,,
8125,PERFORMING,MOTORS,0,500,100,0,90.0,,,,,,,
8127,PERFORMING,MOTORS,0,500,100,0,90.0,,,,,,,
8128,PERFORMING,MOTORS,0,500,100,0,90.0,,,,,,,
8129,PERFORMING,MOTORS,0,500,100,0,90.0,,,,,,,
8130,PERFORMING,MOTORS,0,500,100,0,90.0,,,,,,,
8131,PERFORMING,MOTORS,0,500,100,0,90.0,,,,,,,
8132,PERFORMING,MOTORS,0,500,100,0,90.0,,,,,,,
8134,PERFORMING,MOTORS,0,500,100,0,90.0,,,,,,,
8135,PERFORMING,MOTORS,0,500,100,0,90.0,,,,,,,
8136,PERFORMING,MOTORS,0,500,100,0,90.0,,,,,,,
8137,PERFORMING,MOTORS,0,500,100,0,90.0,,,,,,,
8138,PERFORMING,MOTORS,0,500,100,0,90.0,,,,,,,
8139,PERFORMING,MOTORS,0,500,100,0,90.0,,,,,,,
8141,PERFORMING,MOTORS,0,500,100,0,90.0,,,,,,,
8142,PERFORMING,MOTORS,0,500,100,0,90.0,,,,,,,
8143,PERFORMING,MOTORS,0,500,100,0,90.0,,,,,,,
8144,PERFORMING,MOTORS,0,500,100,0,90.0,,,,,,,
8145,PERFORMING,MOTORS,0,500,100,0,90.0,,,,,,,
8146,PERFORMING,MOTORS,0,500,100,0,90.0,,,,,,,
8147,PERFORMING,MOTORS,0,500,100,0,90.0,,,,,,,
8149,PERFORMING,MOTORS,0,500,100,0,90.0,,,,,,,
8150,PERFORMING,MOTORS,0,500,100,0,90.0,,,,,,,
8151,PERFORMING,MOTORS,0,500,100,0,90.0,,,,,,,
8152,PERFORMING,MOTORS,0,500,100,0,90.0,,,,,,,
8153,PERFORMING,MOTORS,0,500,100,0,90.0,,,,,,,
8154,PERFORMING,MOTORS,0,500,100,0,90.0,,,,,,,
8155,PERFORMING,MOTORS,0,500,100,0,90.0,,,,,,,
8157,PERFORMING,MOTORS,0,500,100,0,90.0,,,,,,,
8158,PERFORMING,MOTORS,0,500,100,0,90.0,,,,,,,
8159,PERFORMING,MOTORS,0,500,100,0,90.0,,,,,,,
8160,PERFORMING,MOTORS,0,500,100,0,90.0,,,,,,,
8161,PERFORMING,MOTORS,0,500,100,0,90.0,,,,,,,
8162,PERFORMING,MOTORS,0,500,100,0,90.0,,,,,,,
8163,PERFORMING,MOTORS,0,500,100,0,90.0,,,,,,,
8165,PERFORMING,MOTORS,0,500,100,0,90.0,,,,,,,
8166,PERFORMING,MOTORS,0,500,100,0,90.0,,,,,,,
8167,PERFORMING,MOTORS,0,500,100,0,90.0,,,,,,,
8168,PERFORMING,MOTORS,0,500,100,0,90.0,,,,,,,
8169,PERFORMING,MOTORS,0,500,100,0,90.0,,,,,,,
8170,PERFORMING,MOTORS,0,500,100,0,90.0,,,,,,,
8171,PERFORMING,MOTORS,0,500,100,0,90.0,,,,,,,
8173,PERFORMING,MOTORS,0,500,100,0,90.0,,,,,,,
8174,PERFORMING,MOTORS,0,500,100,0,90.0,,,,,,,
8175,PERFORMING,MOTORS,0,500,100,0,90.0,,,,,,,
8176,PERFORMING,MOTORS,0,500,100,0,90.0,,,,,,,
8177,PERFORMING,MOTORS,0,500,100,0,90.0,,,,,,,
8178,PERFORMING,MOTORS,0,500,100,0,90.0,,,,,,,
8180,PERFORMING,MOTORS,0,500,100,0,90.0,,,,,,,
8181,PERFORMING,MOTORS,0,500,100,0,90.0,,,,,,,
8182,PERFORMING,MOTORS,0,500,100,0,90.0,,,,,,,
8183,PERFORMING,MOTORS,0,500,100,0,90.0,,,,,,,
8184,PERFORMING,MOTORS,0,500,100,0,90.0,,,,,,,
8186,PERFORMING,MOTORS,0,500,100,0,90.0,,,,,,,
8187,PERFORMING,MOTORS,0,500,100,0,90.0,,,,,,,
8188,PERFORMING,MOTORS,0,500,100,0,90.0,,,,,,,
8189,PERFORMING,MOTORS,0,500,100,0,90.0,,,,,,,
8190,PERFORMING,MOTORS,0,500,100,0,90.0,,,,,,,
8191,PERFORMING,MOTORS,0,500,100,0,90.0,,,,,,,
8192,PERFORMING,MOTORS,0,500,100,0,90.0,,,,,,,
8194,PERFORMING,MOTORS,0,500,100,0,90.0,,,,,,,
8195,PERFORMING,MOTORS,0,500,100,0,90.0,,,,,,,
8196,PERFORMING,MOTORS,0,500,100,0,90.0,,,,,,,
8197,PERFORMING,MOTORS,0,500,100,0,90.0,,,,,,,
8198,PERFORMING,MOTORS,0,500,100,0,90.0,,,,,,,
8199,PERFORMING,MOTORS,0,500,100,0,90.0,,,,,,,
8200,PERFORMING,MOTORS,0,500,100,0,90.0,,,,,,,
8202,PERFORMING,MOTORS,0,500,100,0,90.0,,,,,,,
8203,PERFORMING,MOTORS,0,500,100,0,90.0,,,,,,,
8204,PERFORMING,MOTORS,0,500,100,0,90.0,,,,,,,
8205,PERFORMING,MOTORS,0,500,100,0,90.0,,,,,,,
8206,PERFORMING,MOTORS,0,500,100,0,90.0,,,,,,,
8207,PERFORMING,MOTORS,0,500,100,0,90.0,,,,,,,
8208,PERFORMING,MOTORS,0,500,100,0,90.0,,,,,,,
8210,PERFORMING,MOTORS,0,500,100,0,90.0,,,,,,,
8211,PERFORMING,MOTORS,0,500,100,0,90.0,,,,,,,
8212,PERFORMING,MOTORS,0,500,100,0,90.0,,,,,,,
8213,PERFORMING,MOTORS,0,500,100,0,90.0,,,,,,,
8214,PERFORMING,MOTORS,0,500,100,0,90.0,,,,,,,
8216,PERFORMING,MOTORS,0,500,100,0,90.0,,,,,,,
8217,PERFORMING,MOTORS,0,500,100,0,90.0,,,,,,,
8218,PERFORMING,MOTORS,0,500,100,0,90.0,,,,,,,
8219,PERFORMING,MOTORS,0,500,100,0,90.0,,,,,,,
8220,PERFORMING,MOTORS,0,500,100,0,90.0,,,,,,,
8221,PERFORMING,MOTORS,0,500,100,0,90.0,,,,,,,
8223,PERFORMING,MOTORS,0,500,100,0,90.0,,,,,,,
8224,PERFORMING,MOTORS,0,500,100,0,90.0,,,,,,,
8225,PERFORMING,MOTORS,0,500,100,0,90.0,,,,,,,
8226,PERFORMING,MOTORS,0,500,100,0,90.0,,,,,,,
8227,PERFORMING,MOTORS,0,500,100,0,90.0,,,,,,,
8228,PERFORMING,MOTORS,0,500,100,0,90.0,,,,,,,
8230,PERFORMING,MOTORS,0,500,100,0,90.0,,,,,,,
8231,PERFORMING,MOTORS,0,500,100,0,90.0,,,,,,,
8232,PERFORMING,MOTORS,0,500,100,0,90.0,,,,,,,
8233,PERFORMING,MOTORS,0,500,100,0,90.0,,,,,,,
8234,PERFORMING,MOTORS,0,500,100,0,90.0,,,,,,,
8235,PERFORMING,MOTORS,0,500,100,0,90.0,,,,,,,
8236,PERFORMING,MOTORS,0,500,100,0,90.0,,,,,,,
8238,PERFORMING,MOTORS,0,500,100,0,90.0,,,,,,,
8239,PERFORMING,MOTORS,0,500,100,0,90.0,,,,,,,
8240,PERFORMING,MOTORS,0,500,100,0,90.0,,,,,,,
8241,PERFORMING,MOTORS,0,500,100,0,90.0,,,,,,,
8242,PERFORMING,MOTORS,0,500,100,0,90.0,,,,,,,
8243,PERFORMING,MOTORS,0,500,100,0,90.0,,,,,,,
8245,PERFORMING,MOTORS,0,500,100,0,90.0,,,,,,,
8246,PERFORMING,MOTORS,0,500,100,0,90.0,,,,,,,
8247,PERFORMING,MOTORS,0,500,100,0,90.0,,,,,,,
8248,PERFORMING,MOTORS,0,500,100,0,90.0,,,,,,,
8249,PERFORMING,MOTORS,0,500,100,0,90.0,,,,,,,
8251,PERFORMING,MOTORS,0,500,100,0,90.0,,,,,,,
8252,PERFORMING,MOTORS,0,500,100,0,90.0,,,,,,,
8253,PERFORMING,MOTORS,0,500,100,0,90.0,,,,,,,
8254,PERFORMING,MOTORS,0,500,100,0,90.0,,,,,,,
8255,PERFORMING,MOTORS,0,500,100,0,90.0,,,,,,,
8256,PERFORMING,MOTORS,0,500,100,0,90.0,,,,,,,
8257,PERFORMING,MOTORS,0,500,100,0,90.0,,,,,,,
8259,PERFORMING,MOTORS,0,500,100,0,90.0,,,,,,,
8260,PERFORMING,MOTORS,0,500,100,0,90.0,,,,,,,
8261,PERFORMING,MOTORS,0,500,100,0,90.0,,,,,,,
8262,PERFORMING,MOTORS,0,500,100,0,90.0,,,,,,,
8263,PERFORMING,MOTORS,0,500,100,0,90.0,,,,,,,
8264,PERFORMING,MOTORS,0,500,100,0,90.0,,,,,,,
8265,PERFORMING,MOTORS,0,500,100,0,90.0,,,,,,,
8267,PERFORMING,MOTORS,0,500,100,0,90.0,,,,,,,
8268,PERFORMING,MOTORS,0,500,100,0,90.0,,,,,,,
8269,PERFORMING,MOTORS,0,500,100,0,90.0,,,,,,,
8270,PERFORMING,MOTORS,0,500,100,0,90.0,,,,,,,
8271,PERFORMING,MOTORS,0,500,100,0,90.0,,,,,,,
8272,PERFORMING,MOTORS,0,500,100,0,90.0,,,,,,,
8273,PERFORMING,MOTORS,0,500,100,0,90.0,,,,,,,
8275,PERFORMING,MOTORS,0,500,100,0,90.0,,,,,,,
8276,PERFORMING,MOTORS,0,500,100,0,90.0,,,,,,,
8277,PERFORMING,MOTORS,0,500,100,0,90.0,,,,,,,
8278,PERFORMING,MOTORS,0,500,100,0,90.0,,,,,,,
8279,PERFORMING,MOTORS,0,500,100,0,90.0,,,,,,,
8280,PERFORMING,MOTORS,0,500,100,0,90.0,,,,,,,
8282,PERFORMING,MOTORS,0,500,100,0,90.0,,,,,,,
8283,PERFORMING,MOTORS,0,500,100,0,90.0,,,,,,,
8284,PERFORMING,MOTORS,0,500,100,0,90.0,,,,,,,
8285,PERFORMING,MOTORS,0,500,100,0,90.0,,,,,,,
8286,PERFORMING,MOTORS,0,500,100,0,90.0,,,,,,,
8287,PERFORMING,MOTORS,0,500,100,0,90.0,,,,,,,
8288,PERFORMING,MOTORS,0,500,100,0,90.0,,,,,,,
8290,PERFORMING,MOTORS,0,500,100,0,90.0,,,,,,,
8291,PERFORMING,MOTORS,0,500,100,0,90.0,,,,,,,
8292,PERFORMING,MOTORS,0,500,100,0,90.0,,,,,,,
8293,PERFORMING,MOTORS,0,500,100,0,90.0,,,,,,,
8294,PERFORMING,MOTORS,0,500,100,0,90.0,,,,,,,
8295,PERFORMING,MOTORS,0,500,100,0,90.0,,,,,,,
8296,PERFORMING,MOTORS,0,500,100,0,90.0,,,,,,,
8298,PERFORMING,MOTORS,0,500,100,0,90.0,,,,,,,
8299,PERFORMING,MOTORS,0,500,100,0,90.0,,,,,,,
8300,PERFORMING,MOTORS,0,500,100,0,90.0,,,,,,,
8301,PERFORMING,MOTORS,0,500,100,0,90.0,,,,,,,
8302,PERFORMING,MOTORS,0,500,100,0,90.0,,,,,,,
8304,PERFORMING,MOTORS,0,500,100,0,90.0,,,,,,,
8305,PERFORMING,MOTORS,0,500,100,0,90.0,,,,,,,
8306,PERFORMING,MOTORS,0,500,100,0,90.0,,,,,,,
8307,PERFORMING,MOTORS,0,500,100,0,90.0,,,,,,,
8308,PERFORMING,MOTORS,0,500,100,0,90.0,,,,,,,
8309,PERFORMING,MOTORS,0,500,100,0,90.0,,,,,,,
8310,PERFORMING,MOTORS,0,500,100,0,90.0,,,,,,,
8312,PERFORMING,MOTORS,0,500,100,0,90.0,,,,,,,
8313,PERFORMING,MOTORS,0,500,100,0,90.0,,,,,,,
8314,PERFORMING,MOTORS,0,500,100,0,90.0,,,,,,,
8315,PERFORMING,MOTORS,0,500,100,0,90.0,,,,,,,
8316,PERFORMING,MOTORS,0,500,100,0,90.0,,,,,,,
8317,PERFORMING,MOTORS,0,500,100,0,90.0,,,,,,,
8319,PERFORMING,MOTORS,0,500,100,0,90.0,,,,,,,
8320,PERFORMING,MOTORS,0,500,100,0,90.0,,,,,,,
8321,PERFORMING,MOTORS,0,500,100,0,90.0,,,,,,,
8322,PERFORMING,MOTORS,0,500,100,0,90.0,,,,,,,
8323,PERFORMING,MOTORS,0,500,100,0,90.0,,,,,,,
8324,PERFORMING,MOTORS,0,500,100,0,90.0,,,,,,,
8326,PERFORMING,MOTORS,0,500,100,0,90.0,,,,,,,
8327,PERFORMING,MOTORS,0,500,100,0,90.0,,,,,,,
8328,PERFORMING,MOTORS,0,500,100,0,90.0,,,,,,,
8329,PERFORMING,MOTORS,0,500,100,0,90.0,,,,,,,
8330,PERFORMING,MOTORS,0,500,100,0,90.0,,,,,,,
8331,PERFORMING,MOTORS,0,500,100,0,90.0,,,,,,,
8332,PERFORMING,MOTORS,0,500,100,0,90.0,,,,,,,
8333,PERFORMING,MOTORS,0,500,100,0,90.0,,,,,,,
8335,PERFORMING,MOTORS,0,500,100,0,90.0,,,,,,,
8336,PERFORMING,MOTORS,0,500,100,0,90.0,,,,,,,
8337,PERFORMING,MOTORS,0,500,100,0,90.0,,,,,,,
8338,PERFORMING,MOTORS,0,500,100,0,90.0,,,,,,,
8339,PERFORMING,MOTORS,0,500,100,0,90.0,,,,,,,
8341,PERFORMING,MOTORS,0,500,100,0,90.0,,,,,,,
8342,PERFORMING,MOTORS,0,500,100,0,90.0,,,,,,,
8343,PERFORMING,MOTORS,0,500,100,0,90.0,,,,,,,
8344,PERFORMING,MOTORS,0,500,100,0,90.0,,,,,,,
8345,PERFORMING,MOTORS,0,500,100,0,90.0,,,,,,,
8347,PERFORMING,MOTORS,0,500,100,0,90.0,,,,,,,
8348,PERFORMING,MOTORS,0,500,100,0,90.0,,,,,,,
8349,PERFORMING,MOTORS,0,500,100,0,90.0,,,,,,,
8350,PERFORMING,MOTORS,0,500,100,0,90.0,,,,,,,
8351,PERFORMING,MOTORS,0,500,100,0,90.0,,,,,,,
8352,PERFORMING,MOTORS,0,500,100,0,90.0,,,,,,,
8354,PERFORMING,MOTORS,0,500,100,0,90.0,,,,,,,
8355,PERFORMING,MOTORS,0,500,100,0,90.0,,,,,,,
8356,PERFORMING,MOTORS,0,500,100,0,90.0,,,,,,,
8357,PERFORMING,MOTORS,0,500,100,0,90.0,,,,,,,
8358,PERFORMING,MOTORS,0,500,100,0,90.0,,,,,,,
8359,PERFORMING,MOTORS,0,500,100,0,90.0,,,,,,,
8360,PERFORMING,MOTORS,0,500,100,0,90.0,,,,,,,
8361,PERFORMING,MOTORS,0,500,100,0,90.0,,,,,,,
8363,PERFORMING,MOTORS,0,500,100,0,90.0,,,,,,,
8364,PERFORMING,MOTORS,0,500,100,0,90.0,,,,,,,
8365,PERFORMING,MOTORS,0,500,100,0,90.0,,,,,,,
8366,PERFORMING,MOTORS,0,500,100,0,90.0,,,,,,,
8367,PERFORMING,MOTORS,0,500,100,0,90.0,,,,,,,
8368,PERFORMING,MOTORS,0,500,100,0,90.0,,,,,,,
8369,PERFORMING,MOTORS,0,500,100,0,90.0,,,,,,,
8370,PERFORMING,MOTORS,0,500,100,0,90.0,,,,,,,
8372,PERFORMING,MOTORS,0,500,100,0,90.0,,,,,,,
8373,PERFORMING,MOTORS,0,500,100,0,90.0,,,,,,,
8374,PERFORMING,MOTORS,0,500,100,0,90.0,,,,,,,
8375,PERFORMING,MOTORS,0,500,100,0,90.0,,,,,,,
8376,PERFORMING,MOTORS,0,500,100,0,90.0,,,,,,,
8377,PERFORMING,MOTORS,0,500,100,0,90.0,,,,,,,
8378,PERFORMING,MOTORS,0,500,100,0,90.0,,,,,,,
8379,PERFORMING,MOTORS,0,500,100,0,90.0,,,,,,,
8381,PERFORMING,MOTORS,0,500,100,0,90.0,,,,,,,
8382,PERFORMING,MOTORS,0,500,100,0,90.0,,,,,,,
8383,PERFORMING,MOTORS,0,500,100,0,90.0,,,,,,,
8384,PERFORMING,MOTORS,0,500,100,0,90.0,,,,,,,
8385,PERFORMING,MOTORS,0,500,100,0,90.0,,,,,,,
8386,PERFORMING,MOTORS,0,500,100,0,90.0,,,,,,,
8387,PERFORMING,MOTORS,0,500,100,0,90.0,,,,,,,
8388,PERFORMING,MOTORS,0,500,100,0,90.0,,,,,,,
8390,PERFORMING,MOTORS,0,500,100,0,90.0,,,,,,,
8391,PERFORMING,MOTORS,0,500,100,0,90.0,,,,,,,
8392,PERFORMING,MOTORS,0,500,100,0,90.0,,,,,,,
8393,PERFORMING,MOTORS,0,500,100,0,90.0,,,,,,,
8394,PERFORMING,MOTORS,0,500,100,0,90.0,,,,,,,
8395,PERFORMING,MOTORS,0,500,100,0,90.0,,,,,,,
8396,PERFORMING,MOTORS,0,500,100,0,90.0,,,,,,,
8397,PERFORMING,MOTORS,0,500,100,0,90.0,,,,,,,
8399,PERFORMING,MOTORS,0,500,100,0,90.0,,,,,,,
8400,PERFORMING,MOTORS,0,500,100,0,90.0,,,,,,,
8401,PERFORMING,MOTORS,0,500,100,0,90.0,,,,,,,
8402,PERFORMING,MOTORS,0,500,100,0,90.0,,,,,,,
8403,PERFORMING,MOTORS,0,500,100,0,90.0,,,,,,,
8404,PERFORMING,MOTORS,0,500,100,0,90.0,,,,,,,
8405,PERFORMING,MOTORS,0,500,100,0,90.0,,,,,,,
8406,PERFORMING,MOTORS,0,500,100,0,90.0,,,,,,,
8408,PERFORMING,MOTORS,0,500,100,0,90.0,,,,,,,
8409,PERFORMING,MOTORS,0,500,100,0,90.0,,,,,,,
8410,PERFORMING,MOTORS,0,500,100,0,90.0,,,,,,,
8411,PERFORMING,MOTORS,0,500,100,0,90.0,,,,,,,
8412,PERFORMING,MOTORS,0,500,100,0,90.0,,,,,,,
8413,PERFORMING,MOTORS,0,500,100,0,90.0,,,,,,,
8414,PERFORMING,MOTORS,0,500,100,0,90.0,,,,,,,
8415,PERFORMING,MOTORS,0,500,100,0,90.0,,,,,,,
8417,PERFORMING,MOTORS,0,500,100,0,90.0,,,,,,,
8418,PERFORMING,MOTORS,0,500,100,0,90.0,,,,,,,
8419,PERFORMING,MOTORS,0,500,100,0,90.0,,,,,,,
8420,PERFORMING,MOTORS,0,500,100,0,90.0,,,,,,,
8421,PERFORMING,MOTORS,0,500,100,0,90.0,,,,,,,
8422,PERFORMING,MOTORS,0,500,100,0,90.0,,,,,,,
8423,PERFORMING,MOTORS,0,500,100,0,90.0,,,,,,,
8424,PERFORMING,MOTORS,0,500,100,0,90.0,,,,,,,
8426,PERFORMING,MOTORS,0,500,100,0,90.0,,,,,,,
8427,PERFORMING,MOTORS,0,500,100,0,90.0,,,,,,,
8428,PERFORMING,MOTORS,0,500,100,0,90.0,,,,,,,
8429,PERFORMING,MOTORS,0,500,100,0,90.0,,,,,,,
8430,PERFORMING,MOTORS,0,500,100,0,90.0,,,,,,,
8431,PERFORMING,MOTORS,0,500,100,0,90.0,,,,,,,
8432,PERFORMING,MOTORS,0,500,100,0,90.0,,,,,,,
8433,PERFORMING,MOTORS,0,500,100,0,90.0,,,,,,,
8435,PERFORMING,MOTORS,0,500,100,0,90.0,,,,,,,
8436,PERFORMING,MOTORS,0,500,100,0,90.0,,,,,,,
8437,PERFORMING,MOTORS,0,500,100,0,90.0,,,,,,,
8438,PERFORMING,MOTORS,0,500,100,0,90.0,,,,,,,
8439,PERFORMING,MOTORS,0,500,100,0,90.0,,,,,,,
8440,PERFORMING,MOTORS,0,500,100,0,90.0,,,,,,,
8442,PERFORMING,MOTORS,0,500,100,0,90.0,,,,,,,
8443,PERFORMING,MOTORS,0,500,100,0,90.0,,,,,,,
8444,PERFORMING,MOTORS,0,500,100,0,90.0,,,,,,,
8445,PERFORMING,MOTORS,0,500,100,0,90.0,,,,,,,
8446,PERFORMING,MOTORS,0,500,100,0,90.0,,,,,,,
8447,PERFORMING,MOTORS,0,500,100,0,90.0,,,,,,,
8448,PERFORMING,MOTORS,0,500,100,0,90.0,,,,,,,
8449,PERFORMING,MOTORS,0,500,100,0,90.0,,,,,,,
8451,PERFORMING,MOTORS,0,500,100,0,90.0,,,,,,,
8452,PERFORMING,MOTORS,0,500,100,0,90.0,,,,,,,
8453,PERFORMING,MOTORS,0,500,100,0,90.0,,,,,,,
8454,PERFORMING,MOTORS,0,500,100,0,90.0,,,,,,,
8455,PERFORMING,MOTORS,0,500,100,0,90.0,,,,,,,
8456,PERFORMING,MOTORS,0,500,100,0,90.0,,,,,,,
8457,PERFORMING,MOTORS,0,500,100,0,90.0,,,,,,,
8459,PERFORMING,MOTORS,0,500,100,0,90.0,,,,,,,
8460,PERFORMING,MOTORS,0,500,100,0,90.0,,,,,,,
8461,PERFORMING,MOTORS,0,500,100,0,90.0,,,,,,,
8462,PERFORMING,MOTORS,0,500,100,0,90.0,,,,,,,
8463,PERFORMING,MOTORS,0,500,100,0,90.0,,,,,,,
8464,PERFORMING,MOTORS,0,500,100,0,90.0,,,,,,,
8465,PERFORMING,MOTORS,0,500,100,0,90.0,,,,,,,
8466,PERFORMING,MOTORS,0,500,100,0,90.0,,,,,,,
8467,PERFORMING,MOTORS,0,500,100,0,90.0,,,,,,,
8469,PERFORMING,MOTORS,0,500,100,0,90.0,,,,,,,
8470,PERFORMING,MOTORS,0,500,100,0,90.0,,,,,,,
8471,PERFORMING,MOTORS,0,500,100,0,90.0,,,,,,,
8472,PERFORMING,MOTORS,0,500,100,0,90.0,,,,,,,
8473,PERFORMING,MOTORS,0,500,100,0,90.0,,,,,,,
8474,PERFORMING,MOTORS,0,500,100,0,90.0,,,,,,,
8475,PERFORMING,MOTORS,0,500,100,0,90.0,,,,,,,
8477,PERFORMING,MOTORS,0,500,100,0,90.0,,,,,,,
8478,PERFORMING,MOTORS,0,500,100,0,90.0,,,,,,,
8479,PERFORMING,MOTORS,0,500,100,0,90.0,,,,,,,
8480,PERFORMING,MOTORS,0,500,100,0,90.0,,,,,,,
8481,PERFORMING,MOTORS,0,500,100,0,90.0,,,,,,,
8482,PERFORMING,MOTORS,0,500,100,2,90.0,,,,,,,
8484,PERFORMING,MOTORS,0,500,100,6,90.0,,,,,,,
8485,PERFORMING,MOTORS,0,500,100,8,90.0,,,,,,,
8486,PERFORMING,MOTORS,0,500,100,10,90.0,,,,,,,
8487,PERFORMING,MOTORS,0,500,100,12,90.0,,,,,,,
8488,PERFORMING,MOTORS,0,500,100,14,90.0,,,,,,,
8489,PERFORMING,MOTORS,0,500,100,16,90.0,,,,,,,
8490,PERFORMING,MOTORS,0,500,100,18,90.0,,,,,,,
8492,PERFORMING,MOTORS,0,500,100,22,90.0,,,,,,,
8493,PERFORMING,MOTORS,0,500,100,24,90.0,,,,,,,
8494,PERFORMING,MOTORS,0,500,100,26,90.0,,,,,,,
8495,PERFORMING,MOTORS,0,500,100,28,90.0,,,,,,,
8496,PERFORMING,MOTORS,0,500,100,30,90.0,,,,,,,
8497,PERFORMING,MOTORS,0,500,100,32,90.0,,,,,,,
8498,PERFORMING,MOTORS,0,500,100,34,90.0,,,,,,,
8500,PERFORMING,MOTORS,0,500,100,38,90.0,,,,,,,
8501,PERFORMING,MOTORS,0,500,100,40,90.0,,,,,,,
8502,PERFORMING,MOTORS,0,500,100,42,90.0,,,,,,,
8503,PERFORMING,MOTORS,0,500,100,44,90.0,,,,,,,
8504,PERFORMING,MOTORS,0,500,100,46,90.0,,,,,,,
8505,PERFORMING,MOTORS,0,500,100,48,90.0,,,,,,,
8506,PERFORMING,MOTORS,0,500,100,50,90.0,,,,,,,
8507,PERFORMING,MOTORS,0,500,100,52,90.0,,,,,,,
8509,PERFORMING,MOTORS,0,500,100,56,90.0,,,,,,,
8510,PERFORMING,MOTORS,0,500,100,58,90.0,,,,,,,
8511,PERFORMING,MOTORS,0,500,100,60,90.0,,,,,,,
8512,PERFORMING,MOTORS,0,500,100,62,90.0,,,,,,,
8513,PERFORMING,MOTORS,0,500,100,64,90.0,,,,,,,
8514,PERFORMING,MOTORS,0,500,100,66,90.0,,,,,,,
8516,PERFORMING,MOTORS,0,500,100,70,90.0,,,,,,,
8517,PERFORMING,MOTORS,0,500,100,72,90.0,,,,,,,
8518,PERFORMING,MOTORS,0,500,100,74,90.0,,,,,,,
8519,PERFORMING,MOTORS,0,500,100,76,90.0,,,,,,,
8520,PERFORMING,MOTORS,0,500,100,78,90.0,,,,,,,
8521,PERFORMING,MOTORS,0,500,100,80,90.0,,,,,,,
8522,PERFORMING,MOTORS,0,500,100,82,90.0,,,,,,,
8523,PERFORMING,MOTORS,0,500,100,84,90.0,,,,,,,
8524,PERFORMING,MOTORS,0,500,100,86,90.0,,,,,,,
8526,PERFORMING,MOTORS,0,500,100,90,90.0,,,,,,,
8527,PERFORMING,MOTORS,0,500,100,92,90.0,,,,,,,
8528,PERFORMING,MOTORS,0,500,100,94,90.0,,,,,,,
8529,PERFORMING,MOTORS,0,500,100,96,90.0,,,,,,,
8530,PERFORMING,MOTORS,0,500,100,98,90.0,,,,,,,
8531,PERFORMING,MOTORS,0,500,100,100,90.0,,,,,,,
8532,PERFORMING,MOTORS,0,500,100,102,90.0,,,,,,,
8533,PERFORMING,MOTORS,0,500,100,104,90.0,,,,,,,
8535,PERFORMING,MOTORS,0,500,100,108,90.0,,,,,,,
8536,PERFORMING,MOTORS,0,500,100,110,90.0,,,,,,,
8537,PERFORMING,MOTORS,0,500,100,112,90.0,,,,,,,
8538,PERFORMING,MOTORS,0,500,100,114,90.0,,,,,,,
8539,PERFORMING,MOTORS,0,500,100,116,90.0,,,,,,,
8540,PERFORMING,MOTORS,0,500,100,118,90.0,,,,,,,
8541,PERFORMING,MOTORS,0,500,100,120,90.0,,,,,,,
8542,PERFORMING,MOTORS,0,500,100,122,90.0,,,,,,,
8544,PERFORMING,MOTORS,0,500,100,126,90.0,,,,,,,
8545,PERFORMING,MOTORS,0,500,100,128,90.0,,,,,,,
8546,PERFORMING,MOTORS,0,500,100,130,90.0,,,,,,,
8547,PERFORMING,MOTORS,0,500,100,132,90.0,,,,,,,
8548,PERFORMING,MOTORS,0,500,100,134,90.0,,,,,,,
8549,PERFORMING,MOTORS,0,500,100,136,90.0,,,,,,,
8550,PERFORMING,MOTORS,0,500,100,138,90.0,,,,,,,
8552,PERFORMING,MOTORS,0,500,100,142,90.0,,,,,,,
8553,PERFORMING,MOTORS,0,500,100,144,90.0,,,,,,,
8554,PERFORMING,MOTORS,0,500,100,146,90.0,,,,,,,
8555,PERFORMING,MOTORS,0,500,100,148,90.0,,,,,,,
8556,PERFORMING,MOTORS,0,500,100,150,90.0,,,,,,,
8557,PERFORMING,MOTORS,0,500,100,152,90.0,,,,,,,
8558,PERFORMING,MOTORS,0,500,100,154,90.0,,,,,,,
8559,PERFORMING,MOTORS,0,500,100,156,90.0,,,,,,,
8561,PERFORMING,MOTORS,0,500,100,160,90.0,,,,,,,
8562,PERFORMING,MOTORS,0,500,100,162,90.0,,,,,,,
8563,PERFORMING,MOTORS,0,500,100,164,90.0,,,,,,,
8564,PERFORMING,MOTORS,0,500,100,166,90.0,,,,,,,
8565,PERFORMING,MOTORS,0,500,100,168,90.0,,,,,,,
8566,PERFORMING,MOTORS,0,500,100,170,90.0,,,,,,,
8567,PERFORMING,MOTORS,0,500,100,172,90.0,,,,,,,
8569,PERFORMING,MOTORS,0,500,100,176,90.0,,,,,,,
8570,PERFORMING,MOTORS,0,500,100,178,90.0,,,,,,,
8571,PERFORMING,MOTORS,0,500,100,180,90.0,,,,,,,
8572,PERFORMING,MOTORS,0,500,100,182,90.0,,,,,,,
8573,PERFORMING,MOTORS,0,500,100,184,90.0,,,,,,,
8574,PERFORMING,MOTORS,0,500,100,186,90.0,,,,,,,
8575,PERFORMING,MOTORS,0,500,100,188,90.0,,,,,,,
8577,PERFORMING,MOTORS,0,500,100,192,90.0,,,,,,,
8578,PERFORMING,MOTORS,0,500,100,194,90.0,,,,,,,
8579,PERFORMING,MOTORS,0,500,100,196,90.0,,,,,,,
8580,PERFORMING,MOTORS,0,500,100,198,90.0,,,,,,,
8581,PERFORMING,MOTORS,0,500,100,200,90.0,,,,,,,
8582,PERFORMING,MOTORS,0,500,100,200,90.0,,,,,,,
8584,PERFORMING,MOTORS,0,500,100,200,90.0,,,,,,,
8585,PERFORMING,MOTORS,0,500,100,200,90.0,,,,,,,
8586,PERFORMING,MOTORS,0,500,100,200,90.0,,,,,,,
8587,PERFORMING,MOTORS,0,500,100,200,90.0,,,,,,,
8588,PERFORMING,MOTORS,0,500,100,200,90.0,,,,,,,
8589,PERFORMING,MOTORS,0,500,100,200,90.0,,,,,,,
8591,PERFORMING,MOTORS,0,500,100,200,90.0,,,,,,,
8592,PERFORMING,MOTORS,0,500,100,200,90.0,,,,,,,
8593,PERFORMING,MOTORS,0,500,100,200,90.0,,,,,,,
8594,PERFORMING,MOTORS,0,500,100,200,90.0,,,,,,,
8595,PERFORMING,MOTORS,0,500,100,200,90.0,,,,,,,
8596,PERFORMING,MOTORS,0,500,100,200,90.0,,,,,,,
8597,PERFORMING,MOTORS,0,500,100,200,90.0,,,,,,,
8598,PERFORMING,MOTORS,0,500,100,200,90.0,,,,,,,
8600,PERFORMING,MOTORS,0,500,100,200,90.0,,,,,,,
8601,PERFORMING,MOTORS,0,500,100,200,90.0,,,,,,,
8602,PERFORMING,MOTORS,0,500,100,200,90.0,,,,,,,
8603,PERFORMING,MOTORS,0,500,100,200,90.0,,,,,,,
8604,PERFORMING,MOTORS,0,500,100,200,90.0,,,,,,,
8606,PERFORMING,MOTORS,0,500,100,200,90.0,,,,,,,
8607,PERFORMING,MOTORS,0,500,100,200,90.0,,,,,,,
8608,PERFORMING,MOTORS,0,500,100,200,90.0,,,,,,,
8609,PERFORMING,MOTORS,0,500,100,200,90.0,,,,,,,
8610,PERFORMING,MOTORS,0,500,100,200,90.0,,,,,,,
8611,PERFORMING,MOTORS,0,500,100,200,90.0,,,,,,,
8613,PERFORMING,MOTORS,0,500,100,200,90.0,,,,,,,
8614,PERFORMING,MOTORS,0,500,100,200,90.0,,,,,,,
8615,PERFORMING,MOTORS,0,500,100,200,90.0,,,,,,,
8616,PERFORMING,MOTORS,0,500,100,200,90.0,,,,,,,
8617,PERFORMING,MOTORS,0,500,100,200,90.0,,,,,,,
8618,PERFORMING,MOTORS,0,500,100,200,90.0,,,,,,,
8619,PERFORMING,MOTORS,0,500,100,200,90.0,,,,,,,
8621,PERFORMING,MOTORS,0,500,100,200,90.0,,,,,,,
8622,PERFORMING,MOTORS,0,500,100,200,90.0,,,,,,,
8623,PERFORMING,MOTORS,0,500,100,200,90.0,,,,,,,
8624,PERFORMING,MOTORS,0,500,100,200,90.0,,,,,,,
8625,PERFORMING,MOTORS,0,500,100,200,90.0,,,,,,,
8626,PERFORMING,MOTORS,0,500,100,200,90.0,,,,,,,
8627,PERFORMING,MOTORS,0,500,100,200,90.0,,,,,,,
8628,PERFORMING,MOTORS,0,500,100,200,90.0,,,,,,,
8630,PERFORMING,MOTORS,0,500,100,200,90.0,,,,,,,
8631,PERFORMING,MOTORS,0,500,100,200,90.0,,,,,,,
8632,PERFORMING,MOTORS,0,500,100,200,90.0,,,,,,,
8633,PERFORMING,MOTORS,0,500,100,200,90.0,,,,,,,
8634,PERFORMING,MOTORS,0,500,100,200,90.0,,,,,,,
8635,PERFORMING,MOTORS,0,500,100,200,90.0,,,,,,,
8636,PERFORMING,MOTORS,0,500,100,200,90.0,,,,,,,
8638,PERFORMING,MOTORS,0,500,100,200,90.0,,,,,,,
8639,PERFORMING,MOTORS,0,500,100,200,90.0,,,,,,,
8640,PERFORMING,MOTORS,0,500,100,200,90.0,,,,,,,
8641,PERFORMING,MOTORS,0,500,100,200,90.0,,,,,,,
8642,PERFORMING,MOTORS,0,500,100,200,90.0,,,,,,,
8643,PERFORMING,MOTORS,0,500,100,200,90.0,,,,,,,
8644,PERFORMING,MOTORS,0,500,100,200,90.0,,,,,,,
8646,PERFORMING,MOTORS,0,500,100,200,90.0,,,,,,,
8647,PERFORMING,MOTORS,0,500,100,200,90.0,,,,,,,
8648,PERFORMING,MOTORS,0,500,100,200,90.0,,,,,,,
8649,PERFORMING,MOTORS,0,500,100,200,90.0,,,,,,,
8650,PERFORMING,MOTORS,0,500,100,200,90.0,,,,,,,
8651,PERFORMING,MOTORS,0,500,100,200,90.0,,,,,,,
8652,PERFORMING,MOTORS,0,500,100,200,90.0,,,,,,,
8653,PERFORMING,MOTORS,0,500,100,200,90.0,,,,,,,
8654,PERFORMING,MOTORS,0,500,100,200,90.0,,,,,,,
8655,PERFORMING,MOTORS,0,500,100,200,90.0,,,,,,,
8657,PERFORMING,MOTORS,0,500,100,200,90.0,,,,,,,
8658,PERFORMING,MOTORS,0,500,100,200,90.0,,,,,,,
8659,PERFORMING,MOTORS,0,500,100,200,90.0,,,,,,,
8660,PERFORMING,MOTORS,0,500,100,200,90.0,,,,,,,
8661,PERFORMING,MOTORS,0,500,100,200,90.0,,,,,,,
8662,PERFORMING,MOTORS,0,500,100,200,90.0,,,,,,,
8663,PERFORMING,MOTORS,0,500,100,200,90.0,,,,,,,
8664,PERFORMING,MOTORS,0,500,100,200,90.0,,,,,,,
8665,PERFORMING,MOTORS,0,500,100,200,90.0,,,,,,,
8667,PERFORMING,MOTORS,0,500,100,200,90.0,,,,,,,
8668,PERFORMING,MOTORS,0,500,100,200,90.0,,,,,,,
8669,PERFORMING,MOTORS,0,500,100,200,90.0,,,,,,,
8670,PERFORMING,MOTORS,0,500,100,200,90.0,,,,,,,
8671,PERFORMING,MOTORS,0,500,100,200,90.0,,,,,,,
8672,PERFORMING,MOTORS,0,500,100,200,90.0,,,,,,,
8674,PERFORMING,MOTORS,0,500,100,200,90.0,,,,,,,
8675,PERFORMING,MOTORS,0,500,100,200,90.0,,,,,,,
8676,PERFORMING,MOTORS,0,500,100,200,90.0,,,,,,,
8677,PERFORMING,MOTORS,0,500,100,200,90.0,,,,,,,
8678,PERFORMING,MOTORS,0,500,100,200,90.0,,,,,,,
8679,PERFORMING,MOTORS,0,500,100,200,90.0,,,,,,,
8681,PERFORMING,MOTORS,0,500,100,200,90.0,,,,,,,
8682,PERFORMING,MOTORS,0,500,100,200,90.0,,,,,,,
8683,PERFORMING,MOTORS,0,500,100,200,90.0,,,,,,,
8684,PERFORMING,MOTORS,0,500,100,200,90.0,,,,,,,
8685,PERFORMING,MOTORS,0,500,100,200,90.0,,,,,,,
8686,PERFORMING,MOTORS,0,500,100,200,90.0,,,,,,,
8688,PERFORMING,MOTORS,0,500,100,200,90.0,,,,,,,
8689,PERFORMING,MOTORS,0,500,100,200,90.0,,,,,,,
8690,PERFORMING,MOTORS,0,500,100,200,90.0,,,,,,,
8691,PERFORMING,MOTORS,0,500,100,200,90.0,,,,,,,
8692,PERFORMING,MOTORS,0,500,100,200,90.0,,,,,,,
8693,PERFORMING,MOTORS,0,500,100,200,90.0,,,,,,,
8694,PERFORMING,MOTORS,0,500,100,200,90.0,,,,,,,
8696,PERFORMING,MOTORS,0,500,100,200,90.0,,,,,,,
8697,PERFORMING,MOTORS,0,500,100,200,90.0,,,,,,,
8698,PERFORMING,MOTORS,0,500,100,200,90.0,,,,,,,
8699,PERFORMING,MOTORS,0,500,100,200,90.0,,,,,,,
8700,PERFORMING,MOTORS,0,500,100,200,90.0,,,,,,,
8701,PERFORMING,MOTORS,0,500,100,200,90.0,,,,,,,
8702,PERFORMING,MOTORS,0,500,100,200,90.0,,,,,,,
8703,PERFORMING,MOTORS,0,500,100,200,90.0,,,,,,,
8705,PERFORMING,MOTORS,0,500,100,200,90.0,,,,,,,
8706,PERFORMING,MOTORS,0,500,100,200,90.0,,,,,,,
8707,PERFORMING,MOTORS,0,500,100,200,90.0,,,,,,,
8708,PERFORMING,MOTORS,0,500,100,200,90.0,,,,,,,
8709,PERFORMING,MOTORS,0,500,100,200,90.0,,,,,,,
8710,PERFORMING,MOTORS,0,500,100,200,90.0,,,,,,,
8711,PERFORMING,MOTORS,0,500,100,200,90.0,,,,,,,
8712,PERFORMING,MOTORS,0,500,100,200,90.0,,,,,,,
8713,PERFORMING,MOTORS,0,500,100,200,90.0,,,,,,,
8715,PERFORMING,MOTORS,0,500,100,200,90.0,,,,,,,
8716,PERFORMING,MOTORS,0,500,100,200,90.0,,,,,,,
8717,PERFORMING,MOTORS,0,500,100,200,90.0,,,,,,,
8718,PERFORMING,MOTORS,0,500,100,200,90.0,,,,,,,
8719,PERFORMING,MOTORS,0,500,100,200,90.0,,,,,,,
8720,PERFORMING,MOTORS,0,500,100,200,90.0,,,,,,,
8721,PERFORMING,MOTORS,0,500,100,200,90.0,,,,,,,
8723,PERFORMING,MOTORS,0,500,100,200,90.0,,,,,,,
8724,PERFORMING,MOTORS,0,500,100,200,90.0,,,,,,,
8725,PERFORMING,MOTORS,0,500,100,200,90.0,,,,,,,
8726,PERFORMING,MOTORS,0,500,100,200,90.0,,,,,,,
8727,PERFORMING,MOTORS,0,500,100,200,90.0,,,,,,,
8728,PERFORMING,MOTORS,0,500,100,200,90.0,,,,,,,
8729,PERFORMING,MOTORS,0,500,100,200,90.0,,,,,,,
8730,PERFORMING,MOTORS,0,500,100,200,90.0,,,,,,,
8732,PERFORMING,MOTORS,0,500,100,200,90.0,,,,,,,
8733,PERFORMING,MOTORS,0,500,100,200,90.0,,,,,,,
8734,PERFORMING,MOTORS,0,500,100,200,90.0,,,,,,,
8735,PERFORMING,MOTORS,0,500,100,200,90.0,,,,,,,
8736,PERFORMING,MOTORS,0,500,100,200,90.0,,,,,,,
8737,PERFORMING,MOTORS,0,500,100,200,90.0,,,,,,,
8738,PERFORMING,MOTORS,0,500,100,200,90.0,,,,,,,
8739,PERFORMING,MOTORS,0,500,100,200,90.0,,,,,,,
8740,PERFORMING,MOTORS,0,500,100,200,90.0,,,,,,,
8741,PERFORMING,MOTORS,0,500,100,200,90.0,,,,,,,
8743,PERFORMING,MOTORS,0,500,100,200,90.0,,,,,,,
8744,PERFORMING,MOTORS,0,500,100,200,90.0,,,,,,,
8745,PERFORMING,MOTORS,0,500,100,200,90.0,,,,,,,
8746,PERFORMING,MOTORS,0,500,100,200,90.0,,,,,,,
8747,PERFORMING,MOTORS,0,500,100,200,90.0,,,,,,,
8748,PERFORMING,MOTORS,0,500,100,200,90.0,,,,,,,
8749,PERFORMING,MOTORS,0,500,100,200,90.0,,,,,,,
8750,PERFORMING,MOTORS,0,500,100,200,90.0,,,,,,,
8752,PERFORMING,MOTORS,0,500,100,200,90.0,,,,,,,
8753,PERFORMING,MOTORS,0,500,100,200,90.0,,,,,,,
8754,PERFORMING,MOTORS,0,500,100,200,90.0,,,,,,,
8755,PERFORMING,MOTORS,0,500,100,200,90.0,,,,,,,
8756,PERFORMING,MOTORS,0,500,100,200,90.0,,,,,,,
8757,PERFORMING,MOTORS,0,500,100,200,90.0,,,,,,,
8758,PERFORMING,MOTORS,0,500,100,200,90.0,,,,,,,
8759,PERFORMING,MOTORS,0,500,100,200,90.0,,,,,,,
8761,PERFORMING,MOTORS,0,500,100,200,90.0,,,,,,,
8762,PERFORMING,MOTORS,0,500,100,200,90.0,,,,,,,
8763,PERFORMING,MOTORS,0,500,100,200,90.0,,,,,,,
8764,PERFORMING,MOTORS,0,500,100,200,90.0,,,,,,,
8765,PERFORMING,MOTORS,0,500,100,200,90.0,,,,,,,
8766,PERFORMING,MOTORS,0,500,100,200,90.0,,,,,,,
8767,PERFORMING,MOTORS,0,500,100,200,90.0,,,,,,,
8769,PERFORMING,MOTORS,0,500,100,200,90.0,,,,,,,
8770,PERFORMING,MOTORS,0,500,100,200,90.0,,,,,,,
8771,PERFORMING,MOTORS,0,500,100,200,90.0,,,,,,,
8772,PERFORMING,MOTORS,0,500,100,200,90.0,,,,,,,
8773,PERFORMING,MOTORS,0,500,100,200,90.0,,,,,,,
8774,PERFORMING,MOTORS,0,500,100,200,90.0,,,,,,,
8775,PERFORMING,MOTORS,0,500,100,200,90.0,,,,,,,
8776,PERFORMING,MOTORS,0,500,100,200,90.0,,,,,,,
8778,PERFORMING,MOTORS,0,500,100,200,90.0,,,,,,,
8779,PERFORMING,MOTORS,0,500,100,200,90.0,,,,,,,
8780,PERFORMING,MOTORS,0,500,100,200,90.0,,,,,,,
8781,PERFORMING,MOTORS,0,500,100,200,90.0,,,,,,,
8782,PERFORMING,MOTORS,0,500,100,200,90.0,,,,,,,
8783,PERFORMING,MOTORS,0,500,100,200,90.0,,,,,,,
8784,PERFORMING,MOTORS,0,500,100,200,90.0,,,,,,,
8786,PERFORMING,MOTORS,0,500,100,200,90.0,,,,,,,
8787,PERFORMING,MOTORS,0,500,100,200,90.0,,,,,,,
8788,PERFORMING,MOTORS,0,500,100,200,90.0,,,,,,,
8789,PERFORMING,MOTORS,0,500,100,200,90.0,,,,,,,
8790,PERFORMING,MOTORS,0,500,100,200,90.0,,,,,,,
8791,PERFORMING,MOTORS,0,500,100,200,90.0,,,,,,,
8792,PERFORMING,MOTORS,0,500,100,200,90.0,,,,,,,
8793,PERFORMING,MOTORS,0,500,100,200,90.0,,,,,,,
8794,PERFORMING,MOTORS,0,500,100,200,90.0,,,,,,,
8796,PERFORMING,MOTORS,0,500,100,200,90.0,,,,,,,
8797,PERFORMING,MOTORS,0,500,100,200,90.0,,,,,,,
8798,PERFORMING,MOTORS,0,500,100,200,90.0,,,,,,,
8799,PERFORMING,MOTORS,0,500,100,200,90.0,,,,,,,
8800,PERFORMING,MOTORS,0,500,100,200,90.0,,,,,,,
8801,PERFORMING,MOTORS,0,500,100,200,90.0,,,,,,,
8802,PERFORMING,MOTORS,0,500,100,200,90.0,,,,,,,
8803,PERFORMING,MOTORS,0,500,100,200,90.0,,,,,,,
8805,PERFORMING,MOTORS,0,500,100,200,90.0,,,,,,,
8806,PERFORMING,MOTORS,0,500,100,200,90.0,,,,,,,
8807,PERFORMING,MOTORS,0,500,100,200,90.0,,,,,,,
8808,PERFORMING,MOTORS,0,500,100,200,90.0,,,,,,,
8809,PERFORMING,MOTORS,0,500,100,200,90.0,,,,,,,
8810,PERFORMING,MOTORS,0,500,100,200,90.0,,,,,,,
8811,PERFORMING,MOTORS,0,500,100,200,90.0,,,,,,,
8813,PERFORMING,MOTORS,0,500,100,200,90.0,,,,,,,
8814,PERFORMING,MOTORS,0,500,100,200,90.0,,,,,,,
8815,PERFORMING,MOTORS,0,500,100,200,90.0,,,,,,,
8816,PERFORMING,MOTORS,0,500,100,200,90.0,,,,,,,
8817,PERFORMING,MOTORS,0,500,100,200,90.0,,,,,,,
8818,PERFORMING,MOTORS,0,500,100,200,90.0,,,,,,,
8819,PERFORMING,MOTORS,0,500,100,200,90.0,,,,,,,
8821,PERFORMING,MOTORS,0,500,100,200,90.0,,,,,,,
8822,PERFORMING,MOTORS,0,500,100,200,90.0,,,,,,,
8823,PERFORMING,MOTORS,0,500,100,200,90.0,,,,,,,
8824,PERFORMING,MOTORS,0,500,100,200,90.0,,,,,,,
8825,PERFORMING,MOTORS,0,500,100,200,90.0,,,,,,,
8826,PERFORMING,MOTORS,0,500,100,200,90.0,,,,,,,
8828,PERFORMING,MOTORS,0,500,100,200,90.0,,,,,,,
8829,PERFORMING,MOTORS,0,500,100,200,90.0,,,,,,,
8830,PERFORMING,MOTORS,0,500,100,200,90.0,,,,,,,
8831,PERFORMING,MOTORS,0,500,100,200,90.0,,,,,,,
8832,PERFORMING,MOTORS,0,500,100,200,90.0,,,,,,,
8833,PERFORMING,MOTORS,0,500,100,200,90.0,,,,,,,
8834,PERFORMING,MOTORS,0,500,100,200,90.0,,,,,,,
8835,PERFORMING,MOTORS,0,500,100,200,90.0,,,,,,,
8837,PERFORMING,MOTORS,0,500,100,200,90.0,,,,,,,
8838,PERFORMING,MOTORS,0,500,100,200,90.0,,,,,,,
8839,PERFORMING,MOTORS,0,500,100,200,90.0,,,,,,,
8840,PERFORMING,MOTORS,0,500,100,200,90.0,,,,,,,
8841,PERFORMING,MOTORS,0,500,100,200,90.0,,,,,,,
8842,PERFORMING,MOTORS,0,500,100,200,90.0,,,,,,,
8844,PERFORMING,MOTORS,0,500,100,200,90.0,,,,,,,
8845,PERFORMING,MOTORS,0,500,100,200,90.0,,,,,,,
8846,PERFORMING,MOTORS,0,500,100,200,90.0,,,,,,,
8847,PERFORMING,MOTORS,0,500,100,200,90.0,,,,,,,
8848,PERFORMING,MOTORS,0,500,100,200,90.0,,,,,,,
8849,PERFORMING,MOTORS,0,500,100,200,90.0,,,,,,,
8850,PERFORMING,MOTORS,0,500,100,200,90.0,,,,,,,
8851,PERFORMING,MOTORS,0,500,100,200,90.0,,,,,,,
8853,PERFORMING,MOTORS,0,500,100,200,90.0,,,,,,,
8854,PERFORMING,MOTORS,0,500,100,200,90.0,,,,,,,
8855,PERFORMING,MOTORS,0,500,100,200,90.0,,,,,,,
8856,PERFORMING,MOTORS,0,500,100,200,90.0,,,,,,,
8857,PERFORMING,MOTORS,0,500,100,200,90.0,,,,,,,
8858,PERFORMING,MOTORS,0,500,100,200,90.0,,,,,,,
8859,PERFORMING,MOTORS,0,500,100,200,90.0,,,,,,,
8860,PERFORMING,MOTORS,0,500,100,200,90.0,,,,,,,
8861,PERFORMING,MOTORS,0,500,100,200,90.0,,,,,,,
8863,PERFORMING,MOTORS,0,500,100,200,90.0,,,,,,,
8864,PERFORMING,MOTORS,0,500,100,200,90.0,,,,,,,
8865,PERFORMING,MOTORS,0,500,100,200,90.0,,,,,,,
8866,PERFORMING,MOTORS,0,500,100,200,90.0,,,,,,,
8867,PERFORMING,MOTORS,0,500,100,200,90.0,,,,,,,
8868,PERFORMING,MOTORS,0,500,100,200,90.0,,,,,,,
8869,PERFORMING,MOTORS,0,500,100,200,90.0,,,,,,,
8871,PERFORMING,MOTORS,0,500,100,200,90.0,,,,,,,
8872,PERFORMING,MOTORS,0,500,100,200,90.0,,,,,,,
8873,PERFORMING,MOTORS,0,500,100,200,90.0,,,,,,,
8874,PERFORMING,MOTORS,0,500,100,200,90.0,,,,,,,
8875,PERFORMING,MOTORS,0,500,100,200,90.0,,,,,,,
8876,PERFORMING,MOTORS,0,500,100,200,90.0,,,,,,,
8877,PERFORMING,MOTORS,0,500,100,200,90.0,,,,,,,
8878,PERFORMING,MOTORS,0,500,100,200,90.0,,,,,,,
8880,PERFORMING,MOTORS,0,500,100,200,90.0,,,,,,,
8881,PERFORMING,MOTORS,0,500,100,200,90.0,,,,,,,
8882,PERFORMING,MOTORS,0,500,100,200,90.0,,,,,,,
8883,PERFORMING,MOTORS,0,500,100,200,90.0,,,,,,,
8884,PERFORMING,MOTORS,0,500,100,200,90.0,,,,,,,
8885,PERFORMING,MOTORS,0,500,100,200,90.0,,,,,,,
8886,PERFORMING,MOTORS,0,500,100,200,90.0,,,,,,,
8888,PERFORMING,MOTORS,0,500,100,200,90.0,,,,,,,
8889,PERFORMING,MOTORS,0,500,100,200,90.0,,,,,,,
8890,PERFORMING,MOTORS,0,500,100,200,90.0,,,,,,,
8891,PERFORMING,MOTORS,0,500,100,200,90.0,,,,,,,
8892,PERFORMING,MOTORS,0,500,100,200,90.0,,,,,,,
8893,PERFORMING,MOTORS,0,500,100,200,90.0,,,,,,,
8894,PERFORMING,MOTORS,0,500,100,200,90.0,,,,,,,
8896,PERFORMING,MOTORS,0,500,100,200,90.0,,,,,,,
8897,PERFORMING,MOTORS,0,500,100,200,90.0,,,,,,,
8898,PERFORMING,MOTORS,0,500,100,200,90.0,,,,,,,
8899,PERFORMING,MOTORS,0,500,100,200,90.0,,,,,,,
8900,PERFORMING,MOTORS,0,500,100,200,90.0,,,,,,,
8901,PERFORMING,MOTORS,0,500,100,200,90.0,,,,,,,
8902,PERFORMING,MOTORS,0,500,100,200,90.0,,,,,,,
8903,PERFORMING,MOTORS,0,500,100,200,90.0,,,,,,,
8905,PERFORMING,MOTORS,0,500,100,200,90.0,,,,,,,
8906,PERFORMING,MOTORS,0,500,100,200,90.0,,,,,,,
8907,PERFORMING,MOTORS,0,500,100,200,90.0,,,,,,,
8908,PERFORMING,MOTORS,0,500,100,200,90.0,,,,,,,
8909,PERFORMING,MOTORS,0,500,100,200,90.0,,,,,,,
8910,PERFORMING,MOTORS,0,500,100,200,90.0,,,,,,,
8911,PERFORMING,MOTORS,0,500,100,200,90.0,,,,,,,
8913,PERFORMING,MOTORS,0,500,100,200,90.0,,,,,,,
8914,PERFORMING,MOTORS,0,500,100,200,90.0,,,,,,,
8915,PERFORMING,MOTORS,0,500,100,200,90.0,,,,,,,
8916,PERFORMING,MOTORS,0,500,100,200,90.0,,,,,,,
8917,PERFORMING,MOTORS,0,500,100,200,90.0,,,,,,,
8918,PERFORMING,MOTORS,0,500,100,200,90.0,,,,,,,
8919,PERFORMING,MOTORS,0,500,100,200,90.0,,,,,,,
8920,PERFORMING,MOTORS,0,500,100,200,90.0,,,,,,,
8922,PERFORMING,MOTORS,0,500,100,200,90.0,,,,,,,
8923,PERFORMING,MOTORS,0,500,100,200,90.0,,,,,,,
8924,PERFORMING,MOTORS,0,500,100,200,90.0,,,,,,,
8925,PERFORMING,MOTORS,0,500,100,200,90.0,,,,,,,
8926,PERFORMING,MOTORS,0,500,100,200,90.0,,,,,,,
8927,PERFORMING,MOTORS,0,500,100,200,90.0,,,,,,,
8928,PERFORMING,MOTORS,0,500,100,200,90.0,,,,,,,
8930,PERFORMING,MOTORS,0,500,100,200,90.0,,,,,,,
8931,PERFORMING,MOTORS,0,500,100,200,90.0,,,,,,,
8932,PERFORMING,MOTORS,0,500,100,200,90.0,,,,,,,
8933,PERFORMING,MOTORS,0,500,100,200,90.0,,,,,,,
8934,PERFORMING,MOTORS,0,500,100,200,90.0,,,,,,,
8935,PERFORMING,MOTORS,0,500,100,200,90.0,,,,,,,
8936,PERFORMING,MOTORS,0,500,100,200,90.0,,,,,,,
8938,PERFORMING,MOTORS,0,500,100,200,90.0,,,,,,,
8939,PERFORMING,MOTORS,0,500,100,200,90.0,,,,,,,
8940,PERFORMING,MOTORS,0,500,100,200,90.0,,,,,,,
8941,PERFORMING,MOTORS,0,500,100,200,90.0,,,,,,,
8942,PERFORMING,MOTORS,0,500,100,200,90.0,,,,,,,
8943,PERFORMING,MOTORS,0,500,100,200,90.0,,,,,,,
8944,PERFORMING,MOTORS,0,500,100,200,90.0,,,,,,,
8945,PERFORMING,MOTORS,0,500,100,200,90.0,,,,,,,
8946,PERFORMING,MOTORS,0,500,100,200,90.0,,,,,,,
8948,PERFORMING,MOTORS,0,500,100,200,90.0,,,,,,,
8949,PERFORMING,MOTORS,0,500,100,200,90.0,,,,,,,
8950,PERFORMING,MOTORS,0,500,100,200,90.0,,,,,,,
8951,PERFORMING,MOTORS,0,500,100,200,90.0,,,,,,,
8952,PERFORMING,MOTORS,0,500,100,200,90.0,,,,,,,
8953,PERFORMING,MOTORS,0,500,100,200,90.0,,,,,,,
8954,PERFORMING,MOTORS,0,500,100,200,90.0,,,,,,,
8956,PERFORMING,MOTORS,0,500,100,200,90.0,,,,,,,
8957,PERFORMING,MOTORS,0,500,100,200,90.0,,,,,,,
8958,PERFORMING,MOTORS,0,500,100,200,90.0,,,,,,,
8959,PERFORMING,MOTORS,0,500,100,200,90.0,,,,,,,
8960,PERFORMING,MOTORS,0,500,100,200,90.0,,,,,,,
8961,PERFORMING,MOTORS,0,500,100,200,90.0,,,,,,,
8962,PERFORMING,MOTORS,0,500,100,200,90.0,,,,,,,
8964,PERFORMING,MOTORS,0,500,100,200,90.0,,,,,,,
8965,PERFORMING,MOTORS,0,500,100,200,90.0,,,,,,,
8966,PERFORMING,MOTORS,0,500,100,200,90.0,,,,,,,
8967,PERFORMING,MOTORS,0,500,100,200,90.0,,,,,,,
8968,PERFORMING,MOTORS,0,500,100,200,90.0,,,,,,,
8969,PERFORMING,MOTORS,0,500,100,200,90.0,,,,,,,
8970,PERFORMING,MOTORS,0,500,100,200,90.0,,,,,,,
8972,PERFORMING,MOTORS,0,500,100,200,90.0,,,,,,,
8973,PERFORMING,MOTORS,0,500,100,200,90.0,,,,,,,
8974,PERFORMING,MOTORS,0,500,100,200,90.0,,,,,,,
8975,PERFORMING,MOTORS,0,500,100,200,90.0,,,,,,,
8976,PERFORMING,MOTORS,0,500,100,200,90.0,,,,,,,
8977,PERFORMING,MOTORS,0,500,100,200,90.0,,,,,,,
8978,PERFORMING,MOTORS,0,500,100,200,90.0,,,,,,,
8979,PERFORMING,MOTORS,0,500,100,200,90.0,,,,,,,
8981,PERFORMING,MOTORS,0,500,100,200,90.0,,,,,,,
8982,PERFORMING,MOTORS,0,500,100,200,90.0,,,,,,,
8983,PERFORMING,MOTORS,0,500,100,200,90.0,,,,,,,
8984,PERFORMING,MOTORS,0,500,100,200,90.0,,,,,,,
8985,PERFORMING,MOTORS,0,500,100,200,90.0,,,,,,,
8986,PERFORMING,MOTORS,0,500,100,200,90.0,,,,,,,
8987,PERFORMING,MOTORS,0,500,100,200,90.0,,,,,,,
8988,PERFORMING,MOTORS,0,500,100,200,90.0,,,,,,,
8990,PERFORMING,MOTORS,0,500,100,200,90.0,,,,,,,
8991,PERFORMING,MOTORS,0,500,100,200,90.0,,,,,,,
8992,PERFORMING,MOTORS,0,500,100,200,90.0,,,,,,,
8993,PERFORMING,MOTORS,0,500,100,200,90.0,,,,,,,
8994,PERFORMING,MOTORS,0,500,100,200,90.0,,,,,,,
8995,PERFORMING,MOTORS,0,500,100,200,90.0,,,,,,,
8996,PERFORMING,MOTORS,0,500,100,200,90.0,,,,,,,
8998,PERFORMING,MOTORS,0,500,100,200,90.0,,,,,,,
8999,PERFORMING,MOTORS,0,500,100,200,90.0,,,,,,,
9000,PERFORMING,MOTORS,0,500,100,200,90.0,,,,,,,
9001,PERFORMING,MOTORS,0,500,100,200,90.0,,,,,,,
9002,PERFORMING,MOTORS,0,500,100,200,90.0,,,,,,,
9003,PERFORMING,MOTORS,0,500,100,200,90.0,,,,,,,
9004,PERFORMING,MOTORS,0,500,100,200,90.0,,,,,,,
9005,PERFORMING,MOTORS,0,500,100,200,90.0,,,,,,,
9007,PERFORMING,MOTORS,0,500,100,200,90.0,,,,,,,
9008,PERFORMING,MOTORS,0,500,100,200,90.0,,,,,,,
9009,PERFORMING,MOTORS,0,500,100,200,90.0,,,,,,,
9010,PERFORMING,MOTORS,0,500,100,200,90.0,,,,,,,
9011,PERFORMING,MOTORS,0,500,100,200,90.0,,,,,,,
9012,PERFORMING,MOTORS,0,500,100,200,90.0,,,,,,,
9014,PERFORMING,MOTORS,0,500,100,200,90.0,,,,,,,
9015,PERFORMING,MOTORS,0,500,100,200,90.0,,,,,,,
9016,PERFORMING,MOTORS,0,500,100,200,90.0,,,,,,,
9017,PERFORMING,MOTORS,0,500,100,200,90.0,,,,,,,
9018,PERFORMING,MOTORS,0,500,100,200,90.0,,,,,,,
9019,PERFORMING,MOTORS,0,500,100,200,90.0,,,,,,,
9020,PERFORMING,MOTORS,0,500,100,200,90.0,,,,,,,
9022,PERFORMING,MOTORS,0,500,100,200,90.0,,,,,,,
9023,PERFORMING,MOTORS,0,500,100,200,90.0,,,,,,,
9024,PERFORMING,MOTORS,0,500,100,200,90.0,,,,,,,
9025,PERFORMING,MOTORS,0,500,100,200,90.0,,,,,,,
9026,PERFORMING,MOTORS,0,500,100,200,90.0,,,,,,,
9027,PERFORMING,MOTORS,0,500,100,200,90.0,,,,,,,
9028,PERFORMING,MOTORS,0,500,100,200,90.0,,,,,,,
9029,PERFORMING,MOTORS,0,500,100,200,90.0,,,,,,,
9030,PERFORMING,MOTORS,0,500,100,200,90.0,,,,,,,
9032,PERFORMING,MOTORS,0,500,100,200,90.0,,,,,,,
9033,PERFORMING,MOTORS,0,500,100,200,90.0,,,,,,,
9034,PERFORMING,MOTORS,0,500,100,200,90.0,,,,,,,
9035,PERFORMING,MOTORS,0,500,100,200,90.0,,,,,,,
9036,PERFORMING,MOTORS,0,500,100,200,90.0,,,,,,,
9037,PERFORMING,MOTORS,0,500,100,200,90.0,,,,,,,
9038,PERFORMING,MOTORS,0,500,100,200,90.0,,,,,,,
9040,PERFORMING,MOTORS,0,500,100,200,90.0,,,,,,,
9041,PERFORMING,MOTORS,0,500,100,200,90.0,,,,,,,
9042,PERFORMING,MOTORS,0,500,100,200,90.0,,,,,,,
9043,PERFORMING,MOTORS,0,500,100,200,90.0,,,,,,,
9044,PERFORMING,MOTORS,0,500,100,200,90.0,,,,,,,
9045,PERFORMING,MOTORS,0,500,100,200,90.0,,,,,,,
9046,PERFORMING,MOTORS,0,500,100,200,90.0,,,,,,,
9047,PERFORMING,MOTORS,0,500,100,200,90.0,,,,,,,
9048,PERFORMING,MOTORS,0,500,100,200,90.0,,,,,,,
9050,PERFORMING,MOTORS,0,500,100,200,90.0,,,,,,,
9051,PERFORMING,MOTORS,0,500,100,200,90.0,,,,,,,
9052,PERFORMING,MOTORS,0,500,100,200,90.0,,,,,,,
9053,PERFORMING,MOTORS,0,500,100,200,90.0,,,,,,,
9054,PERFORMING,MOTORS,0,500,100,200,90.0,,,,,,,
9055,PERFORMING,MOTORS,0,500,100,200,90.0,,,,,,,
9056,PERFORMING,MOTORS,0,500,100,200,90.0,,,,,,,
9057,PERFORMING,MOTORS,0,500,100,200,90.0,,,,,,,
9058,PERFORMING,MOTORS,0,500,100,200,90.0,,,,,,,
9060,PERFORMING,MOTORS,0,500,100,200,90.0,,,,,,,
9061,PERFORMING,MOTORS,0,500,100,200,90.0,,,,,,,
9062,PERFORMING,MOTORS,0,500,100,200,90.0,,,,,,,
9063,PERFORMING,MOTORS,0,500,100,200,90.0,,,,,,,
9064,PERFORMING,MOTORS,0,500,100,200,90.0,,,,,,,
9065,PERFORMING,MOTORS,0,500,100,200,90.0,,,,,,,
9066,PERFORMING,MOTORS,0,500,100,200,90.0,,,,,,,
9067,PERFORMING,MOTORS,0,500,100,200,90.0,,,,,,,
9068,PERFORMING,MOTORS,0,500,100,200,90.0,,,,,,,
9070,PERFORMING,MOTORS,0,500,100,200,90.0,,,,,,,
9071,PERFORMING,MOTORS,0,500,100,200,90.0,,,,,,,
9072,PERFORMING,MOTORS,0,500,100,200,90.0,,,,,,,
9073,PERFORMING,MOTORS,0,500,100,200,90.0,,,,,,,
9074,PERFORMING,MOTORS,0,500,100,200,90.0,,,,,,,
9075,PERFORMING,MOTORS,0,500,100,200,90.0,,,,,,,
9076,PERFORMING,MOTORS,0,500,100,200,90.0,,,,,,,
9078,PERFORMING,MOTORS,0,500,100,200,90.0,,,,,,,
9079,PERFORMING,MOTORS,0,500,100,200,90.0,,,,,,,
9080,PERFORMING,MOTORS,0,500,100,200,90.0,,,,,,,
9081,PERFORMING,MOTORS,0,500,100,200,90.0,,,,,,,
9082,PERFORMING,MOTORS,0,500,100,200,90.0,,,,,,,
9084,PERFORMING,MOTORS,0,500,100,200,90.0,,,,,,,
9085,PERFORMING,MOTORS,0,500,100,200,90.0,,,,,,,
9086,PERFORMING,MOTORS,0,500,100,200,90.0,,,,,,,
9087,PERFORMING,MOTORS,0,500,100,200,90.0,,,,,,,
9088,PERFORMING,MOTORS,0,500,100,200,90.0,,,,,,,
9089,PERFORMING,MOTORS,0,500,100,200,90.0,,,,,,,
9090,PERFORMING,MOTORS,0,500,100,200,90.0,,,,,,,
9092,PERFORMING,MOTORS,0,500,100,200,90.0,,,,,,,
9093,PERFORMING,MOTORS,0,500,100,200,90.0,,,,,,,
9094,PERFORMING,MOTORS,0,500,100,200,90.0,,,,,,,
9095,PERFORMING,MOTORS,0,500,100,200,90.0,,,,,,,
9096,PERFORMING,MOTORS,0,500,100,200,90.0,,,,,,,
9097,PERFORMING,MOTORS,0,500,100,200,90.0,,,,,,,
9098,PERFORMING,MOTORS,0,500,100,200,90.0,,,,,,,
9100,PERFORMING,MOTORS,0,500,100,200,90.0,,,,,,,
9101,PERFORMING,MOTORS,0,500,100,200,90.0,,,,,,,
9102,PERFORMING,MOTORS,0,500,100,200,90.0,,,,,,,
9103,PERFORMING,MOTORS,0,500,100,200,90.0,,,,,,,
9104,PERFORMING,MOTORS,0,500,100,200,90.0,,,,,,,
9105,PERFORMING,MOTORS,0,500,100,200,90.0,,,,,,,
9106,PERFORMING,MOTORS,0,500,100,200,90.0,,,,,,,
9108,PERFORMING,MOTORS,0,500,100,200,90.0,,,,,,,
9109,PERFORMING,MOTORS,0,500,100,200,90.0,,,,,,,
9110,PERFORMING,MOTORS,0,500,100,200,90.0,,,,,,,
9111,PERFORMING,MOTORS,0,500,100,200,90.0,,,,,,,
9112,PERFORMING,MOTORS,0,500,100,200,90.0,,,,,,,
9113,PERFORMING,MOTORS,0,500,100,200,90.0,,,,,,,
9114,PERFORMING,MOTORS,0,500,100,200,90.0,,,,,,,
9116,PERFORMING,MOTORS,0,500,100,200,90.0,,,,,,,
9117,PERFORMING,MOTORS,0,500,100,200,90.0,,,,,,,
9118,PERFORMING,MOTORS,0,500,100,200,90.0,,,,,,,
9119,PERFORMING,MOTORS,0,500,100,200,90.0,,,,,,,
9120,PERFORMING,MOTORS,0,500,100,200,90.0,,,,,,,
9121,PERFORMING,MOTORS,0,500,100,200,90.0,,,,,,,
9123,PERFORMING,MOTORS,0,500,100,200,90.0,,,,,,,
9124,PERFORMING,MOTORS,0,500,100,200,90.0,,,,,,,
9125,PERFORMING,MOTORS,0,500,100,200,90.0,,,,,,,
9126,PERFORMING,MOTORS,0,500,100,200,90.0,,,,,,,
9128,PERFORMING,MOTORS,0,500,100,200,90.0,,,,,,,
9129,PERFORMING,MOTORS,0,500,100,200,90.0,,,,,,,
9130,PERFORMING,MOTORS,0,500,100,200,90.0,,,,,,,
9131,PERFORMING,MOTORS,0,500,100,200,90.0,,,,,,,
9132,PERFORMING,MOTORS,0,500,100,200,90.0,,,,,,,
9133,PERFORMING,MOTORS,0,500,100,200,90.0,,,,,,,
9134,PERFORMING,MOTORS,0,500,100,200,90.0,,,,,,,
9136,PERFORMING,MOTORS,0,500,100,200,90.0,,,,,,,
9137,PERFORMING,MOTORS,0,500,100,200,90.0,,,,,,,
9138,PERFORMING,MOTORS,0,500,100,200,90.0,,,,,,,
9139,PERFORMING,MOTORS,0,500,100,200,90.0,,,,,,,
9140,PERFORMING,MOTORS,0,500,100,200,90.0,,,,,,,
9141,PERFORMING,MOTORS,0,500,100,200,90.0,,,,,,,
9143,PERFORMING,MOTORS,0,500,100,200,90.0,,,,,,,
9144,PERFORMING,MOTORS,0,500,100,200,90.0,,,,,,,
9145,PERFORMING,MOTORS,0,500,100,200,90.0,,,,,,,
9146,PERFORMING,MOTORS,0,500,100,200,90.0,,,,,,,
9147,PERFORMING,MOTORS,0,500,100,200,90.0,,,,,,,
9148,PERFORMING,MOTORS,0,500,100,200,90.0,,,,,,,
9150,PERFORMING,MOTORS,0,500,100,200,90.0,,,,,,,
9151,PERFORMING,MOTORS,0,500,100,200,90.0,,,,,,,
9152,PERFORMING,MOTORS,0,500,100,200,90.0,,,,,,,
9153,PERFORMING,MOTORS,0,500,100,200,90.0,,,,,,,
9154,PERFORMING,MOTORS,0,500,100,200,90.0,,,,,,,
9155,PERFORMING,MOTORS,0,500,100,200,90.0,,,,,,,
9156,PERFORMING,MOTORS,0,500,100,200,90.0,,,,,,,
9158,PERFORMING,MOTORS,0,500,100,200,90.0,,,,,,,
9159,PERFORMING,MOTORS,0,498,100,200,90.0,,,,,,,
9160,PERFORMING,MOTORS,0,496,100,200,90.0,,,,,,,
9161,PERFORMING,MOTORS,0,494,100,200,90.0,,,,,,,
9162,PERFORMING,MOTORS,0,492,100,200,90.0,,,,,,,
9163,PERFORMING,MOTORS,0,490,100,200,90.0,,,,,,,
9164,PERFORMING,MOTORS,0,488,100,200,90.0,,,,,,,
9166,PERFORMING,MOTORS,0,484,100,200,90.0,,,,,,,
9167,PERFORMING,MOTORS,0,482,100,200,90.0,,,,,,,
9168,PERFORMING,MOTORS,0,480,100,200,90.0,,,,,,,
9169,PERFORMING,MOTORS,0,478,100,200,90.0,,,,,,,
9170,PERFORMING,MOTORS,0,476,100,200,90.0,,,,,,,
9171,PERFORMING,MOTORS,0,474,100,200,90.0,,,,,,,
9172,PERFORMING,MOTORS,0,472,100,200,90.0,,,,,,,
9174,PERFORMING,MOTORS,0,468,100,200,90.0,,,,,,,
9175,PERFORMING,MOTORS,0,466,100,200,90.0,,,,,,,
9176,PERFORMING,MOTORS,0,464,100,200,90.0,,,,,,,
9177,PERFORMING,MOTORS,0,462,100,200,90.0,,,,,,,
9178,PERFORMING,MOTORS,0,460,100,200,90.0,,,,,,,
9179,PERFORMING,MOTORS,0,458,100,200,90.0,,,,,,,
9181,PERFORMING,MOTORS,0,454,100,200,90.0,,,,,,,
9182,PERFORMING,MOTORS,0,452,100,200,90.0,,,,,,,
9183,PERFORMING,MOTORS,0,450,100,200,90.0,,,,,,,
9184,PERFORMING,MOTORS,0,450,100,200,90.0,,,,,,,
9185,PERFORMING,MOTORS,0,450,100,200,90.0,,,,,,,
9186,PERFORMING,MOTORS,0,450,100,200,90.0,,,,,,,
9187,PERFORMING,MOTORS,0,450,100,200,90.0,,,,,,,
9188,PERFORMING,MOTORS,0,450,100,200,90.0,,,,,,,
9190,PERFORMING,MOTORS,0,450,100,200,90.0,,,,,,,
9191,PERFORMING,MOTORS,0,450,100,200,90.0,,,,,,,
9192,PERFORMING,MOTORS,0,450,100,200,90.0,,,,,,,
9193,PERFORMING,MOTORS,0,450,100,200,90.0,,,,,,,
9194,PERFORMING,MOTORS,0,450,100,200,90.0,,,,,,,
9195,PERFORMING,MOTORS,0,450,100,200,90.0,,,,,,,
9196,PERFORMING,MOTORS,0,450,100,200,90.0,,,,,,,
9198,PERFORMING,MOTORS,0,450,100,200,90.0,,,,,,,
9199,PERFORMING,MOTORS,0,450,100,200,90.0,,,,,,,
9200,PERFORMING,MOTORS,0,450,100,200,90.0,,,,,,,
9201,PERFORMING,MOTORS,0,450,100,200,90.0,,,,,,,
9202,PERFORMING,MOTORS,0,450,100,200,90.0,,,,,,,
9203,PERFORMING,MOTORS,0,450,100,200,90.0,,,,,,,
9204,PERFORMING,MOTORS,0,450,100,200,90.0,,,,,,,
9205,PERFORMING,MOTORS,0,450,100,200,90.0,,,,,,,
9206,PERFORMING,MOTORS,0,450,100,200,90.0,,,,,,,
9208,PERFORMING,MOTORS,0,450,100,200,90.0,,,,,,,
9209,PERFORMING,MOTORS,0,450,100,200,90.0,,,,,,,
9210,PERFORMING,MOTORS,0,450,100,200,90.0,,,,,,,
9211,PERFORMING,MOTORS,0,450,100,200,90.0,,,,,,,
9212,PERFORMING,MOTORS,0,450,100,200,90.0,,,,,,,
9213,PERFORMING,MOTORS,0,450,100,200,90.0,,,,,,,
9214,PERFORMING,MOTORS,0,450,100,200,90.0,,,,,,,
9215,PERFORMING,MOTORS,0,450,100,200,90.0,,,,,,,
9217,PERFORMING,MOTORS,0,450,100,200,90.0,,,,,,,
9218,PERFORMING,MOTORS,0,450,100,200,90.0,,,,,,,
9219,PERFORMING,MOTORS,0,450,100,200,90.0,,,,,,,
9220,PERFORMING,MOTORS,0,450,100,200,90.0,,,,,,,
9221,PERFORMING,MOTORS,0,450,100,200,90.0,,,,,,,
9222,PERFORMING,MOTORS,0,450,100,200,90.0,,,,,,,
9224,PERFORMING,MOTORS,0,450,100,200,90.0,,,,,,,
9225,PERFORMING,MOTORS,0,450,100,200,90.0,,,,,,,
9226,PERFORMING,MOTORS,0,450,100,200,90.0,,,,,,,
9227,PERFORMING,MOTORS,0,450,100,200,90.0,,,,,,,
9228,PERFORMING,MOTORS,0,450,100,200,90.0,,,,,,,
9229,PERFORMING,MOTORS,0,450,100,200,90.0,,,,,,,
9230,PERFORMING,MOTORS,0,450,100,200,90.0,,,,,,,
9231,PERFORMING,MOTORS,0,450,100,200,90.0,,,,,,,
9233,PERFORMING,MOTORS,0,450,100,200,90.0,,,,,,,
9234,PERFORMING,MOTORS,0,450,100,200,90.0,,,,,,,
9235,PERFORMING,MOTORS,0,450,100,200,90.0,,,,,,,
9236,PERFORMING,MOTORS,0,450,100,200,90.0,,,,,,,
9237,PERFORMING,MOTORS,0,450,100,200,90.0,,,,,,,
9238,PERFORMING,MOTORS,0,450,100,200,90.0,,,,,,,
9239,PERFORMING,MOTORS,0,450,100,200,90.0,,,,,,,
9240,PERFORMING,MOTORS,0,450,100,200,90.0,,,,,,,
9242,PERFORMING,MOTORS,0,450,100,200,90.0,,,,,,,
9243,PERFORMING,MOTORS,0,450,100,200,90.0,,,,,,,
9244,PERFORMING,MOTORS,0,450,100,200,90.0,,,,,,,
9245,PERFORMING,MOTORS,0,450,100,200,90.0,,,,,,,
9246,PERFORMING,MOTORS,0,450,100,200,90.0,,,,,,,
9247,PERFORMING,MOTORS,0,450,100,200,90.0,,,,,,,
9248,PERFORMING,MOTORS,0,450,100,200,90.0,,,,,,,
9249,PERFORMING,MOTORS,0,450,100,200,90.0,,,,,,,
9251,PERFORMING,MOTORS,0,450,100,200,90.0,,,,,,,
9252,PERFORMING,MOTORS,0,450,100,200,90.0,,,,,,,
9253,PERFORMING,MOTORS,0,450,100,200,90.0,,,,,,,
9254,PERFORMING,MOTORS,0,450,100,200,90.0,,,,,,,
9255,PERFORMING,MOTORS,0,450,100,200,90.0,,,,,,,
9256,PERFORMING,MOTORS,0,450,100,200,90.0,,,,,,,
9257,PERFORMING,MOTORS,0,450,100,200,90.0,,,,,,,
9258,PERFORMING,MOTORS,0,450,100,200,90.0,,,,,,,
9259,PERFORMING,MOTORS,0,450,100,200,90.0,,,,,,,
9261,PERFORMING,MOTORS,0,450,100,200,90.0,,,,,,,
9262,PERFORMING,MOTORS,0,450,100,200,90.0,,,,,,,
9263,PERFORMING,MOTORS,0,450,100,200,90.0,,,,,,,
9264,PERFORMING,MOTORS,0,450,100,200,90.0,,,,,,,
9265,PERFORMING,MOTORS,0,450,100,200,90.0,,,,,,,
9266,PERFORMING,MOTORS,0,450,100,200,90.0,,,,,,,
9267,PERFORMING,MOTORS,0,450,100,200,90.0,,,,,,,
9268,PERFORMING,MOTORS,0,450,100,200,90.0,,,,,,,
9269,PERFORMING,MOTORS,0,450,100,200,90.0,,,,,,,
9271,PERFORMING,MOTORS,0,450,100,200,90.0,,,,,,,
9272,PERFORMING,MOTORS,0,450,100,200,90.0,,,,,,,
9273,PERFORMING,MOTORS,0,450,100,200,90.0,,,,,,,
9274,PERFORMING,MOTORS,0,450,100,200,90.0,,,,,,,
9275,PERFORMING,MOTORS,0,450,100,200,90.0,,,,,,,
9276,PERFORMING,MOTORS,0,450,100,200,90.0,,,,,,,
9277,PERFORMING,MOTORS,0,450,100,200,90.0,,,,,,,
9278,PERFORMING,MOTORS,0,450,100,200,90.0,,,,,,,
9280,PERFORMING,MOTORS,0,450,100,200,90.0,,,,,,,
9281,PERFORMING,MOTORS,0,450,100,200,90.0,,,,,,,
9282,PERFORMING,MOTORS,0,450,100,200,90.0,,,,,,,
9283,PERFORMING,MOTORS,0,450,100,200,90.0,,,,,,,
9284,PERFORMING,MOTORS,0,450,100,200,90.0,,,,,,,
9285,PERFORMING,MOTORS,0,450,100,200,90.0,,,,,,,
9286,PERFORMING,MOTORS,0,450,100,200,90.0,,,,,,,
9288,PERFORMING,MOTORS,0,450,100,200,90.0,,,,,,,
9289,PERFORMING,MOTORS,0,450,100,200,90.0,,,,,,,
9290,PERFORMING,MOTORS,0,450,100,200,90.0,,,,,,,
9291,PERFORMING,MOTORS,0,450,100,200,90.0,,,,,,,
9292,PERFORMING,MOTORS,0,450,100,200,90.0,,,,,,,
9293,PERFORMING,MOTORS,0,450,100,200,90.0,,,,,,,
9294,PERFORMING,MOTORS,0,450,100,200,90.0,,,,,,,
9295,PERFORMING,MOTORS,0,450,100,200,90.0,,,,,,,
9297,PERFORMING,MOTORS,0,450,100,200,90.0,,,,,,,
9298,PERFORMING,MOTORS,0,450,100,200,90.0,,,,,,,
9299,PERFORMING,MOTORS,0,450,100,200,90.0,,,,,,,
9300,PERFORMING,MOTORS,0,450,100,200,90.0,,,,,,,
9301,PERFORMING,MOTORS,0,450,100,200,90.0,,,,,,,
9302,PERFORMING,MOTORS,0,450,100,200,90.0,,,,,,,
9304,PERFORMING,MOTORS,0,450,100,200,90.0,,,,,,,
9305,PERFORMING,MOTORS,0,450,100,200,90.0,,,,,,,
9306,PERFORMING,MOTORS,0,450,100,200,90.0,,,,,,,
9307,PERFORMING,MOTORS,0,450,100,200,90.0,,,,,,,
9308,PERFORMING,MOTORS,0,450,100,200,90.0,,,,,,,
9309,PERFORMING,MOTORS,0,450,100,200,90.0,,,,,,,
9310,PERFORMING,MOTORS,0,450,100,200,90.0,,,,,,,
9311,PERFORMING,MOTORS,0,450,100,200,90.0,,,,,,,
9312,PERFORMING,MOTORS,0,450,100,200,90.0,,,,,,,
9314,PERFORMING,MOTORS,0,450,100,200,90.0,,,,,,,
9315,PERFORMING,MOTORS,0,450,100,200,90.0,,,,,,,
9316,PERFORMING,MOTORS,0,450,100,200,90.0,,,,,,,
9317,PERFORMING,MOTORS,0,450,100,200,90.0,,,,,,,
9318,PERFORMING,MOTORS,0,450,100,200,90.0,,,,,,,
9319,PERFORMING,MOTORS,0,450,100,200,90.0,,,,,,,
9320,PERFORMING,MOTORS,0,450,100,200,90.0,,,,,,,
9321,PERFORMING,MOTORS,0,450,100,200,90.0,,,,,,,
9322,PERFORMING,MOTORS,0,450,100,200,90.0,,,,,,,
9324,PERFORMING,MOTORS,0,450,100,200,90.0,,,,,,,
9325,PERFORMING,MOTORS,0,450,100,200,90.0,,,,,,,
9326,PERFORMING,MOTORS,0,450,100,200,90.0,,,,,,,
9327,PERFORMING,MOTORS,0,450,100,200,90.0,,,,,,,
9328,PERFORMING,MOTORS,0,450,100,200,90.0,,,,,,,
9329,PERFORMING,MOTORS,0,450,100,200,90.0,,,,,,,
9330,PERFORMING,MOTORS,0,450,100,200,90.0,,,,,,,
9331,PERFORMING,MOTORS,0,450,100,200,90.0,,,,,,,
9332,PERFORMING,MOTORS,0,450,100,200,90.0,,,,,,,
9333,PERFORMING,MOTORS,0,450,100,200,90.0,,,,,,,
9335,PERFORMING,MOTORS,0,450,100,200,90.0,,,,,,,
9336,PERFORMING,MOTORS,0,450,100,200,90.0,,,,,,,
9337,PERFORMING,MOTORS,0,450,100,200,90.0,,,,,,,
9338,PERFORMING,MOTORS,0,450,100,200,90.0,,,,,,,
9339,PERFORMING,MOTORS,0,450,100,200,90.0,,,,,,,
9340,PERFORMING,MOTORS,0,450,100,200,90.0,,,,,,,
9341,PERFORMING,MOTORS,0,450,100,200,90.0,,,,,,,
9342,PERFORMING,MOTORS,0,450,100,200,90.0,,,,,,,
9343,PERFORMING,MOTORS,0,450,100,200,90.0,,,,,,,
9344,PERFORMING,MOTORS,0,450,100,200,90.0,,,,,,,
9346,PERFORMING,MOTORS,0,450,100,200,90.0,,,,,,,
9347,PERFORMING,MOTORS,0,450,100,200,90.0,,,,,,,
9348,PERFORMING,MOTORS,0,450,100,200,90.0,,,,,,,
9349,PERFORMING,MOTORS,0,450,100,200,90.0,,,,,,,
9350,PERFORMING,MOTORS,0,450,100,200,90.0,,,,,,,
9351,PERFORMING,MOTORS,0,450,100,200,90.0,,,,,,,
9352,PERFORMING,MOTORS,0,450,100,200,90.0,,,,,,,
9353,PERFORMING,MOTORS,0,450,100,200,90.0,,,,,,,
9354,PERFORMING,MOTORS,0,450,100,200,90.0,,,,,,,
9356,PERFORMING,MOTORS,0,450,100,200,90.0,,,,,,,
9357,PERFORMING,MOTORS,0,450,100,200,90.0,,,,,,,
9358,PERFORMING,MOTORS,0,450,100,200,90.0,,,,,,,
9359,PERFORMING,MOTORS,0,450,100,200,90.0,,,,,,,
9360,PERFORMING,MOTORS,0,450,100,200,90.0,,,,,,,
9361,PERFORMING,MOTORS,0,450,100,200,90.0,,,,,,,
9363,PERFORMING,MOTORS,0,450,100,200,90.0,,,,,,,
9364,PERFORMING,MOTORS,0,450,100,200,90.0,,,,,,,
9365,PERFORMING,MOTORS,0,450,100,200,90.0,,,,,,,
9366,PERFORMING,MOTORS,0,450,100,200,90.0,,,,,,,
9367,PERFORMING,MOTORS,0,450,100,200,90.0,,,,,,,
9368,PERFORMING,MOTORS,0,450,100,200,90.0,,,,,,,
9370,PERFORMING,MOTORS,0,450,100,200,90.0,,,,,,,
9371,PERFORMING,MOTORS,0,450,100,200,90.0,,,,,,,
9372,PERFORMING,MOTORS,0,450,100,200,90.0,,,,,,,
9373,PERFORMING,MOTORS,0,450,100,200,90.0,,,,,,,
9374,PERFORMING,MOTORS,0,450,100,200,90.0,,,,,,,
9375,PERFORMING,MOTORS,0,450,100,200,90.0,,,,,,,
9376,PERFORMING,MOTORS,0,450,100,200,90.0,,,,,,,
9377,PERFORMING,MOTORS,0,450,100,200,90.0,,,,,,,
9379,PERFORMING,MOTORS,0,450,100,200,90.0,,,,,,,
9380,PERFORMING,MOTORS,0,450,100,200,90.0,,,,,,,
9381,PERFORMING,MOTORS,0,450,100,200,90.0,,,,,,,
9382,PERFORMING,MOTORS,0,450,100,200,90.0,,,,,,,
9383,PERFORMING,MOTORS,0,450,100,200,90.0,,,,,,,
9384,PERFORMING,MOTORS,0,450,100,200,90.0,,,,,,,
9385,PERFORMING,MOTORS,0,450,100,200,90.0,,,,,,,
9386,PERFORMING,MOTORS,0,450,100,200,90.0,,,,,,,
9387,PERFORMING,MOTORS,0,450,100,200,90.0,,,,,,,
9389,PERFORMING,MOTORS,0,450,100,200,90.0,,,,,,,
9390,PERFORMING,MOTORS,0,450,100,200,90.0,,,,,,,
9391,PERFORMING,MOTORS,0,450,100,200,90.0,,,,,,,
9392,PERFORMING,MOTORS,0,450,100,200,90.0,,,,,,,
9393,PERFORMING,MOTORS,0,450,100,200,90.0,,,,,,,
9394,PERFORMING,MOTORS,0,450,100,200,90.0,,,,,,,
9396,PERFORMING,MOTORS,0,450,100,200,90.0,,,,,,,
9397,PERFORMING,MOTORS,0,450,100,200,90.0,,,,,,,
9398,PERFORMING,MOTORS,0,450,100,200,90.0,,,,,,,
9399,PERFORMING,MOTORS,0,450,100,200,90.0,,,,,,,
9400,PERFORMING,MOTORS,0,450,100,200,90.0,,,,,,,
9401,PERFORMING,MOTORS,0,450,100,200,90.0,,,,,,,
9402,PERFORMING,MOTORS,0,450,100,200,90.0,,,,,,,
9403,PERFORMING,MOTORS,0,450,100,200,90.0,,,,,,,
9404,PERFORMING,MOTORS,0,450,100,200,90.0,,,,,,,
9406,PERFORMING,MOTORS,0,450,100,200,90.0,,,,,,,
9407,PERFORMING,MOTORS,0,450,100,200,90.0,,,,,,,
9408,PERFORMING,MOTORS,0,450,100,200,90.0,,,,,,,
9409,PERFORMING,MOTORS,0,450,100,200,90.0,,,,,,,
9410,PERFORMING,MOTORS,0,450,100,200,90.0,,,,,,,
9411,PERFORMING,MOTORS,0,450,100,200,90.0,,,,,,,
9412,PERFORMING,MOTORS,0,450,100,200,90.0,,,,,,,
9413,PERFORMING,MOTORS,0,450,100,200,90.0,,,,,,,
9414,PERFORMING,MOTORS,0,450,100,200,90.0,,,,,,,
9415,PERFORMING,MOTORS,0,450,100,200,90.0,,,,,,,
9417,PERFORMING,MOTORS,0,450,100,200,90.0,,,,,,,
9418,PERFORMING,MOTORS,0,450,100,200,90.0,,,,,,,
9419,PERFORMING,MOTORS,0,450,100,200,90.0,,,,,,,
9420,PERFORMING,MOTORS,0,450,100,200,90.0,,,,,,,
9421,PERFORMING,MOTORS,0,450,100,200,90.0,,,,,,,
9422,PERFORMING,MOTORS,0,450,100,200,90.0,,,,,,,
9423,PERFORMING,MOTORS,0,450,100,200,90.0,,,,,,,
9424,PERFORMING,MOTORS,0,450,100,200,90.0,,,,,,,
9425,PERFORMING,MOTORS,0,450,100,200,90.0,,,,,,,
9426,PERFORMING,MOTORS,0,450,100,200,90.0,,,,,,,
9428,PERFORMING,MOTORS,0,450,100,200,90.0,,,,,,,
9429,PERFORMING,MOTORS,0,450,100,200,90.0,,,,,,,
9430,PERFORMING,MOTORS,0,450,100,200,90.0,,,,,,,
9431,PERFORMING,MOTORS,0,450,100,200,90.0,,,,,,,
9432,PERFORMING,MOTORS,0,450,100,200,90.0,,,,,,,
9433,PERFORMING,MOTORS,0,450,100,200,90.0,,,,,,,
9435,PERFORMING,MOTORS,0,450,100,200,90.0,,,,,,,
9436,PERFORMING,MOTORS,0,450,100,200,90.0,,,,,,,
9437,PERFORMING,MOTORS,0,450,100,200,90.0,,,,,,,
9438,PERFORMING,MOTORS,0,450,100,200,90.0,,,,,,,
9439,PERFORMING,MOTORS,0,450,100,200,90.0,,,,,,,
9440,PERFORMING,MOTORS,0,450,100,200,90.0,,,,,,,
9441,PERFORMING,MOTORS,0,450,100,200,90.0,,,,,,,
9442,PERFORMING,MOTORS,0,450,100,200,90.0,,,,,,,
9444,PERFORMING,MOTORS,0,450,100,200,90.0,,,,,,,
9445,PERFORMING,MOTORS,0,450,100,200,90.0,,,,,,,
9446,PERFORMING,MOTORS,0,450,100,200,90.0,,,,,,,
9447,PERFORMING,MOTORS,0,450,100,200,90.0,,,,,,,
9448,PERFORMING,MOTORS,0,450,100,200,90.0,,,,,,,
9449,PERFORMING,MOTORS,0,450,100,200,90.0,,,,,,,
9450,PERFORMING,MOTORS,0,450,100,200,90.0,,,,,,,
9451,PERFORMING,MOTORS,0,450,100,200,90.0,,,,,,,
9452,PERFORMING,MOTORS,0,450,100,200,90.0,,,,,,,
9454,PERFORMING,MOTORS,0,450,100,200,90.0,,,,,,,
9455,PERFORMING,MOTORS,0,450,100,200,90.0,,,,,,,
9456,PERFORMING,MOTORS,0,450,100,200,90.0,,,,,,,
9457,PERFORMING,MOTORS,0,450,100,200,90.0,,,,,,,
9458,PERFORMING,MOTORS,0,450,100,200,90.0,,,,,,,
9459,PERFORMING,MOTORS,0,450,100,200,90.0,,,,,,,
9460,PERFORMING,MOTORS,0,450,100,200,90.0,,,,,,,
9461,PERFORMING,MOTORS,0,450,100,200,90.0,,,,,,,
9463,PERFORMING,MOTORS,0,450,100,200,90.0,,,,,,,
9464,PERFORMING,MOTORS,0,450,100,200,90.0,,,,,,,
9465,PERFORMING,MOTORS,0,450,100,200,90.0,,,,,,,
9466,PERFORMING,MOTORS,0,450,100,200,90.0,,,,,,,
9467,PERFORMING,MOTORS,0,450,100,200,90.0,,,,,,,
9468,PERFORMING,MOTORS,0,450,100,200,90.0,,,,,,,
9470,PERFORMING,MOTORS,0,450,100,200,90.0,,,,,,,
9471,PERFORMING,MOTORS,0,450,100,200,90.0,,,,,,,
9472,PERFORMING,MOTORS,0,450,100,200,90.0,,,,,,,
9473,PERFORMING,MOTORS,0,450,100,200,90.0,,,,,,,
9474,PERFORMING,MOTORS,0,450,100,200,90.0,,,,,,,
9475,PERFORMING,MOTORS,0,450,100,200,90.0,,,,,,,
9476,PERFORMING,MOTORS,0,450,100,200,90.0,,,,,,,
9478,PERFORMING,MOTORS,0,450,100,200,90.0,,,,,,,
9479,PERFORMING,MOTORS,0,450,100,200,90.0,,,,,,,
9480,PERFORMING,MOTORS,0,450,100,200,90.0,,,,,,,
9481,PERFORMING,MOTORS,0,450,100,200,90.0,,,,,,,
9482,PERFORMING,MOTORS,0,450,100,200,90.0,,,,,,,
9483,PERFORMING,MOTORS,0,450,100,200,90.0,,,,,,,
9485,PERFORMING,MOTORS,0,450,100,200,90.0,,,,,,,
9486,PERFORMING,MOTORS,0,450,100,200,90.0,,,,,,,
9487,PERFORMING,MOTORS,0,450,100,200,90.0,,,,,,,
9488,PERFORMING,MOTORS,0,450,100,200,90.0,,,,,,,
9489,PERFORMING,MOTORS,0,450,100,200,90.0,,,,,,,
9490,PERFORMING,MOTORS,0,450,100,200,90.0,,,,,,,
9491,PERFORMING,MOTORS,0,450,100,200,90.0,,,,,,,
9493,PERFORMING,MOTORS,0,450,100,200,90.0,,,,,,,
9494,PERFORMING,MOTORS,0,450,100,200,90.0,,,,,,,
9495,PERFORMING,MOTORS,0,450,100,200,90.0,,,,,,,
9496,PERFORMING,MOTORS,0,450,100,200,90.0,,,,,,,
9497,PERFORMING,MOTORS,0,450,100,200,90.0,,,,,,,
9498,PERFORMING,MOTORS,0,450,100,200,90.0,,,,,,,
9499,PERFORMING,MOTORS,0,450,100,200,90.0,,,,,,,
9500,PERFORMING,MOTORS,0,450,100,200,90.0,,,,,,,
9501,PERFORMING,MOTORS,0,450,100,200,90.0,,,,,,,
9503,PERFORMING,MOTORS,0,450,100,200,90.0,,,,,,,
9504,PERFORMING,MOTORS,0,450,100,200,90.0,,,,,,,
9505,PERFORMING,MOTORS,0,450,100,200,90.0,,,,,,,
9506,PERFORMING,MOTORS,0,450,100,200,90.0,,,,,,,
9507,PERFORMING,MOTORS,0,450,100,200,90.0,,,,,,,
9508,PERFORMING,MOTORS,0,450,100,200,90.0,,,,,,,
9509,PERFORMING,MOTORS,0,450,100,200,90.0,,,,,,,
9511,PERFORMING,MOTORS,0,450,100,200,90.0,,,,,,,
9512,PERFORMING,MOTORS,0,450,100,200,90.0,,,,,,,
9513,PERFORMING,MOTORS,0,450,100,200,90.0,,,,,,,
9514,PERFORMING,MOTORS,0,450,100,200,90.0,,,,,,,
9515,PERFORMING,MOTORS,0,450,100,200,90.0,,,,,,,
9516,PERFORMING,MOTORS,0,450,100,200,90.0,,,,,,,
9517,PERFORMING,MOTORS,0,450,100,200,90.0,,,,,,,
9518,PERFORMING,MOTORS,0,450,100,200,90.0,,,,,,,
9520,PERFORMING,MOTORS,0,450,100,200,90.0,,,,,,,
9521,PERFORMING,MOTORS,0,450,100,200,90.0,,,,,,,
9522,PERFORMING,MOTORS,0,450,100,200,90.0,,,,,,,
9523,PERFORMING,MOTORS,0,450,100,200,90.0,,,,,,,
9524,PERFORMING,MOTORS,0,450,100,200,90.0,,,,,,,
9525,PERFORMING,MOTORS,0,450,100,200,90.0,,,,,,,
9526,PERFORMING,MOTORS,0,450,100,200,90.0,,,,,,,
9528,PERFORMING,MOTORS,0,450,100,200,90.0,,,,,,,
9529,PERFORMING,MOTORS,0,450,100,200,90.0,,,,,,,
9530,PERFORMING,MOTORS,0,450,100,200,90.0,,,,,,,
9531,PERFORMING,MOTORS,0,450,100,200,90.0,,,,,,,
9532,PERFORMING,MOTORS,0,450,100,200,90.0,,,,,,,
9533,PERFORMING,MOTORS,0,450,100,200,90.0,,,,,,,
9535,PERFORMING,MOTORS,0,450,100,200,90.0,,,,,,,
9536,PERFORMING,MOTORS,0,450,100,200,90.0,,,,,,,
9537,PERFORMING,MOTORS,0,450,100,200,90.0,,,,,,,
9538,PERFORMING,MOTORS,0,450,100,200,90.0,,,,,,,
9539,PERFORMING,MOTORS,0,450,100,200,90.0,,,,,,,
9540,PERFORMING,MOTORS,0,450,100,200,90.0,,,,,,,
9542,PERFORMING,MOTORS,0,450,100,200,90.0,,,,,,,
9543,PERFORMING,MOTORS,0,450,100,200,90.0,,,,,,,
9544,PERFORMING,MOTORS,0,450,100,200,90.0,,,,,,,
9545,PERFORMING,MOTORS,0,450,100,200,90.0,,,,,,,
9546,PERFORMING,MOTORS,0,450,100,200,90.0,,,,,,,
9547,PERFORMING,MOTORS,0,450,100,200,90.0,,,,,,,
9549,PERFORMING,MOTORS,0,450,100,200,90.0,,,,,,,
9550,PERFORMING,MOTORS,0,450,100,200,90.0,,,,,,,
9551,PERFORMING,MOTORS,0,450,100,200,90.0,,,,,,,
9552,PERFORMING,MOTORS,0,450,100,200,90.0,,,,,,,
9553,PERFORMING,MOTORS,0,450,100,200,90.0,,,,,,,
9554,PERFORMING,MOTORS,0,450,100,200,90.0,,,,,,,
9555,PERFORMING,MOTORS,0,450,100,200,90.0,,,,,,,
9556,PERFORMING,MOTORS,0,450,100,200,90.0,,,,,,,
9558,PERFORMING,MOTORS,0,450,100,200,90.0,,,,,,,
9559,PERFORMING,MOTORS,0,450,100,200,90.0,,,,,,,
9560,PERFORMING,MOTORS,0,450,100,200,90.0,,,,,,,
9561,PERFORMING,MOTORS,0,450,100,200,90.0,,,,,,,
9562,PERFORMING,MOTORS,0,450,100,200,90.0,,,,,,,
9563,PERFORMING,MOTORS,0,450,100,200,90.0,,,,,,,
9565,PERFORMING,MOTORS,0,450,100,200,90.0,,,,,,,
9566,PERFORMING,MOTORS,0,450,100,200,90.0,,,,,,,
9567,PERFORMING,MOTORS,0,450,100,200,90.0,,,,,,,
9568,PERFORMING,MOTORS,0,450,100,200,90.0,,,,,,,
9569,PERFORMING,MOTORS,0,450,100,200,90.0,,,,,,,
9570,PERFORMING,MOTORS,0,450,100,200,90.0,,,,,,,
9571,PERFORMING,MOTORS,0,450,100,200,90.0,,,,,,,
9572,PERFORMING,MOTORS,0,450,100,200,90.0,,,,,,,
9573,PERFORMING,MOTORS,0,450,100,200,90.0,,,,,,,
9575,PERFORMING,MOTORS,0,450,100,200,90.0,,,,,,,
9576,PERFORMING,MOTORS,0,450,100,200,90.0,,,,,,,
9577,PERFORMING,MOTORS,0,450,100,200,90.0,,,,,,,
9578,PERFORMING,MOTORS,0,450,100,200,90.0,,,,,,,
9579,PERFORMING,MOTORS,0,450,100,200,90.0,,,,,,,
9580,PERFORMING,MOTORS,0,450,100,200,90.0,,,,,,,
9581,PERFORMING,MOTORS,0,450,100,200,90.0,,,,,,,
9582,PERFORMING,MOTORS,0,450,100,200,90.0,,,,,,,
9583,PERFORMING,MOTORS,0,450,100,200,90.0,,,,,,,
9585,PERFORMING,MOTORS,0,450,100,200,90.0,,,,,,,
9586,PERFORMING,MOTORS,0,450,100,200,90.0,,,,,,,
9587,PERFORMING,MOTORS,0,450,100,200,90.0,,,,,,,
9588,PERFORMING,MOTORS,0,450,100,200,90.0,,,,,,,
9589,PERFORMING,MOTORS,0,450,100,200,90.0,,,,,,,
9590,PERFORMING,MOTORS,0,450,100,200,90.0,,,,,,,
9591,PERFORMING,MOTORS,0,450,100,200,90.0,,,,,,,
9592,PERFORMING,MOTORS,0,450,100,200,90.0,,,,,,,
9594,PERFORMING,MOTORS,0,450,100,200,90.0,,,,,,,
9595,PERFORMING,MOTORS,0,450,100,200,90.0,,,,,,,
9596,PERFORMING,MOTORS,0,450,100,200,90.0,,,,,,,
9597,PERFORMING,MOTORS,0,450,100,200,90.0,,,,,,,
9598,PERFORMING,MOTORS,0,450,100,200,90.0,,,,,,,
9599,PERFORMING,MOTORS,0,450,100,200,90.0,,,,,,,
9600,PERFORMING,MOTORS,0,450,100,200,90.0,,,,,,,
9601,PERFORMING,MOTORS,0,450,100,200,90.0,,,,,,,
9602,PERFORMING,MOTORS,0,450,100,200,90.0,,,,,,,
9603,PERFORMING,MOTORS,0,450,100,200,90.0,,,,,,,
9604,PERFORMING,MOTORS,0,450,100,200,90.0,,,,,,,
9606,PERFORMING,MOTORS,0,450,100,200,90.0,,,,,,,
9607,PERFORMING,MOTORS,0,450,100,200,90.0,,,,,,,
9608,PERFORMING,MOTORS,0,450,100,200,90.0,,,,,,,
9609,PERFORMING,MOTORS,0,450,100,200,90.0,,,,,,,
9610,PERFORMING,MOTORS,0,450,100,200,90.0,,,,,,,
9611,PERFORMING,MOTORS,0,450,100,200,90.0,,,,,,,
9612,PERFORMING,MOTORS,0,450,100,200,90.0,,,,,,,
9613,PERFORMING,MOTORS,0,450,100,200,90.0,,,,,,,
9615,PERFORMING,MOTORS,0,450,100,200,90.0,,,,,,,
9616,PERFORMING,MOTORS,0,450,100,200,90.0,,,,,,,
9617,PERFORMING,MOTORS,0,450,100,200,90.0,,,,,,,
9618,PERFORMING,MOTORS,0,450,100,200,90.0,,,,,,,
9619,PERFORMING,MOTORS,0,450,100,200,90.0,,,,,,,
9620,PERFORMING,MOTORS,0,450,100,200,90.0,,,,,,,
9621,PERFORMING,MOTORS,0,450,100,200,90.0,,,,,,,
9623,PERFORMING,MOTORS,0,450,100,200,90.0,,,,,,,
9624,PERFORMING,MOTORS,0,450,100,200,90.0,,,,,,,
9625,PERFORMING,MOTORS,0,450,100,200,90.0,,,,,,,
9626,PERFORMING,MOTORS,0,450,100,200,90.0,,,,,,,
9627,PERFORMING,MOTORS,0,450,100,200,90.0,,,,,,,
9628,PERFORMING,MOTORS,0,450,100,200,90.0,,,,,,,
9629,PERFORMING,MOTORS,0,450,100,200,90.0,,,,,,,
9631,PERFORMING,MOTORS,0,450,100,200,90.0,,,,,,,
9632,PERFORMING,MOTORS,0,450,100,200,90.0,,,,,,,
9633,PERFORMING,MOTORS,0,450,100,200,90.0,,,,,,,
9634,PERFORMING,MOTORS,0,450,100,200,90.0,,,,,,,
9635,PERFORMING,MOTORS,0,450,100,200,90.0,,,,,,,
9636,PERFORMING,MOTORS,0,450,100,200,90.0,,,,,,,
9637,PERFORMING,MOTORS,0,450,100,200,90.0,,,,,,,
9639,PERFORMING,MOTORS,0,450,100,200,90.0,,,,,,,
9640,PERFORMING,MOTORS,0,450,100,200,90.0,,,,,,,
9641,PERFORMING,MOTORS,0,450,100,200,90.0,,,,,,,
9642,PERFORMING,MOTORS,0,450,100,200,90.0,,,,,,,
9643,PERFORMING,MOTORS,0,450,100,200,90.0,,,,,,,
9644,PERFORMING,MOTORS,0,450,100,200,90.0,,,,,,,
9645,PERFORMING,MOTORS,0,450,100,200,90.0,,,,,,,
9646,PERFORMING,MOTORS,0,450,100,200,90.0,,,,,,,
9647,PERFORMING,MOTORS,0,450,100,200,90.0,,,,,,,
9648,PERFORMING,MOTORS,0,450,100,200,90.0,,,,,,,
9650,PERFORMING,MOTORS,0,450,100,200,90.0,,,,,,,
9651,PERFORMING,MOTORS,0,450,100,200,90.0,,,,,,,
9652,PERFORMING,MOTORS,0,450,100,200,90.0,,,,,,,
9653,PERFORMING,MOTORS,0,450,100,200,90.0,,,,,,,
9654,PERFORMING,MOTORS,0,450,100,200,90.0,,,,,,,
9655,PERFORMING,MOTORS,0,450,100,200,90.0,,,,,,,
9657,PERFORMING,MOTORS,0,450,100,200,90.0,,,,,,,
9658,PERFORMING,MOTORS,0,450,100,200,90.0,,,,,,,
9659,PERFORMING,MOTORS,0,450,100,200,90.0,,,,,,,
9660,PERFORMING,MOTORS,0,450,100,200,90.0,,,,,,,
9661,PERFORMING,MOTORS,0,450,100,200,90.0,,,,,,,
9662,PERFORMING,MOTORS,0,450,100,200,90.0,,,,,,,
9663,PERFORMING,MOTORS,0,450,100,200,90.0,,,,,,,
9664,PERFORMING,MOTORS,0,450,100,200,90.0,,,,,,,
9666,PERFORMING,MOTORS,0,450,100,200,90.0,,,,,,,
9667,PERFORMING,MOTORS,0,450,100,200,90.0,,,,,,,
9668,PERFORMING,MOTORS,0,450,100,200,90.0,,,,,,,
9669,PERFORMING,MOTORS,0,450,100,200,90.0,,,,,,,
9670,PERFORMING,MOTORS,0,450,100,200,90.0,,,,,,,
9671,PERFORMING,MOTORS,0,450,100,200,90.0,,,,,,,
9672,PERFORMING,MOTORS,0,450,100,200,90.0,,,,,,,
9674,PERFORMING,MOTORS,0,450,100,200,90.0,,,,,,,
9675,PERFORMING,MOTORS,0,450,100,200,90.0,,,,,,,
9676,PERFORMING,MOTORS,0,450,100,200,90.0,,,,,,,
9677,PERFORMING,MOTORS,0,450,100,200,90.0,,,,,,,
9678,PERFORMING,MOTORS,0,450,100,200,90.0,,,,,,,
9680,PERFORMING,MOTORS,0,450,100,200,90.0,,,,,,,
9681,PERFORMING,MOTORS,0,450,100,200,90.0,,,,,,,
9682,PERFORMING,MOTORS,0,450,100,200,90.0,,,,,,,
9683,PERFORMING,MOTORS,0,450,100,200,90.0,,,,,,,
9684,PERFORMING,MOTORS,0,450,100,200,90.0,,,,,,,
9685,PERFORMING,MOTORS,0,450,100,200,90.0,,,,,,,
9687,PERFORMING,MOTORS,0,450,100,200,90.0,,,,,,,
9688,PERFORMING,MOTORS,0,450,100,200,90.0,,,,,,,
9689,PERFORMING,MOTORS,0,450,100,200,90.0,,,,,,,
9690,PERFORMING,MOTORS,0,450,100,200,90.0,,,,,,,
9691,PERFORMING,MOTORS,0,450,100,200,90.0,,,,,,,
9692,PERFORMING,MOTORS,0,450,100,200,90.0,,,,,,,
9693,PERFORMING,MOTORS,0,450,100,200,90.0,,,,,,,
9695,PERFORMING,MOTORS,0,450,100,200,90.0,,,,,,,
9696,PERFORMING,MOTORS,0,450,100,200,90.0,,,,,,,
9697,PERFORMING,MOTORS,0,450,100,200,90.0,,,,,,,
9698,PERFORMING,MOTORS,0,450,100,200,90.0,,,,,,,
9699,PERFORMING,MOTORS,0,450,100,200,90.0,,,,,,,
9701,PERFORMING,MOTORS,0,450,100,200,90.0,,,,,,,
9702,PERFORMING,MOTORS,0,450,100,200,90.0,,,,,,,
9703,PERFORMING,MOTORS,0,450,100,200,90.0,,,,,,,
9704,PERFORMING,MOTORS,0,450,100,200,90.0,,,,,,,
9705,PERFORMING,MOTORS,0,450,100,200,90.0,,,,,,,
9707,PERFORMING,MOTORS,0,450,100,200,90.0,,,,,,,
9708,PERFORMING,MOTORS,0,450,100,200,90.0,,,,,,,
9710,PERFORMING,MOTORS,0,450,100,200,90.0,,,,,,,
9711,PERFORMING,MOTORS,0,450,100,200,90.0,,,,,,,
9712,PERFORMING,MOTORS,0,450,100,200,90.0,,,,,,,
9713,PERFORMING,MOTORS,0,450,100,200,90.0,,,,,,,
9714,PERFORMING,MOTORS,0,450,100,200,90.0,,,,,,,
9715,PERFORMING,MOTORS,0,450,100,200,90.0,,,,,,,
9717,PERFORMING,MOTORS,0,450,100,200,90.0,,,,,,,
9718,PERFORMING,MOTORS,0,450,100,200,90.0,,,,,,,
9719,PERFORMING,MOTORS,0,450,100,200,90.0,,,,,,,
9720,PERFORMING,MOTORS,0,450,100,200,90.0,,,,,,,
9721,PERFORMING,MOTORS,0,450,100,200,90.0,,,,,,,
9722,PERFORMING,MOTORS,0,450,100,200,90.0,,,,,,,
9723,PERFORMING,MOTORS,0,450,100,200,90.0,,,,,,,
9725,PERFORMING,MOTORS,0,450,100,200,90.0,,,,,,,
9726,PERFORMING,MOTORS,0,450,100,200,90.0,,,,,,,
9727,PERFORMING,MOTORS,0,450,100,200,90.0,,,,,,,
9728,PERFORMING,MOTORS,0,450,100,200,90.0,,,,,,,
9729,PERFORMING,MOTORS,0,450,100,200,90.0,,,,,,,
9730,PERFORMING,MOTORS,0,450,100,200,90.0,,,,,,,
9731,PERFORMING,MOTORS,0,450,100,200,90.0,,,,,,,
9732,PERFORMING,MOTORS,0,450,100,200,90.0,,,,,,,
9734,PERFORMING,MOTORS,0,450,100,200,90.0,,,,,,,
9735,PERFORMING,MOTORS,0,450,100,200,90.0,,,,,,,
9736,PERFORMING,MOTORS,0,450,100,200,90.0,,,,,,,
9737,PERFORMING,MOTORS,0,450,100,200,90.0,,,,,,,
9738,PERFORMING,MOTORS,0,450,100,200,90.0,,,,,,,
9739,PERFORMING,MOTORS,0,450,100,200,90.0,,,,,,,
9740,PERFORMING,MOTORS,0,450,100,200,90.0,,,,,,,
9741,PERFORMING,MOTORS,0,450,100,200,90.0,,,,,,,
9743,PERFORMING,MOTORS,0,450,100,200,90.0,,,,,,,
9744,PERFORMING,MOTORS,0,450,100,200,90.0,,,,,,,
9745,PERFORMING,MOTORS,0,450,100,200,90.0,,,,,,,
9746,PERFORMING,MOTORS,0,450,100,200,90.0,,,,,,,
9747,PERFORMING,MOTORS,0,450,100,200,90.0,,,,,,,
9748,PERFORMING,MOTORS,0,450,100,200,90.0,,,,,,,
9750,PERFORMING,MOTORS,0,450,100,200,90.0,,,,,,,
9751,PERFORMING,MOTORS,0,450,100,200,90.0,,,,,,,
9752,PERFORMING,MOTORS,0,450,100,200,90.0,,,,,,,
9753,PERFORMING,MOTORS,0,450,100,200,90.0,,,,,,,
9754,PERFORMING,MOTORS,0,450,100,200,90.0,,,,,,,
9755,PERFORMING,MOTORS,0,450,100,200,90.0,,,,,,,
9756,PERFORMING,MOTORS,0,450,100,200,90.0,,,,,,,
9757,PERFORMING,MOTORS,0,450,100,200,90.0,,,,,,,
9759,PERFORMING,MOTORS,0,450,100,200,90.0,,,,,,,
9760,PERFORMING,MOTORS,0,450,100,200,90.0,,,,,,,
9761,PERFORMING,MOTORS,0,450,100,200,90.0,,,,,,,
9762,PERFORMING,MOTORS,0,450,100,200,90.0,,,,,,,
9763,PERFORMING,MOTORS,0,450,100,200,90.0,,,,,,,
9764,PERFORMING,MOTORS,0,450,100,200,90.0,,,,,,,
9765,PERFORMING,MOTORS,0,450,100,200,90.0,,,,,,,
9766,PERFORMING,MOTORS,0,450,100,200,90.0,,,,,,,
9768,PERFORMING,MOTORS,0,450,100,200,90.0,,,,,,,
9769,PERFORMING,MOTORS,0,450,100,200,90.0,,,,,,,
9770,PERFORMING,MOTORS,0,450,100,200,90.0,,,,,,,
9771,PERFORMING,MOTORS,0,450,100,200,90.0,,,,,,,
9772,PERFORMING,MOTORS,0,450,100,200,90.0,,,,,,,
9773,PERFORMING,MOTORS,0,450,100,200,90.0,,,,,,,
9775,PERFORMING,MOTORS,0,450,100,200,90.0,,,,,,,
9776,PERFORMING,MOTORS,0,450,100,200,90.0,,,,,,,
9777,PERFORMING,MOTORS,0,450,100,200,90.0,,,,,,,
9778,PERFORMING,MOTORS,0,450,100,200,90.0,,,,,,,
9779,PERFORMING,MOTORS,0,450,100,200,90.0,,,,,,,
9780,PERFORMING,MOTORS,0,450,100,200,90.0,,,,,,,
9781,PERFORMING,MOTORS,0,450,100,200,90.0,,,,,,,
9782,PERFORMING,MOTORS,0,450,100,200,90.0,,,,,,,
9784,PERFORMING,MOTORS,0,450,100,200,90.0,,,,,,,
9785,PERFORMING,MOTORS,0,450,100,200,90.0,,,,,,,
9786,PERFORMING,MOTORS,0,450,100,200,90.0,,,,,,,
9787,PERFORMING,MOTORS,0,450,100,200,90.0,,,,,,,
9788,PERFORMING,MOTORS,0,450,100,200,90.0,,,,,,,
9790,PERFORMING,MOTORS,0,450,100,200,90.0,,,,,,,
9791,PERFORMING,MOTORS,0,450,100,200,90.0,,,,,,,
9792,PERFORMING,MOTORS,0,450,100,200,90.0,,,,,,,
9793,PERFORMING,MOTORS,0,450,100,200,90.0,,,,,,,
9794,PERFORMING,MOTORS,0,450,100,200,90.0,,,,,,,
9795,PERFORMING,MOTORS,0,450,100,200,90.0,,,,,,,
9796,PERFORMING,MOTORS,0,450,100,200,90.0,,,,,,,
9797,PERFORMING,MOTORS,0,450,100,200,90.0,,,,,,,
9799,PERFORMING,MOTORS,0,450,100,200,90.0,,,,,,,
9800,PERFORMING,MOTORS,0,450,100,200,90.0,,,,,,,
9801,PERFORMING,MOTORS,0,450,100,200,90.0,,,,,,,
9802,PERFORMING,MOTORS,0,450,100,200,90.0,,,,,,,
9803,PERFORMING,MOTORS,0,450,100,200,90.0,,,,,,,
9804,PERFORMING,MOTORS,0,450,100,200,90.0,,,,,,,
9806,PERFORMING,MOTORS,0,450,100,200,90.0,,,,,,,
9807,PERFORMING,MOTORS,0,450,100,200,90.0,,,,,,,
9808,PERFORMING,MOTORS,0,450,100,200,90.0,,,,,,,
9809,PERFORMING,MOTORS,0,450,100,200,90.0,,,,,,,
9810,PERFORMING,MOTORS,0,450,100,200,90.0,,,,,,,
9811,PERFORMING,MOTORS,0,450,100,200,90.0,,,,,,,
9812,PERFORMING,MOTORS,0,450,100,200,90.0,,,,,,,
9813,PERFORMING,MOTORS,0,450,100,200,90.0,,,,,,,
9815,PERFORMING,MOTORS,0,450,100,200,90.0,,,,,,,
9816,PERFORMING,MOTORS,0,450,100,200,90.0,,,,,,,
9817,PERFORMING,MOTORS,0,450,100,200,90.0,,,,,,,
9818,PERFORMING,MOTORS,0,450,100,200,90.0,,,,,,,
9819,PERFORMING,MOTORS,0,450,100,200,90.0,,,,,,,
9820,PERFORMING,MOTORS,0,450,100,200,90.0,,,,,,,
9821,PERFORMING,MOTORS,0,450,100,200,90.0,,,,,,,
9822,PERFORMING,MOTORS,0,450,100,200,90.0,,,,,,,
9824,PERFORMING,MOTORS,0,450,100,200,90.0,,,,,,,
9825,PERFORMING,MOTORS,0,450,100,200,90.0,,,,,,,
9826,PERFORMING,MOTORS,0,450,100,200,90.0,,,,,,,
9827,PERFORMING,MOTORS,0,450,100,200,90.0,,,,,,,
9828,PERFORMING,MOTORS,0,450,100,200,90.0,,,,,,,
9830,PERFORMING,MOTORS,0,450,100,200,90.0,,,,,,,
9831,PERFORMING,MOTORS,0,450,100,200,90.0,,,,,,,
9832,PERFORMING,MOTORS,0,450,100,200,90.0,,,,,,,
9833,PERFORMING,MOTORS,0,450,100,200,90.0,,,,,,,
9834,PERFORMING,MOTORS,0,450,100,200,90.0,,,,,,,
9835,PERFORMING,MOTORS,0,450,100,200,90.0,,,,,,,
9836,PERFORMING,MOTORS,0,450,100,200,90.0,,,,,,,
9838,PERFORMING,MOTORS,0,450,100,200,90.0,,,,,,,
9839,PERFORMING,MOTORS,0,450,100,200,90.0,,,,,,,
9840,PERFORMING,MOTORS,0,450,100,200,90.0,,,,,,,
9841,PERFORMING,MOTORS,0,450,100,200,90.0,,,,,,,
9842,PERFORMING,MOTORS,0,450,100,200,90.0,,,,,,,
9843,PERFORMING,MOTORS,0,450,100,200,90.0,,,,,,,
9845,PERFORMING,MOTORS,0,450,100,200,90.0,,,,,,,
9846,PERFORMING,MOTORS,0,450,100,200,90.0,,,,,,,
9847,PERFORMING,MOTORS,0,450,100,200,90.0,,,,,,,
9848,PERFORMING,MOTORS,0,450,100,200,90.0,,,,,,,
9849,PERFORMING,MOTORS,0,450,100,200,90.0,,,,,,,
9851,PERFORMING,MOTORS,0,450,100,200,90.0,,,,,,,
9852,PERFORMING,MOTORS,0,450,100,200,90.0,,,,,,,
9853,PERFORMING,MOTORS,0,450,100,200,90.0,,,,,,,
9854,PERFORMING,MOTORS,0,450,100,200,90.0,,,,,,,
9855,PERFORMING,MOTORS,0,450,100,200,90.0,,,,,,,
9856,PERFORMING,MOTORS,0,450,100,200,90.0,,,,,,,
9857,PERFORMING,MOTORS,0,450,100,200,90.0,,,,,,,
9859,PERFORMING,MOTORS,0,450,100,200,90.0,,,,,,,
9860,PERFORMING,MOTORS,0,450,100,200,90.0,,,,,,,
9861,PERFORMING,MOTORS,0,450,100,200,90.0,,,,,,,
9862,PERFORMING,MOTORS,0,450,100,200,90.0,,,,,,,
9863,PERFORMING,MOTORS,0,450,100,200,90.0,,,,,,,
9864,PERFORMING,MOTORS,0,450,100,200,90.0,,,,,,,
9866,PERFORMING,MOTORS,0,450,100,200,90.0,,,,,,,
9867,PERFORMING,MOTORS,0,450,100,200,90.0,,,,,,,
9868,PERFORMING,MOTORS,0,450,100,200,90.0,,,,,,,
9869,PERFORMING,MOTORS,0,450,100,200,90.0,,,,,,,
9870,PERFORMING,MOTORS,0,450,100,200,90.0,,,,,,,
9871,PERFORMING,MOTORS,0,450,100,200,90.0,,,,,,,
9872,PERFORMING,MOTORS,0,450,100,200,90.0,,,,,,,
9874,PERFORMING,MOTORS,0,450,100,200,90.0,,,,,,,
9875,PERFORMING,MOTORS,0,450,100,200,90.0,,,,,,,
9876,PERFORMING,MOTORS,0,450,100,200,90.0,,,,,,,
9877,PERFORMING,MOTORS,0,450,100,200,90.0,,,,,,,
9878,PERFORMING,MOTORS,0,450,100,200,90.0,,,,,,,
9879,PERFORMING,MOTORS,0,450,100,200,90.0,,,,,,,
9880,PERFORMING,MOTORS,0,450,100,200,90.0,,,,,,,
9881,PERFORMING,MOTORS,0,450,100,200,90.0,,,,,,,
9882,PERFORMING,MOTORS,0,450,100,200,90.0,,,,,,,
9884,PERFORMING,MOTORS,0,450,100,200,90.0,,,,,,,
9885,PERFORMING,MOTORS,0,450,100,200,90.0,,,,,,,
9886,PERFORMING,MOTORS,0,450,100,200,90.0,,,,,,,
9887,PERFORMING,MOTORS,0,450,100,200,90.0,,,,,,,
9888,PERFORMING,MOTORS,0,450,100,200,90.0,,,,,,,
9889,PERFORMING,MOTORS,0,450,100,200,90.0,,,,,,,
9890,PERFORMING,MOTORS,0,450,100,200,90.0,,,,,,,
9892,PERFORMING,MOTORS,0,450,100,200,90.0,,,,,,,
9893,PERFORMING,MOTORS,0,450,100,200,90.0,,,,,,,
9894,PERFORMING,MOTORS,0,450,100,200,90.0,,,,,,,
9895,PERFORMING,MOTORS,0,450,100,200,90.0,,,,,,,
9896,PERFORMING,MOTORS,0,450,100,200,90.0,,,,,,,
9897,PERFORMING,MOTORS,0,450,100,200,90.0,,,,,,,
9898,PERFORMING,MOTORS,0,450,100,200,90.0,,,,,,,
9899,PERFORMING,MOTORS,0,450,100,200,90.0,,,,,,,
9901,PERFORMING,MOTORS,0,450,100,200,90.0,,,,,,,
9902,PERFORMING,MOTORS,0,450,100,200,90.0,,,,,,,
9903,PERFORMING,MOTORS,0,450,100,200,90.0,,,,,,,
9904,PERFORMING,MOTORS,0,450,100,200,90.0,,,,,,,
9905,PERFORMING,MOTORS,0,450,100,200,90.0,,,,,,,
9906,PERFORMING,MOTORS,0,450,100,200,90.0,,,,,,,
9907,PERFORMING,MOTORS,0,450,100,200,90.0,,,,,,,
9908,PERFORMING,MOTORS,0,450,100,200,90.0,,,,,,,
9909,PERFORMING,MOTORS,0,450,100,200,90.0,,,,,,,
9911,PERFORMING,MOTORS,0,450,100,200,90.0,,,,,,,
9912,PERFORMING,MOTORS,0,450,100,200,90.0,,,,,,,
9913,PERFORMING,MOTORS,0,450,100,200,90.0,,,,,,,
9914,PERFORMING,MOTORS,0,450,100,200,90.0,,,,,,,
9915,PERFORMING,MOTORS,0,450,100,200,90.0,,,,,,,
9916,PERFORMING,MOTORS,0,450,100,200,90.0,,,,,,,
9917,PERFORMING,MOTORS,0,450,100,200,90.0,,,,,,,
9918,PERFORMING,MOTORS,0,450,100,200,90.0,,,,,,,
9919,PERFORMING,MOTORS,0,450,100,200,90.0,,,,,,,
9921,PERFORMING,MOTORS,0,450,100,200,90.0,,,,,,,
9922,PERFORMING,MOTORS,0,450,100,200,90.0,,,,,,,
9923,PERFORMING,MOTORS,0,450,100,200,90.0,,,,,,,
9924,PERFORMING,MOTORS,0,450,100,200,90.0,,,,,,,
9925,PERFORMING,MOTORS,0,450,100,200,90.0,,,,,,,
9926,PERFORMING,MOTORS,0,450,100,200,90.0,,,,,,,
9927,PERFORMING,MOTORS,0,450,100,200,90.0,,,,,,,
9929,PERFORMING,MOTORS,0,450,100,200,90.0,,,,,,,
9930,PERFORMING,MOTORS,0,450,100,200,90.0,,,,,,,
9931,PERFORMING,MOTORS,0,450,100,200,90.0,,,,,,,
9932,PERFORMING,MOTORS,0,450,100,200,90.0,,,,,,,
9933,PERFORMING,MOTORS,0,450,100,200,90.0,,,,,,,
9934,PERFORMING,MOTORS,0,450,100,200,90.0,,,,,,,
9935,PERFORMING,MOTORS,0,450,100,200,90.0,,,,,,,
9936,PERFORMING,MOTORS,0,450,100,200,90.0,,,,,,,
9938,PERFORMING,MOTORS,0,450,100,200,90.0,,,,,,,
9939,PERFORMING,MOTORS,0,450,100,200,90.0,,,,,,,
9940,PERFORMING,MOTORS,0,450,100,200,90.0,,,,,,,
9941,PERFORMING,MOTORS,0,450,100,200,90.0,,,,,,,
9942,PERFORMING,MOTORS,0,450,100,200,90.0,,,,,,,
9943,PERFORMING,MOTORS,0,450,100,200,90.0,,,,,,,
9944,PERFORMING,MOTORS,0,450,100,200,90.0,,,,,,,
9945,PERFORMING,MOTORS,0,450,100,200,90.0,,,,,,,
9946,PERFORMING,MOTORS,0,450,100,200,90.0,,,,,,,
9948,PERFORMING,MOTORS,0,450,100,200,90.0,,,,,,,
9949,PERFORMING,MOTORS,0,450,100,200,90.0,,,,,,,
9950,PERFORMING,MOTORS,0,450,100,200,90.0,,,,,,,
9951,PERFORMING,MOTORS,0,450,100,200,90.0,,,,,,,
9952,PERFORMING,MOTORS,0,450,100,200,90.0,,,,,,,
9953,PERFORMING,MOTORS,0,450,100,200,90.0,,,,,,,
9954,PERFORMING,MOTORS,0,450,100,200,90.0,,,,,,,
9955,PERFORMING,MOTORS,0,450,100,200,90.0,,,,,,,
9957,PERFORMING,MOTORS,0,450,100,200,90.0,,,,,,,
9958,PERFORMING,MOTORS,0,450,100,200,90.0,,,,,,,
9959,PERFORMING,MOTORS,0,450,100,200,90.0,,,,,,,
9960,PERFORMING,MOTORS,0,450,100,200,90.0,,,,,,,
9961,PERFORMING,MOTORS,0,450,100,200,90.0,,,,,,,
9962,PERFORMING,MOTORS,0,450,100,200,90.0,,,,,,,
9963,PERFORMING,MOTORS,0,450,100,200,90.0,,,,,,,
9964,PERFORMING,MOTORS,0,450,100,200,90.0,,,,,,,
9966,PERFORMING,MOTORS,0,450,100,200,90.0,,,,,,,
9967,PERFORMING,MOTORS,0,450,100,200,90.0,,,,,,,
9968,PERFORMING,MOTORS,0,450,100,200,90.0,,,,,,,
9969,PERFORMING,MOTORS,0,450,100,200,90.0,,,,,,,
9970,PERFORMING,MOTORS,0,450,100,200,90.0,,,,,,,
9971,PERFORMING,MOTORS,0,450,100,200,90.0,,,,,,,
9972,PERFORMING,MOTORS,0,450,100,200,90.0,,,,,,,
9973,PERFORMING,MOTORS,0,450,100,200,90.0,,,,,,,
9975,PERFORMING,MOTORS,0,450,100,200,90.0,,,,,,,
9976,PERFORMING,MOTORS,0,450,100,200,90.0,,,,,,,
9977,PERFORMING,MOTORS,0,450,100,200,90.0,,,,,,,
9978,PERFORMING,MOTORS,0,450,100,200,90.0,,,,,,,
9979,PERFORMING,MOTORS,0,450,100,200,90.0,,,,,,,
9980,PERFORMING,MOTORS,0,450,100,200,90.0,,,,,,,
9981,PERFORMING,MOTORS,0,450,100,200,90.0,,,,,,,
9983,PERFORMING,MOTORS,0,450,100,200,90.0,,,,,,,
9984,PERFORMING,MOTORS,0,450,100,200,90.0,,,,,,,
9985,PERFORMING,MOTORS,0,450,100,200,90.0,,,,,,,
9986,PERFORMING,MOTORS,0,450,100,200,90.0,,,,,,,
9987,PERFORMING,MOTORS,0,450,100,200,90.0,,,,,,,
9988,PERFORMING,MOTORS,0,450,100,200,90.0,,,,,,,
9989,PERFORMING,MOTORS,0,450,100,200,90.0,,,,,,,
9991,PERFORMING,MOTORS,0,450,100,200,90.0,,,,,,,
9992,PERFORMING,MOTORS,0,450,100,200,90.0,,,,,,,
9993,PERFORMING,MOTORS,0,450,100,200,90.0,,,,,,,
9994,PERFORMING,MOTORS,0,450,100,200,90.0,,,,,,,
9995,PERFORMING,MOTORS,0,450,100,200,90.0,,,,,,,
9996,PERFORMING,MOTORS,0,450,100,200,90.0,,,,,,,
9997,PERFORMING,MOTORS,0,450,100,200,90.0,,,,,,,
9999,PERFORMING,MOTORS,0,450,100,200,90.0,,,,,,,
10000,PERFORMING,MOTORS,0,450,100,200,90.0,,,,,,,
10001,PERFORMING,MOTORS,0,450,100,200,90.0,,,,,,,
10002,PERFORMING,MOTORS,0,450,100,200,90.0,,,,,,,
10003,PERFORMING,MOTORS,0,450,100,200,90.0,,,,,,,
10004,PERFORMING,MOTORS,0,450,100,200,90.0,,,,,,,
10005,PERFORMING,MOTORS,0,450,100,200,90.0,,,,,,,
10006,PERFORMING,MOTORS,0,450,100,200,90.0,,,,,,,
10008,PERFORMING,MOTORS,0,450,100,200,90.0,,,,,,,
10009,PERFORMING,MOTORS,0,450,100,200,90.0,,,,,,,
10010,PERFORMING,MOTORS,0,450,100,200,90.0,,,,,,,
10011,PERFORMING,MOTORS,0,450,100,200,90.0,,,,,,,
10012,PERFORMING,MOTORS,0,450,100,200,90.0,,,,,,,
10013,PERFORMING,MOTORS,0,450,100,200,90.0,,,,,,,
10014,PERFORMING,MOTORS,0,450,100,200,90.0,,,,,,,
10015,PERFORMING,MOTORS,0,450,100,200,90.0,,,,,,,
10017,PERFORMING,MOTORS,0,450,100,200,90.0,,,,,,,
10018,PERFORMING,MOTORS,0,450,100,200,90.0,,,,,,,
10019,PERFORMING,MOTORS,0,450,100,200,90.0,,,,,,,
10020,PERFORMING,MOTORS,0,450,100,200,90.0,,,,,,,
10021,PERFORMING,MOTORS,0,450,100,200,90.0,,,,,,,
10022,PERFORMING,MOTORS,0,450,100,200,90.0,,,,,,,
10023,PERFORMING,MOTORS,0,450,100,200,90.0,,,,,,,
10024,PERFORMING,MOTORS,0,450,100,200,90.0,,,,,,,
10026,PERFORMING,MOTORS,0,450,100,200,90.0,,,,,,,
10027,PERFORMING,MOTORS,0,450,100,200,90.0,,,,,,,
10028,PERFORMING,MOTORS,0,450,100,200,90.0,,,,,,,
10029,PERFORMING,MOTORS,0,450,100,200,90.0,,,,,,,
10030,PERFORMING,MOTORS,0,450,100,200,90.0,,,,,,,
10031,PERFORMING,MOTORS,0,450,100,200,90.0,,,,,,,
10032,PERFORMING,MOTORS,0,450,100,200,90.0,,,,,,,
10033,PERFORMING,MOTORS,0,450,100,200,90.0,,,,,,,
10034,PERFORMING,MOTORS,0,450,100,200,90.0,,,,,,,
10036,PERFORMING,MOTORS,0,450,100,200,90.0,,,,,,,
10037,PERFORMING,MOTORS,0,450,100,200,90.0,,,,,,,
10038,PERFORMING,MOTORS,0,450,100,200,90.0,,,,,,,
10039,PERFORMING,MOTORS,0,450,100,200,90.0,,,,,,,
10040,PERFORMING,MOTORS,0,450,100,200,90.0,,,,,,,
10041,PERFORMING,MOTORS,0,450,100,200,90.0,,,,,,,
10042,PERFORMING,MOTORS,0,450,100,200,90.0,,,,,,,
10043,PERFORMING,MOTORS,0,450,100,200,90.0,,,,,,,
10045,PERFORMING,MOTORS,0,450,100,200,90.0,,,,,,,
10046,PERFORMING,MOTORS,0,450,100,200,90.0,,,,,,,
10047,PERFORMING,MOTORS,0,450,100,200,90.0,,,,,,,
10048,PERFORMING,MOTORS,0,450,100,200,90.0,,,,,,,
10049,PERFORMING,MOTORS,0,450,100,200,90.0,,,,,,,
10050,PERFORMING,MOTORS,0,450,100,200,90.0,,,,,,,
10052,PERFORMING,MOTORS,0,450,100,200,90.0,,,,,,,
10053,PERFORMING,MOTORS,0,450,100,200,90.0,,,,,,,
10054,PERFORMING,MOTORS,0,450,100,200,90.0,,,,,,,
10055,PERFORMING,MOTORS,0,450,100,200,90.0,,,,,,,
10056,PERFORMING,MOTORS,0,450,100,200,90.0,,,,,,,
10058,PERFORMING,MOTORS,0,450,100,200,90.0,,,,,,,
10059,PERFORMING,MOTORS,0,450,102,200,90.0,,,,,,,
10060,PERFORMING,MOTORS,0,450,104,200,90.0,,,,,,,
10061,PERFORMING,MOTORS,0,450,106,200,90.0,,,,,,,
10062,PERFORMING,MOTORS,0,450,108,200,90.0,,,,,,,
10063,PERFORMING,MOTORS,0,450,110,200,90.0,,,,,,,
10065,PERFORMING,MOTORS,0,450,114,200,90.0,,,,,,,
10066,PERFORMING,MOTORS,0,450,116,200,90.0,,,,,,,
10067,PERFORMING,MOTORS,0,450,118,200,90.0,,,,,,,
10068,PERFORMING,MOTORS,0,450,120,200,90.0,,,,,,,
10069,PERFORMING,MOTORS,0,450,122,200,90.0,,,,,,,
10070,PERFORMING,MOTORS,0,450,124,200,90.0,,,,,,,
10072,PERFORMING,MOTORS,0,450,128,200,90.0,,,,,,,
10073,PERFORMING,MOTORS,0,450,130,200,90.0,,,,,,,
10074,PERFORMING,MOTORS,0,450,132,200,90.0,,,,,,,
10075,PERFORMING,MOTORS,0,450,134,200,90.0,,,,,,,
10076,PERFORMING,MOTORS,0,450,136,200,90.0,,,,,,,
10077,PERFORMING,MOTORS,0,450,138,200,90.0,,,,,,,
10079,PERFORMING,MOTORS,0,450,142,200,90.0,,,,,,,
10080,PERFORMING,MOTORS,0,450,144,200,90.0,,,,,,,
10081,PERFORMING,MOTORS,0,450,146,200,90.0,,,,,,,
10082,PERFORMING,MOTORS,0,450,148,200,90.0,,,,,,,
10083,PERFORMING,MOTORS,0,450,150,200,90.0,,,,,,,
10084,PERFORMING,MOTORS,0,450,150,200,90.0,,,,,,,
10085,PERFORMING,MOTORS,0,450,150,200,90.0,,,,,,,
10087,PERFORMING,MOTORS,0,450,150,200,90.0,,,,,,,
10088,PERFORMING,MOTORS,0,450,150,200,90.0,,,,,,,
10089,PERFORMING,MOTORS,0,450,150,200,90.0,,,,,,,
10090,PERFORMING,MOTORS,0,450,150,200,90.0,,,,,,,
10091,PERFORMING,MOTORS,0,450,150,200,90.0,,,,,,,
10092,PERFORMING,MOTORS,0,450,150,200,90.0,,,,,,,
10093,PERFORMING,MOTORS,0,450,150,200,90.0,,,,,,,
10094,PERFORMING,MOTORS,0,450,150,200,90.0,,,,,,,
10096,PERFORMING,MOTORS,0,450,150,200,90.0,,,,,,,
10097,PERFORMING,MOTORS,0,450,150,200,90.0,,,,,,,
10098,PERFORMING,MOTORS,0,450,150,200,90.0,,,,,,,
10099,PERFORMING,MOTORS,0,450,150,200,90.0,,,,,,,
10100,PERFORMING,MOTORS,0,450,150,200,90.0,,,,,,,
10101,PERFORMING,MOTORS,0,450,150,200,90.0,,,,,,,
10103,PERFORMING,MOTORS,0,450,150,200,90.0,,,,,,,
10104,PERFORMING,MOTORS,0,450,150,200,90.0,,,,,,,
10105,PERFORMING,MOTORS,0,450,150,200,90.0,,,,,,,
10106,PERFORMING,MOTORS,0,450,150,200,90.0,,,,,,,
10107,PERFORMING,MOTORS,0,450,150,200,90.0,,,,,,,
10108,PERFORMING,MOTORS,0,450,150,200,90.0,,,,,,,
10109,PERFORMING,MOTORS,0,450,150,200,90.0,,,,,,,
10110,PERFORMING,MOTORS,0,450,150,200,90.0,,,,,,,
10111,PERFORMING,MOTORS,0,450,150,200,90.0,,,,,,,
10113,PERFORMING,MOTORS,0,450,150,200,90.0,,,,,,,
10114,PERFORMING,MOTORS,0,450,150,200,90.0,,,,,,,
10115,PERFORMING,MOTORS,0,450,150,200,90.0,,,,,,,
10116,PERFORMING,MOTORS,0,450,150,200,90.0,,,,,,,
10117,PERFORMING,MOTORS,0,450,150,200,90.0,,,,,,,
10118,PERFORMING,MOTORS,0,450,150,200,90.0,,,,,,,
10120,PERFORMING,MOTORS,0,450,150,200,90.0,,,,,,,
10121,PERFORMING,MOTORS,0,450,150,200,90.0,,,,,,,
10122,PERFORMING,MOTORS,0,450,150,200,90.0,,,,,,,
10123,PERFORMING,MOTORS,0,450,150,200,90.0,,,,,,,
10124,PERFORMING,MOTORS,0,450,150,200,90.0,,,,,,,
10125,PERFORMING,MOTORS,0,450,150,200,90.0,,,,,,,
10126,PERFORMING,MOTORS,0,450,150,200,90.0,,,,,,,
10127,PERFORMING,MOTORS,0,450,150,200,90.0,,,,,,,
10129,PERFORMING,MOTORS,0,450,150,200,90.0,,,,,,,
10130,PERFORMING,MOTORS,0,450,150,200,90.0,,,,,,,
10131,PERFORMING,MOTORS,0,450,150,200,90.0,,,,,,,
10132,PERFORMING,MOTORS,0,450,150,200,90.0,,,,,,,
10133,PERFORMING,MOTORS,0,450,150,200,90.0,,,,,,,
10134,PERFORMING,MOTORS,0,450,150,200,90.0,,,,,,,
10136,PERFORMING,MOTORS,0,450,150,200,90.0,,,,,,,
10137,PERFORMING,MOTORS,0,450,150,200,90.0,,,,,,,
10138,PERFORMING,MOTORS,0,450,150,200,90.0,,,,,,,
10139,PERFORMING,MOTORS,0,450,150,200,90.0,,,,,,,
10140,PERFORMING,MOTORS,0,450,150,200,90.0,,,,,,,
10141,PERFORMING,MOTORS,0,450,150,200,90.0,,,,,,,
10142,PERFORMING,MOTORS,0,450,150,200,90.0,,,,,,,
10143,PERFORMING,MOTORS,0,450,150,200,90.0,,,,,,,
10144,PERFORMING,MOTORS,0,450,150,200,90.0,,,,,,,
10146,PERFORMING,MOTORS,0,450,150,200,90.0,,,,,,,
10147,PERFORMING,MOTORS,0,450,150,200,90.0,,,,,,,
10148,PERFORMING,MOTORS,0,450,150,200,90.0,,,,,,,
10149,PERFORMING,MOTORS,0,450,150,200,90.0,,,,,,,
10150,PERFORMING,MOTORS,0,450,150,200,90.0,,,,,,,
10151,PERFORMING,MOTORS,0,450,150,200,90.0,,,,,,,
10152,PERFORMING,MOTORS,0,450,150,200,90.0,,,,,,,
10153,PERFORMING,MOTORS,0,450,150,200,90.0,,,,,,,
10155,PERFORMING,MOTORS,0,450,150,200,90.0,,,,,,,
10156,PERFORMING,MOTORS,0,450,150,200,90.0,,,,,,,
10157,PERFORMING,MOTORS,0,450,150,200,90.0,,,,,,,
10158,PERFORMING,MOTORS,0,450,150,200,90.0,,,,,,,
10159,PERFORMING,MOTORS,0,450,150,200,90.0,,,,,,,
10160,PERFORMING,MOTORS,0,450,150,200,90.0,,,,,,,
10161,PERFORMING,MOTORS,0,450,150,200,90.0,,,,,,,
10162,PERFORMING,MOTORS,0,450,150,200,90.0,,,,,,,
10164,PERFORMING,MOTORS,0,450,150,200,90.0,,,,,,,
10165,PERFORMING,MOTORS,0,450,150,200,90.0,,,,,,,
10166,PERFORMING,MOTORS,0,450,150,200,90.0,,,,,,,
10167,PERFORMING,MOTORS,0,450,150,200,90.0,,,,,,,
10168,PERFORMING,MOTORS,0,450,150,200,90.0,,,,,,,
10169,PERFORMING,MOTORS,0,450,150,200,90.0,,,,,,,
10170,PERFORMING,MOTORS,0,450,150,200,90.0,,,,,,,
10172,PERFORMING,MOTORS,0,450,150,200,90.0,,,,,,,
10173,PERFORMING,MOTORS,0,450,150,200,90.0,,,,,,,
10174,PERFORMING,MOTORS,0,450,150,200,90.0,,,,,,,
10175,PERFORMING,MOTORS,0,450,150,200,90.0,,,,,,,
10176,PERFORMING,MOTORS,0,450,150,200,90.0,,,,,,,
10177,PERFORMING,MOTORS,0,450,150,200,90.0,,,,,,,
10178,PERFORMING,MOTORS,0,450,150,200,90.0,,,,,,,
10179,PERFORMING,MOTORS,0,450,150,200,90.0,,,,,,,
10181,PERFORMING,MOTORS,0,450,150,200,90.0,,,,,,,
10182,PERFORMING,MOTORS,0,450,150,200,90.0,,,,,,,
10183,PERFORMING,MOTORS,0,450,150,200,90.0,,,,,,,
10184,PERFORMING,MOTORS,0,450,150,200,90.0,,,,,,,
10185,PERFORMING,MOTORS,0,450,150,200,90.0,,,,,,,
10186,PERFORMING,MOTORS,0,450,150,200,90.0,,,,,,,
10187,PERFORMING,MOTORS,0,450,150,200,90.0,,,,,,,
10188,PERFORMING,MOTORS,0,450,150,200,90.0,,,,,,,
10190,PERFORMING,MOTORS,0,450,150,200,90.0,,,,,,,
10191,PERFORMING,MOTORS,0,450,150,200,90.0,,,,,,,
10192,PERFORMING,MOTORS,0,450,150,200,90.0,,,,,,,
10193,PERFORMING,MOTORS,0,450,150,200,90.0,,,,,,,
10194,PERFORMING,MOTORS,0,450,150,200,90.0,,,,,,,
10195,PERFORMING,MOTORS,0,450,150,200,90.0,,,,,,,
10196,PERFORMING,MOTORS,0,450,150,200,90.0,,,,,,,
10197,PERFORMING,MOTORS,0,450,150,200,90.0,,,,,,,
10199,PERFORMING,MOTORS,0,450,150,200,90.0,,,,,,,
10200,PERFORMING,MOTORS,0,450,150,200,90.0,,,,,,,
10201,PERFORMING,MOTORS,0,450,150,200,90.0,,,,,,,
10202,PERFORMING,MOTORS,0,450,150,200,90.0,,,,,,,
10203,PERFORMING,MOTORS,0,450,150,200,90.0,,,,,,,
10204,PERFORMING,MOTORS,0,450,150,200,90.0,,,,,,,
10205,PERFORMING,MOTORS,0,450,150,200,90.0,,,,,,,
10206,PERFORMING,MOTORS,0,450,150,200,90.0,,,,,,,
10207,PERFORMING,MOTORS,0,450,150,200,90.0,,,,,,,
10208,PERFORMING,MOTORS,0,450,150,200,90.0,,,,,,,
10210,PERFORMING,MOTORS,0,450,150,200,90.0,,,,,,,
10211,PERFORMING,MOTORS,0,450,150,200,90.0,,,,,,,
10212,PERFORMING,MOTORS,0,450,150,200,90.0,,,,,,,
10213,PERFORMING,MOTORS,0,450,150,200,90.0,,,,,,,
10214,PERFORMING,MOTORS,0,450,150,200,90.0,,,,,,,
10215,PERFORMING,MOTORS,0,450,150,200,90.0,,,,,,,
10216,PERFORMING,MOTORS,0,450,150,200,90.0,,,,,,,
10217,PERFORMING,MOTORS,0,450,150,200,90.0,,,,,,,
10218,PERFORMING,MOTORS,0,450,150,200,90.0,,,,,,,
10219,PERFORMING,MOTORS,0,450,150,200,90.0,,,,,,,
10221,PERFORMING,MOTORS,0,450,150,200,90.0,,,,,,,
10222,PERFORMING,MOTORS,0,450,150,200,90.0,,,,,,,
10223,PERFORMING,MOTORS,0,450,150,200,90.0,,,,,,,
10224,PERFORMING,MOTORS,0,450,150,200,90.0,,,,,,,
10225,PERFORMING,MOTORS,0,450,150,200,90.0,,,,,,,
10226,PERFORMING,MOTORS,0,450,150,200,90.0,,,,,,,
10227,PERFORMING,MOTORS,0,450,150,200,90.0,,,,,,,
10228,PERFORMING,MOTORS,0,450,150,200,90.0,,,,,,,
10229,PERFORMING,MOTORS,0,450,150,200,90.0,,,,,,,
10231,PERFORMING,MOTORS,0,450,150,200,90.0,,,,,,,
10232,PERFORMING,MOTORS,0,450,150,200,90.0,,,,,,,
10233,PERFORMING,MOTORS,0,450,150,200,90.0,,,,,,,
10234,PERFORMING,MOTORS,0,450,150,200,90.0,,,,,,,
10235,PERFORMING,MOTORS,0,450,150,200,90.0,,,,,,,
10236,PERFORMING,MOTORS,0,450,150,200,90.0,,,,,,,
10237,PERFORMING,MOTORS,0,450,150,200,90.0,,,,,,,
10238,PERFORMING,MOTORS,0,450,150,200,90.0,,,,,,,
10240,PERFORMING,MOTORS,0,450,150,200,90.0,,,,,,,
10241,PERFORMING,MOTORS,0,450,150,200,90.0,,,,,,,
10242,PERFORMING,MOTORS,0,450,150,200,90.0,,,,,,,
10243,PERFORMING,MOTORS,0,450,150,200,90.0,,,,,,,
10244,PERFORMING,MOTORS,0,450,150,200,90.0,,,,,,,
10245,PERFORMING,MOTORS,0,450,150,200,90.0,,,,,,,
10246,PERFORMING,MOTORS,0,450,150,200,90.0,,,,,,,
10248,PERFORMING,MOTORS,0,450,150,200,90.0,,,,,,,
10249,PERFORMING,MOTORS,0,450,150,200,90.0,,,,,,,
10250,PERFORMING,MOTORS,0,450,150,200,90.0,,,,,,,
10251,PERFORMING,MOTORS,0,450,150,200,90.0,,,,,,,
10252,PERFORMING,MOTORS,0,450,150,200,90.0,,,,,,,
10253,PERFORMING,MOTORS,0,450,150,200,90.0,,,,,,,
10255,PERFORMING,MOTORS,0,450,150,200,90.0,,,,,,,
10256,PERFORMING,MOTORS,0,450,150,200,90.0,,,,,,,
10257,PERFORMING,MOTORS,0,450,150,200,90.0,,,,,,,
10258,PERFORMING,MOTORS,0,450,150,200,90.0,,,,,,,
10259,PERFORMING,MOTORS,0,450,150,200,90.0,,,,,,,
10260,PERFORMING,MOTORS,0,450,150,200,90.0,,,,,,,
10261,PERFORMING,MOTORS,0,450,150,200,90.0,,,,,,,
10262,PERFORMING,MOTORS,0,450,150,200,90.0,,,,,,,
10264,PERFORMING,MOTORS,0,450,150,200,90.0,,,,,,,
10265,PERFORMING,MOTORS,0,450,150,200,90.0,,,,,,,
10266,PERFORMING,MOTORS,0,450,150,200,90.0,,,,,,,
10267,PERFORMING,MOTORS,0,450,150,200,90.0,,,,,,,
10268,PERFORMING,MOTORS,0,450,150,200,90.0,,,,,,,
10269,PERFORMING,MOTORS,0,450,150,200,90.0,,,,,,,
10270,PERFORMING,MOTORS,0,450,150,200,90.0,,,,,,,
10271,PERFORMING,MOTORS,0,450,150,200,90.0,,,,,,,
10273,PERFORMING,MOTORS,0,450,150,200,90.0,,,,,,,
10274,PERFORMING,MOTORS,0,450,150,200,90.0,,,,,,,
10275,PERFORMING,MOTORS,0,450,150,200,90.0,,,,,,,
10276,PERFORMING,MOTORS,0,450,150,200,90.0,,,,,,,
10277,PERFORMING,MOTORS,0,450,150,200,90.0,,,,,,,
10278,PERFORMING,MOTORS,0,450,150,200,90.0,,,,,,,
10280,PERFORMING,MOTORS,0,450,150,200,90.0,,,,,,,
10281,PERFORMING,MOTORS,0,450,150,200,90.0,,,,,,,
10282,PERFORMING,MOTORS,0,450,150,200,90.0,,,,,,,
10283,PERFORMING,MOTORS,0,450,150,200,90.0,,,,,,,
10284,PERFORMING,MOTORS,0,450,150,200,90.0,,,,,,,
10285,PERFORMING,MOTORS,0,450,150,200,90.0,,,,,,,
10287,PERFORMING,MOTORS,0,450,150,200,90.0,,,,,,,
10288,PERFORMING,MOTORS,0,450,150,200,90.0,,,,,,,
10289,PERFORMING,MOTORS,0,450,150,200,90.0,,,,,,,
10290,PERFORMING,MOTORS,0,450,150,200,90.0,,,,,,,
10291,PERFORMING,MOTORS,0,450,150,200,90.0,,,,,,,
10292,PERFORMING,MOTORS,0,450,150,200,90.0,,,,,,,
10293,PERFORMING,MOTORS,0,450,150,200,90.0,,,,,,,
10295,PERFORMING,MOTORS,0,450,150,200,90.0,,,,,,,
10296,PERFORMING,MOTORS,0,450,150,200,90.0,,,,,,,
10297,PERFORMING,MOTORS,0,450,150,200,90.0,,,,,,,
10298,PERFORMING,MOTORS,0,450,150,200,90.0,,,,,,,
10299,PERFORMING,MOTORS,0,450,150,200,90.0,,,,,,,
10300,PERFORMING,MOTORS,0,450,150,200,90.0,,,,,,,
10301,PERFORMING,MOTORS,0,450,150,200,90.0,,,,,,,
10303,PERFORMING,MOTORS,0,450,150,200,90.0,,,,,,,
10304,PERFORMING,MOTORS,0,450,150,200,90.0,,,,,,,
10305,PERFORMING,MOTORS,0,450,150,200,90.0,,,,,,,
10306,PERFORMING,MOTORS,0,450,150,200,90.0,,,,,,,
10307,PERFORMING,MOTORS,0,450,150,200,90.0,,,,,,,
10308,PERFORMING,MOTORS,0,450,150,200,90.0,,,,,,,
10309,PERFORMING,MOTORS,0,450,150,200,90.0,,,,,,,
10310,PERFORMING,MOTORS,0,450,150,200,90.0,,,,,,,
10311,PERFORMING,MOTORS,0,450,150,200,90.0,,,,,,,
10313,PERFORMING,MOTORS,0,450,150,200,90.0,,,,,,,
10314,PERFORMING,MOTORS,0,450,150,200,90.0,,,,,,,
10315,PERFORMING,MOTORS,0,450,150,200,90.0,,,,,,,
10316,PERFORMING,MOTORS,0,450,150,200,90.0,,,,,,,
10317,PERFORMING,MOTORS,0,450,150,200,90.0,,,,,,,
10318,PERFORMING,MOTORS,0,450,150,200,90.0,,,,,,,
10320,PERFORMING,MOTORS,0,450,150,200,90.0,,,,,,,
10321,PERFORMING,MOTORS,0,450,150,200,90.0,,,,,,,
10322,PERFORMING,MOTORS,0,450,150,200,90.0,,,,,,,
10323,PERFORMING,MOTORS,0,450,150,200,90.0,,,,,,,
10324,PERFORMING,MOTORS,0,450,150,200,90.0,,,,,,,
10325,PERFORMING,MOTORS,0,450,150,200,90.0,,,,,,,
10326,PERFORMING,MOTORS,0,450,150,200,90.0,,,,,,,
10327,PERFORMING,MOTORS,0,450,150,200,90.0,,,,,,,
10329,PERFORMING,MOTORS,0,450,150,200,90.0,,,,,,,
10330,PERFORMING,MOTORS,0,450,150,200,90.0,,,,,,,
10331,PERFORMING,MOTORS,0,450,150,200,90.0,,,,,,,
10332,PERFORMING,MOTORS,0,450,150,200,90.0,,,,,,,
10333,PERFORMING,MOTORS,0,450,150,200,90.0,,,,,,,
10334,PERFORMING,MOTORS,0,450,150,200,90.0,,,,,,,
10336,PERFORMING,MOTORS,0,450,150,200,90.0,,,,,,,
10337,PERFORMING,MOTORS,0,450,150,200,90.0,,,,,,,
10338,PERFORMING,MOTORS,0,450,150,200,90.0,,,,,,,
10339,PERFORMING,MOTORS,0,450,150,200,90.0,,,,,,,
10340,PERFORMING,MOTORS,0,450,150,200,90.0,,,,,,,
10341,PERFORMING,MOTORS,0,450,150,200,90.0,,,,,,,
10343,PERFORMING,MOTORS,0,450,150,200,90.0,,,,,,,
10344,PERFORMING,MOTORS,0,450,150,200,90.0,,,,,,,
10345,PERFORMING,MOTORS,0,450,150,200,90.0,,,,,,,
10346,PERFORMING,MOTORS,0,450,150,200,90.0,,,,,,,
10347,PERFORMING,MOTORS,0,450,150,200,90.0,,,,,,,
10348,PERFORMING,MOTORS,0,450,150,200,90.0,,,,,,,
10349,PERFORMING,MOTORS,0,450,150,200,90.0,,,,,,,
10350,PERFORMING,MOTORS,0,450,150,200,90.0,,,,,,,
10351,PERFORMING,MOTORS,0,450,150,200,90.0,,,,,,,
10353,PERFORMING,MOTORS,0,450,150,200,90.0,,,,,,,
10354,PERFORMING,MOTORS,0,450,150,200,90.0,,,,,,,
10355,PERFORMING,MOTORS,0,450,150,200,90.0,,,,,,,
10356,PERFORMING,MOTORS,0,450,150,200,90.0,,,,,,,
10357,PERFORMING,MOTORS,0,450,150,200,90.0,,,,,,,
10358,PERFORMING,MOTORS,0,450,150,200,90.0,,,,,,,
10359,PERFORMING,MOTORS,0,450,150,200,90.0,,,,,,,
10360,PERFORMING,MOTORS,0,450,150,200,90.0,,,,,,,
10362,PERFORMING,MOTORS,0,450,150,200,90.0,,,,,,,
10363,PERFORMING,MOTORS,0,450,150,200,90.0,,,,,,,
10364,PERFORMING,MOTORS,0,450,150,200,90.0,,,,,,,
10365,PERFORMING,MOTORS,0,450,150,200,90.0,,,,,,,
10366,PERFORMING,MOTORS,0,450,150,200,90.0,,,,,,,
10367,PERFORMING,MOTORS,0,450,150,200,90.0,,,,,,,
10368,PERFORMING,MOTORS,0,450,150,200,90.0,,,,,,,
10369,PERFORMING,MOTORS,0,450,150,200,90.0,,,,,,,
10371,PERFORMING,MOTORS,0,450,150,200,90.0,,,,,,,
10372,PERFORMING,MOTORS,0,450,150,200,90.0,,,,,,,
10373,PERFORMING,MOTORS,0,450,150,200,90.0,,,,,,,
10374,PERFORMING,MOTORS,0,450,150,200,90.0,,,,,,,
10375,PERFORMING,MOTORS,0,450,150,200,90.0,,,,,,,
10376,PERFORMING,MOTORS,0,450,150,200,90.0,,,,,,,
10377,PERFORMING,MOTORS,0,450,150,200,90.0,,,,,,,
10378,PERFORMING,MOTORS,0,450,150,200,90.0,,,,,,,
10380,PERFORMING,MOTORS,0,450,150,200,90.0,,,,,,,
10381,PERFORMING,MOTORS,0,450,150,200,90.0,,,,,,,
10382,PERFORMING,MOTORS,0,450,150,200,90.0,,,,,,,
10383,PERFORMING,MOTORS,0,450,150,200,90.0,,,,,,,
10384,PERFORMING,MOTORS,0,450,150,200,90.0,,,,,,,
10385,PERFORMING,MOTORS,0,450,150,200,90.0,,,,,,,
10386,PERFORMING,MOTORS,0,450,150,200,90.0,,,,,,,
10388,PERFORMING,MOTORS,0,450,150,200,90.0,,,,,,,
10389,PERFORMING,MOTORS,0,450,150,200,90.0,,,,,,,
10390,PERFORMING,MOTORS,0,450,150,200,90.0,,,,,,,
10391,PERFORMING,MOTORS,0,450,150,200,90.0,,,,,,,
10392,PERFORMING,MOTORS,0,450,150,200,90.0,,,,,,,
10393,PERFORMING,MOTORS,0,450,150,200,90.0,,,,,,,
10394,PERFORMING,MOTORS,0,450,150,200,90.0,,,,,,,
10395,PERFORMING,MOTORS,0,450,150,200,90.0,,,,,,,
10396,PERFORMING,MOTORS,0,450,150,200,90.0,,,,,,,
10397,PERFORMING,MOTORS,0,450,150,200,90.0,,,,,,,
10399,PERFORMING,MOTORS,0,450,150,200,90.0,,,,,,,
10400,PERFORMING,MOTORS,0,450,150,200,90.0,,,,,,,
10401,PERFORMING,MOTORS,0,450,150,200,90.0,,,,,,,
10402,PERFORMING,MOTORS,0,450,150,200,90.0,,,,,,,
10403,PERFORMING,MOTORS,0,450,150,200,90.0,,,,,,,
10404,PERFORMING,MOTORS,0,450,150,200,90.0,,,,,,,
10405,PERFORMING,MOTORS,0,450,150,200,90.0,,,,,,,
10406,PERFORMING,MOTORS,0,450,150,200,90.0,,,,,,,
10407,PERFORMING,MOTORS,0,450,150,200,90.0,,,,,,,
10408,PERFORMING,MOTORS,0,450,150,200,90.0,,,,,,,
10410,PERFORMING,MOTORS,0,450,150,200,90.0,,,,,,,
10411,PERFORMING,MOTORS,0,450,150,200,90.0,,,,,,,
10412,PERFORMING,MOTORS,0,450,150,200,90.0,,,,,,,
10413,PERFORMING,MOTORS,0,450,150,200,90.0,,,,,,,
10414,PERFORMING,MOTORS,0,450,150,200,90.0,,,,,,,
10415,PERFORMING,MOTORS,0,450,150,200,90.0,,,,,,,
10416,PERFORMING,MOTORS,0,450,150,200,90.0,,,,,,,
10417,PERFORMING,MOTORS,0,450,150,200,90.0,,,,,,,
10418,PERFORMING,MOTORS,0,450,150,200,90.0,,,,,,,
10419,PERFORMING,MOTORS,0,450,150,200,90.0,,,,,,,
10421,PERFORMING,MOTORS,0,450,150,200,90.0,,,,,,,
10422,PERFORMING,MOTORS,0,450,150,200,90.0,,,,,,,
10423,PERFORMING,MOTORS,0,450,150,200,90.0,,,,,,,
10424,PERFORMING,MOTORS,0,450,150,200,90.0,,,,,,,
10425,PERFORMING,MOTORS,0,450,150,200,90.0,,,,,,,
10426,PERFORMING,MOTORS,0,450,150,200,90.0,,,,,,,
10427,PERFORMING,MOTORS,0,450,150,200,90.0,,,,,,,
10428,PERFORMING,MOTORS,0,450,150,200,90.0,,,,,,,
10430,PERFORMING,MOTORS,0,450,150,200,90.0,,,,,,,
10431,PERFORMING,MOTORS,0,450,150,200,90.0,,,,,,,
10432,PERFORMING,MOTORS,0,450,150,200,90.0,,,,,,,
10433,PERFORMING,MOTORS,0,450,150,200,90.0,,,,,,,
10434,PERFORMING,MOTORS,0,450,150,200,90.0,,,,,,,
10435,PERFORMING,MOTORS,0,450,150,200,90.0,,,,,,,
10436,PERFORMING,MOTORS,0,450,150,200,90.0,,,,,,,
10437,PERFORMING,MOTORS,0,450,150,200,90.0,,,,,,,
10439,PERFORMING,MOTORS,0,450,150,200,90.0,,,,,,,
10440,PERFORMING,MOTORS,0,450,150,200,90.0,,,,,,,
10441,PERFORMING,MOTORS,0,450,150,200,90.0,,,,,,,
10442,PERFORMING,MOTORS,0,450,150,200,90.0,,,,,,,
10443,PERFORMING,MOTORS,0,450,150,200,90.0,,,,,,,
10444,PERFORMING,MOTORS,0,450,150,200,90.0,,,,,,,
10445,PERFORMING,MOTORS,0,450,150,200,90.0,,,,,,,
10446,PERFORMING,MOTORS,0,450,150,200,90.0,,,,,,,
10448,PERFORMING,MOTORS,0,450,150,200,90.0,,,,,,,
10449,PERFORMING,MOTORS,0,450,150,200,90.0,,,,,,,
10450,PERFORMING,MOTORS,0,450,150,200,90.0,,,,,,,
10451,PERFORMING,MOTORS,0,450,150,200,90.0,,,,,,,
10452,PERFORMING,MOTORS,0,450,150,200,90.0,,,,,,,
10453,PERFORMING,MOTORS,0,450,150,200,90.0,,,,,,,
10454,PERFORMING,MOTORS,0,450,150,200,90.0,,,,,,,
10456,PERFORMING,MOTORS,0,450,150,200,90.0,,,,,,,
10457,PERFORMING,MOTORS,0,450,150,200,90.0,,,,,,,
10458,PERFORMING,MOTORS,0,450,150,200,90.0,,,,,,,
10459,PERFORMING,MOTORS,0,450,150,200,90.0,,,,,,,
10460,PERFORMING,MOTORS,0,450,150,200,90.0,,,,,,,
10461,PERFORMING,MOTORS,0,450,150,200,90.0,,,,,,,
10462,PERFORMING,MOTORS,0,450,150,200,90.0,,,,,,,
10463,PERFORMING,MOTORS,0,450,150,200,90.0,,,,,,,
10464,PERFORMING,MOTORS,0,450,150,200,90.0,,,,,,,
10465,PERFORMING,MOTORS,0,450,150,200,90.0,,,,,,,
10467,PERFORMING,MOTORS,0,450,150,200,90.0,,,,,,,
10468,PERFORMING,MOTORS,0,450,150,200,90.0,,,,,,,
10469,PERFORMING,MOTORS,0,450,150,200,90.0,,,,,,,
10470,PERFORMING,MOTORS,0,450,150,200,90.0,,,,,,,
10471,PERFORMING,MOTORS,0,450,150,200,90.0,,,,,,,
10472,PERFORMING,MOTORS,0,450,150,200,90.0,,,,,,,
10473,PERFORMING,MOTORS,0,450,150,200,90.0,,,,,,,
10475,PERFORMING,MOTORS,0,450,150,200,90.0,,,,,,,
10476,PERFORMING,MOTORS,0,450,150,200,90.0,,,,,,,
10477,PERFORMING,MOTORS,0,450,150,200,90.0,,,,,,,
10478,PERFORMING,MOTORS,0,450,150,200,90.0,,,,,,,
10479,PERFORMING,MOTORS,0,450,150,200,90.0,,,,,,,
10480,PERFORMING,MOTORS,0,450,150,200,90.0,,,,,,,
10481,PERFORMING,MOTORS,0,450,150,200,90.0,,,,,,,
10482,PERFORMING,MOTORS,0,450,150,200,90.0,,,,,,,
10484,PERFORMING,MOTORS,0,450,150,200,90.0,,,,,,,
10485,PERFORMING,MOTORS,0,450,150,200,90.0,,,,,,,
10486,PERFORMING,MOTORS,0,450,150,200,90.0,,,,,,,
10487,PERFORMING,MOTORS,0,450,150,200,90.0,,,,,,,
10488,PERFORMING,MOTORS,0,450,150,200,90.0,,,,,,,
10489,PERFORMING,MOTORS,0,450,150,200,90.0,,,,,,,
10490,PERFORMING,MOTORS,0,450,150,200,90.0,,,,,,,
10491,PERFORMING,MOTORS,0,450,150,200,90.0,,,,,,,
10493,PERFORMING,MOTORS,0,450,150,200,90.0,,,,,,,
10494,PERFORMING,MOTORS,0,450,150,200,90.0,,,,,,,
10495,PERFORMING,MOTORS,0,450,150,200,90.0,,,,,,,
10496,PERFORMING,MOTORS,0,450,150,200,90.0,,,,,,,
10497,PERFORMING,MOTORS,0,450,150,200,90.0,,,,,,,
10498,PERFORMING,MOTORS,0,450,150,200,90.0,,,,,,,
10499,PERFORMING,MOTORS,0,450,150,200,90.0,,,,,,,
10501,PERFORMING,MOTORS,0,450,150,200,90.0,,,,,,,
10502,PERFORMING,MOTORS,0,450,150,200,90.0,,,,,,,
10503,PERFORMING,MOTORS,0,450,150,200,90.0,,,,,,,
10504,PERFORMING,MOTORS,0,450,150,200,90.0,,,,,,,
10505,PERFORMING,MOTORS,0,450,150,200,90.0,,,,,,,
10506,PERFORMING,MOTORS,0,450,150,200,90.0,,,,,,,
10507,PERFORMING,MOTORS,0,450,150,200,90.0,,,,,,,
10508,PERFORMING,MOTORS,0,450,150,200,90.0,,,,,,,
10510,PERFORMING,MOTORS,0,450,150,200,90.0,,,,,,,
10511,PERFORMING,MOTORS,0,450,150,200,90.0,,,,,,,
10512,PERFORMING,MOTORS,0,450,150,200,90.0,,,,,,,
10513,PERFORMING,MOTORS,0,450,150,200,90.0,,,,,,,
10514,PERFORMING,MOTORS,0,450,150,200,90.0,,,,,,,
10515,PERFORMING,MOTORS,0,450,150,200,90.0,,,,,,,
10516,PERFORMING,MOTORS,0,450,150,200,90.0,,,,,,,
10517,PERFORMING,MOTORS,0,450,150,200,90.0,,,,,,,
10519,PERFORMING,MOTORS,0,450,150,200,90.0,,,,,,,
10520,PERFORMING,MOTORS,0,450,150,200,90.0,,,,,,,
10521,PERFORMING,MOTORS,0,450,150,200,90.0,,,,,,,
10522,PERFORMING,MOTORS,0,450,150,200,90.0,,,,,,,
10523,PERFORMING,MOTORS,0,450,150,200,90.0,,,,,,,
10524,PERFORMING,MOTORS,0,450,150,200,90.0,,,,,,,
10525,PERFORMING,MOTORS,0,450,150,200,90.0,,,,,,,
10526,PERFORMING,MOTORS,0,450,150,200,90.0,,,,,,,
10528,PERFORMING,MOTORS,0,450,150,200,90.0,,,,,,,
10529,PERFORMING,MOTORS,0,450,150,200,90.0,,,,,,,
10530,PERFORMING,MOTORS,0,450,150,200,90.0,,,,,,,
10531,PERFORMING,MOTORS,0,450,150,200,90.0,,,,,,,
10532,PERFORMING,MOTORS,0,450,150,200,90.0,,,,,,,
10533,PERFORMING,MOTORS,0,450,150,200,90.0,,,,,,,
10534,PERFORMING,MOTORS,0,450,150,200,90.0,,,,,,,
10536,PERFORMING,MOTORS,0,450,150,200,90.0,,,,,,,
10537,PERFORMING,MOTORS,0,450,150,200,90.0,,,,,,,
10538,PERFORMING,MOTORS,0,450,150,200,90.0,,,,,,,
10539,PERFORMING,MOTORS,0,450,150,200,90.0,,,,,,,
10540,PERFORMING,MOTORS,0,450,150,200,90.0,,,,,,,
10541,PERFORMING,MOTORS,0,450,150,200,90.0,,,,,,,
10542,PERFORMING,MOTORS,0,450,150,200,90.0,,,,,,,
10544,PERFORMING,MOTORS,0,450,150,200,90.0,,,,,,,
10545,PERFORMING,MOTORS,0,450,150,200,90.0,,,,,,,
10546,PERFORMING,MOTORS,0,450,150,200,90.0,,,,,,,
10547,PERFORMING,MOTORS,0,450,150,200,90.0,,,,,,,
10548,PERFORMING,MOTORS,0,450,150,200,90.0,,,,,,,
10549,PERFORMING,MOTORS,0,450,150,200,90.0,,,,,,,
10550,PERFORMING,MOTORS,0,450,150,200,90.0,,,,,,,
10551,PERFORMING,MOTORS,0,450,150,200,90.0,,,,,,,
10553,PERFORMING,MOTORS,0,450,150,200,90.0,,,,,,,
10554,PERFORMING,MOTORS,0,450,150,200,90.0,,,,,,,
10555,PERFORMING,MOTORS,0,450,150,200,90.0,,,,,,,
10556,PERFORMING,MOTORS,0,450,150,200,90.0,,,,,,,
10557,PERFORMING,MOTORS,0,450,150,200,90.0,,,,,,,
10558,PERFORMING,MOTORS,0,450,150,200,90.0,,,,,,,
10559,PERFORMING,MOTORS,0,450,150,200,90.0,,,,,,,
10560,PERFORMING,MOTORS,0,450,150,200,90.0,,,,,,,
10561,PERFORMING,MOTORS,0,450,150,200,90.0,,,,,,,
10562,PERFORMING,MOTORS,0,450,150,200,90.0,,,,,,,
10564,PERFORMING,MOTORS,0,450,150,200,90.0,,,,,,,
10565,PERFORMING,MOTORS,0,450,150,200,90.0,,,,,,,
10566,PERFORMING,MOTORS,0,450,150,200,90.0,,,,,,,
10567,PERFORMING,MOTORS,0,450,150,200,90.0,,,,,,,
10568,PERFORMING,MOTORS,0,450,150,200,90.0,,,,,,,
10569,PERFORMING,MOTORS,0,450,150,200,90.0,,,,,,,
10570,PERFORMING,MOTORS,0,450,150,200,90.0,,,,,,,
10571,PERFORMING,MOTORS,0,450,150,200,90.0,,,,,,,
10573,PERFORMING,MOTORS,0,450,150,200,90.0,,,,,,,
10574,PERFORMING,MOTORS,0,450,150,200,90.0,,,,,,,
10575,PERFORMING,MOTORS,0,450,150,200,90.0,,,,,,,
10576,PERFORMING,MOTORS,0,450,150,200,90.0,,,,,,,
10577,PERFORMING,MOTORS,0,450,150,200,90.0,,,,,,,
10578,PERFORMING,MOTORS,0,450,150,200,90.0,,,,,,,
10579,PERFORMING,MOTORS,0,450,150,200,90.0,,,,,,,
10581,PERFORMING,MOTORS,0,450,150,200,90.0,,,,,,,
10582,PERFORMING,MOTORS,0,450,150,200,90.0,,,,,,,
10583,PERFORMING,MOTORS,0,450,150,200,90.0,,,,,,,
10584,PERFORMING,MOTORS,0,450,150,200,90.0,,,,,,,
10585,PERFORMING,MOTORS,0,450,150,200,90.0,,,,,,,
10586,PERFORMING,MOTORS,0,450,150,200,90.0,,,,,,,
10587,PERFORMING,MOTORS,0,450,150,200,90.0,,,,,,,
10589,PERFORMING,MOTORS,0,450,150,200,90.0,,,,,,,
10590,PERFORMING,MOTORS,0,450,150,200,90.0,,,,,,,
10591,PERFORMING,MOTORS,0,450,150,200,90.0,,,,,,,
10592,PERFORMING,MOTORS,0,450,150,200,90.0,,,,,,,
10593,PERFORMING,MOTORS,0,450,150,200,90.0,,,,,,,
10594,PERFORMING,MOTORS,0,450,150,200,90.0,,,,,,,
10595,PERFORMING,MOTORS,0,450,150,200,90.0,,,,,,,
10596,PERFORMING,MOTORS,0,450,150,200,90.0,,,,,,,
10597,PERFORMING,MOTORS,0,450,150,200,90.0,,,,,,,
10599,PERFORMING,MOTORS,0,450,150,200,90.0,,,,,,,
10600,PERFORMING,MOTORS,0,450,150,200,90.0,,,,,,,
10601,PERFORMING,MOTORS,0,450,150,200,90.0,,,,,,,
10602,PERFORMING,MOTORS,0,450,150,200,90.0,,,,,,,
10603,PERFORMING,MOTORS,0,450,150,200,90.0,,,,,,,
10604,PERFORMING,MOTORS,0,450,150,200,90.0,,,,,,,
10605,PERFORMING,MOTORS,0,450,150,200,90.0,,,,,,,
10606,PERFORMING,MOTORS,0,450,150,200,90.0,,,,,,,
10608,PERFORMING,MOTORS,0,450,150,200,90.0,,,,,,,
10609,PERFORMING,MOTORS,0,450,150,200,90.0,,,,,,,
10610,PERFORMING,MOTORS,0,450,150,200,90.0,,,,,,,
10611,PERFORMING,MOTORS,0,450,150,200,90.0,,,,,,,
10612,PERFORMING,MOTORS,0,450,150,200,90.0,,,,,,,
10613,PERFORMING,MOTORS,0,450,150,200,90.0,,,,,,,
10614,PERFORMING,MOTORS,0,450,150,200,90.0,,,,,,,
10616,PERFORMING,MOTORS,0,450,150,200,90.0,,,,,,,
10617,PERFORMING,MOTORS,0,450,150,200,90.0,,,,,,,
10618,PERFORMING,MOTORS,0,450,150,200,90.0,,,,,,,
10619,PERFORMING,MOTORS,0,450,150,200,90.0,,,,,,,
10620,PERFORMING,MOTORS,0,450,150,200,90.0,,,,,,,
10621,PERFORMING,MOTORS,0,450,150,200,90.0,,,,,,,
10622,PERFORMING,MOTORS,0,450,150,200,90.0,,,,,,,
10624,PERFORMING,MOTORS,0,450,150,200,90.0,,,,,,,
10625,PERFORMING,MOTORS,0,450,150,200,90.0,,,,,,,
10626,PERFORMING,MOTORS,0,450,150,200,90.0,,,,,,,
10627,PERFORMING,MOTORS,0,450,150,200,90.0,,,,,,,
10629,PERFORMING,MOTORS,0,450,150,200,90.0,,,,,,,
10630,PERFORMING,MOTORS,0,450,150,200,90.0,,,,,,,
10631,PERFORMING,MOTORS,0,450,150,200,90.0,,,,,,,
10632,PERFORMING,MOTORS,0,450,150,200,90.0,,,,,,,
10633,PERFORMING,MOTORS,0,450,150,200,90.0,,,,,,,
10634,PERFORMING,MOTORS,0,450,150,200,90.0,,,,,,,
10635,PERFORMING,MOTORS,0,450,150,200,90.0,,,,,,,
10636,PERFORMING,MOTORS,0,450,150,200,90.0,,,,,,,
10637,PERFORMING,MOTORS,0,450,150,200,90.0,,,,,,,
10639,PERFORMING,MOTORS,0,450,150,200,90.0,,,,,,,
10640,PERFORMING,MOTORS,0,450,150,200,90.0,,,,,,,
10641,PERFORMING,MOTORS,0,450,150,200,90.0,,,,,,,
10642,PERFORMING,MOTORS,0,450,150,200,90.0,,,,,,,
10643,PERFORMING,MOTORS,0,450,150,200,90.0,,,,,,,
10644,PERFORMING,MOTORS,0,450,150,200,90.0,,,,,,,
10645,PERFORMING,MOTORS,0,450,150,200,90.0,,,,,,,
10647,PERFORMING,MOTORS,0,450,150,200,90.0,,,,,,,
10648,PERFORMING,MOTORS,0,450,150,200,90.0,,,,,,,
10649,PERFORMING,MOTORS,0,450,150,200,90.0,,,,,,,
10650,PERFORMING,MOTORS,0,450,150,200,90.0,,,,,,,
10651,PERFORMING,MOTORS,0,450,150,200,90.0,,,,,,,
10652,PERFORMING,MOTORS,0,450,150,200,90.0,,,,,,,
10653,PERFORMING,MOTORS,0,450,150,200,90.0,,,,,,,
10654,PERFORMING,MOTORS,0,450,150,200,90.0,,,,,,,
10656,PERFORMING,MOTORS,0,450,150,200,90.0,,,,,,,
10657,PERFORMING,MOTORS,0,450,150,200,90.0,,,,,,,
10658,PERFORMING,MOTORS,0,450,150,200,90.0,,,,,,,
10659,PERFORMING,MOTORS,0,450,150,200,90.0,,,,,,,
10660,PERFORMING,MOTORS,0,450,150,200,90.0,,,,,,,
10661,PERFORMING,MOTORS,0,450,150,200,90.0,,,,,,,
10662,PERFORMING,MOTORS,0,450,150,200,90.0,,,,,,,
10663,PERFORMING,MOTORS,0,450,150,200,90.0,,,,,,,
10664,PERFORMING,MOTORS,0,450,150,200,90.0,,,,,,,
10666,PERFORMING,MOTORS,0,450,150,200,90.0,,,,,,,
10667,PERFORMING,MOTORS,0,450,150,200,90.0,,,,,,,
10668,PERFORMING,MOTORS,0,450,150,200,90.0,,,,,,,
10669,PERFORMING,MOTORS,0,450,150,200,90.0,,,,,,,
10670,PERFORMING,MOTORS,0,450,150,200,90.0,,,,,,,
10671,PERFORMING,MOTORS,0,450,150,200,90.0,,,,,,,
10673,PERFORMING,MOTORS,0,450,150,200,90.0,,,,,,,
10674,PERFORMING,MOTORS,0,450,150,200,90.0,,,,,,,
10675,PERFORMING,MOTORS,0,450,150,200,90.0,,,,,,,
10676,PERFORMING,MOTORS,0,450,150,200,90.0,,,,,,,
10677,PERFORMING,MOTORS,0,450,150,200,90.0,,,,,,,
10678,PERFORMING,MOTORS,0,450,150,200,90.0,,,,,,,
10679,PERFORMING,MOTORS,0,450,150,200,90.0,,,,,,,
10680,PERFORMING,MOTORS,0,450,150,200,90.0,,,,,,,
10681,PERFORMING,MOTORS,0,450,150,200,90.0,,,,,,,
10683,PERFORMING,MOTORS,0,450,150,200,90.0,,,,,,,
10684,PERFORMING,MOTORS,0,450,150,200,90.0,,,,,,,
10685,PERFORMING,MOTORS,0,450,150,200,90.0,,,,,,,
10686,PERFORMING,MOTORS,0,450,150,200,90.0,,,,,,,
10687,PERFORMING,MOTORS,0,450,150,200,90.0,,,,,,,
10688,PERFORMING,MOTORS,0,450,150,200,90.0,,,,,,,
10690,PERFORMING,MOTORS,0,450,150,200,90.0,,,,,,,
10691,PERFORMING,MOTORS,0,450,150,200,90.0,,,,,,,
10692,PERFORMING,MOTORS,0,450,150,200,90.0,,,,,,,
10693,PERFORMING,MOTORS,0,450,150,200,90.0,,,,,,,
10694,PERFORMING,MOTORS,0,450,150,200,90.0,,,,,,,
10695,PERFORMING,MOTORS,0,450,150,200,90.0,,,,,,,
10696,PERFORMING,MOTORS,0,450,150,200,90.0,,,,,,,
10697,PERFORMING,MOTORS,0,450,150,200,90.0,,,,,,,
10698,PERFORMING,MOTORS,0,450,150,200,90.0,,,,,,,
10700,PERFORMING,MOTORS,0,450,150,200,90.0,,,,,,,
10701,PERFORMING,MOTORS,0,450,150,200,90.0,,,,,,,
10702,PERFORMING,MOTORS,0,450,150,200,90.0,,,,,,,
10703,PERFORMING,MOTORS,0,450,150,200,90.0,,,,,,,
10704,PERFORMING,MOTORS,0,450,150,200,90.0,,,,,,,
10705,PERFORMING,MOTORS,0,450,150,200,90.0,,,,,,,
10706,PERFORMING,MOTORS,0,450,150,200,90.0,,,,,,,
10707,PERFORMING,MOTORS,0,450,150,200,90.0,,,,,,,
10709,PERFORMING,MOTORS,0,450,150,200,90.0,,,,,,,
10710,PERFORMING,MOTORS,0,450,150,200,90.0,,,,,,,
10711,PERFORMING,MOTORS,0,450,150,200,90.0,,,,,,,
10712,PERFORMING,MOTORS,0,450,150,200,90.0,,,,,,,
10713,PERFORMING,MOTORS,0,450,150,200,90.0,,,,,,,
10714,PERFORMING,MOTORS,0,450,150,200,90.0,,,,,,,
10715,PERFORMING,MOTORS,0,450,150,200,90.0,,,,,,,
10717,PERFORMING,MOTORS,0,450,150,200,90.0,,,,,,,
10718,PERFORMING,MOTORS,0,450,150,200,90.0,,,,,,,
10719,PERFORMING,MOTORS,0,450,150,200,90.0,,,,,,,
10720,PERFORMING,MOTORS,0,450,150,200,90.0,,,,,,,
10721,PERFORMING,MOTORS,0,450,150,200,90.0,,,,,,,
10722,PERFORMING,MOTORS,0,450,150,200,90.0,,,,,,,
10723,PERFORMING,MOTORS,0,450,150,200,90.0,,,,,,,
10724,PERFORMING,MOTORS,0,450,150,200,90.0,,,,,,,
10726,PERFORMING,MOTORS,0,450,150,200,90.0,,,,,,,
10727,PERFORMING,MOTORS,0,450,150,200,90.0,,,,,,,
10728,PERFORMING,MOTORS,0,450,150,200,90.0,,,,,,,
10729,PERFORMING,MOTORS,0,450,150,200,90.0,,,,,,,
10730,PERFORMING,MOTORS,0,450,150,200,90.0,,,,,,,
10731,PERFORMING,MOTORS,0,450,150,200,90.0,,,,,,,
10732,PERFORMING,MOTORS,0,450,150,200,90.0,,,,,,,
10734,PERFORMING,MOTORS,0,450,150,200,90.0,,,,,,,
10735,PERFORMING,MOTORS,0,450,150,200,90.0,,,,,,,
10736,PERFORMING,MOTORS,0,450,150,200,90.0,,,,,,,
10737,PERFORMING,MOTORS,0,450,150,200,90.0,,,,,,,
10738,PERFORMING,MOTORS,0,450,150,200,90.0,,,,,,,
10739,PERFORMING,MOTORS,0,450,150,200,90.0,,,,,,,
10740,PERFORMING,MOTORS,0,450,150,200,90.0,,,,,,,
10742,PERFORMING,MOTORS,0,450,150,200,90.0,,,,,,,
10743,PERFORMING,MOTORS,0,450,150,200,90.0,,,,,,,
10744,PERFORMING,MOTORS,0,450,150,200,90.0,,,,,,,
10745,PERFORMING,MOTORS,0,450,150,200,90.0,,,,,,,
10746,PERFORMING,MOTORS,0,450,150,200,90.0,,,,,,,
10747,PERFORMING,MOTORS,0,450,150,200,90.0,,,,,,,
10748,PERFORMING,MOTORS,0,450,150,200,90.0,,,,,,,
10750,PERFORMING,MOTORS,0,450,150,200,90.0,,,,,,,
10751,PERFORMING,MOTORS,0,450,150,200,90.0,,,,,,,
10752,PERFORMING,MOTORS,0,450,150,200,90.0,,,,,,,
10753,PERFORMING,MOTORS,0,450,150,200,90.0,,,,,,,
10754,PERFORMING,MOTORS,0,450,150,200,90.0,,,,,,,
10755,PERFORMING,MOTORS,0,450,150,200,90.0,,,,,,,
10756,PERFORMING,MOTORS,0,450,150,200,90.0,,,,,,,
10757,PERFORMING,MOTORS,0,450,150,200,90.0,,,,,,,
10759,PERFORMING,MOTORS,0,450,150,200,90.0,,,,,,,
10760,PERFORMING,MOTORS,0,450,150,200,90.0,,,,,,,
10761,PERFORMING,MOTORS,0,450,150,200,90.0,,,,,,,
10762,PERFORMING,MOTORS,0,450,150,200,90.0,,,,,,,
10763,PERFORMING,MOTORS,0,450,150,200,90.0,,,,,,,
10764,PERFORMING,MOTORS,0,450,150,200,90.0,,,,,,,
10766,PERFORMING,MOTORS,0,450,150,200,90.0,,,,,,,
10767,PERFORMING,MOTORS,0,450,150,200,90.0,,,,,,,
10768,PERFORMING,MOTORS,0,450,150,200,90.0,,,,,,,
10769,PERFORMING,MOTORS,0,450,150,200,90.0,,,,,,,
10770,PERFORMING,MOTORS,0,450,150,200,90.0,,,,,,,
10771,PERFORMING,MOTORS,0,450,150,200,90.0,,,,,,,
10772,PERFORMING,MOTORS,0,450,150,200,90.0,,,,,,,
10773,PERFORMING,MOTORS,0,450,150,200,90.0,,,,,,,
10775,PERFORMING,MOTORS,0,450,150,200,90.0,,,,,,,
10776,PERFORMING,MOTORS,0,450,150,200,90.0,,,,,,,
10777,PERFORMING,MOTORS,0,450,150,200,90.0,,,,,,,
10778,PERFORMING,MOTORS,0,450,150,200,90.0,,,,,,,
10779,PERFORMING,MOTORS,0,450,150,200,90.0,,,,,,,
10780,PERFORMING,MOTORS,0,450,150,200,90.0,,,,,,,
10781,PERFORMING,MOTORS,0,450,150,200,90.0,,,,,,,
10783,PERFORMING,MOTORS,0,450,150,200,90.0,,,,,,,
10784,PERFORMING,MOTORS,0,450,150,200,90.0,,,,,,,
10785,PERFORMING,MOTORS,0,450,150,200,90.0,,,,,,,
10786,PERFORMING,MOTORS,0,450,150,200,90.0,,,,,,,
10787,PERFORMING,MOTORS,0,450,150,200,90.0,,,,,,,
10788,PERFORMING,MOTORS,0,450,150,200,90.0,,,,,,,
10790,PERFORMING,MOTORS,0,450,150,200,90.0,,,,,,,
10791,PERFORMING,MOTORS,0,450,150,200,90.0,,,,,,,
10792,PERFORMING,MOTORS,0,450,150,200,90.0,,,,,,,
10793,PERFORMING,MOTORS,0,450,150,200,90.0,,,,,,,
10794,PERFORMING,MOTORS,0,450,150,200,90.0,,,,,,,
10795,PERFORMING,MOTORS,0,450,150,200,90.0,,,,,,,
10796,PERFORMING,MOTORS,0,450,150,200,90.0,,,,,,,
10797,PERFORMING,MOTORS,0,450,150,200,90.0,,,,,,,
10798,PERFORMING,MOTORS,0,450,150,200,90.0,,,,,,,
10800,PERFORMING,MOTORS,0,450,150,200,90.0,,,,,,,
10801,PERFORMING,MOTORS,0,450,150,200,90.0,,,,,,,
10802,PERFORMING,MOTORS,0,450,150,200,90.0,,,,,,,
10803,PERFORMING,MOTORS,0,450,150,200,90.0,,,,,,,
10804,PERFORMING,MOTORS,0,450,150,200,90.0,,,,,,,
10805,PERFORMING,MOTORS,0,450,150,200,90.0,,,,,,,
10806,PERFORMING,MOTORS,0,450,150,200,90.0,,,,,,,
10808,PERFORMING,MOTORS,0,450,150,200,90.0,,,,,,,
10809,PERFORMING,MOTORS,0,450,150,200,90.0,,,,,,,
10810,PERFORMING,MOTORS,0,450,150,200,90.0,,,,,,,
10811,PERFORMING,MOTORS,0,450,150,200,90.0,,,,,,,
10812,PERFORMING,MOTORS,0,450,150,200,90.0,,,,,,,
10813,PERFORMING,MOTORS,0,450,150,200,90.0,,,,,,,
10814,PERFORMING,MOTORS,0,450,150,200,90.0,,,,,,,
10816,PERFORMING,MOTORS,0,450,150,200,90.0,,,,,,,
10817,PERFORMING,MOTORS,0,450,150,200,90.0,,,,,,,
10818,PERFORMING,MOTORS,0,450,150,200,90.0,,,,,,,
10819,PERFORMING,MOTORS,0,450,150,200,90.0,,,,,,,
10820,PERFORMING,MOTORS,0,450,150,200,90.0,,,,,,,
10821,PERFORMING,MOTORS,0,450,150,200,90.0,,,,,,,
10822,PERFORMING,MOTORS,0,450,150,200,90.0,,,,,,,
10824,PERFORMING,MOTORS,0,450,150,200,90.0,,,,,,,
10825,PERFORMING,MOTORS,0,450,150,200,90.0,,,,,,,
10826,PERFORMING,MOTORS,0,450,150,200,90.0,,,,,,,
10827,PERFORMING,MOTORS,0,450,150,200,90.0,,,,,,,
10828,PERFORMING,MOTORS,0,450,150,200,90.0,,,,,,,
10829,PERFORMING,MOTORS,0,450,150,200,90.0,,,,,,,
10830,PERFORMING,MOTORS,0,450,150,200,90.0,,,,,,,
10831,PERFORMING,MOTORS,0,450,150,200,90.0,,,,,,,
10833,PERFORMING,MOTORS,0,450,150,200,90.0,,,,,,,
10834,PERFORMING,MOTORS,0,450,150,200,90.0,,,,,,,
10835,PERFORMING,MOTORS,0,450,150,200,90.0,,,,,,,
10836,PERFORMING,MOTORS,0,450,150,200,90.0,,,,,,,
10837,PERFORMING,MOTORS,0,450,150,200,90.0,,,,,,,
10838,PERFORMING,MOTORS,0,450,150,200,90.0,,,,,,,
10840,PERFORMING,MOTORS,0,450,150,200,90.0,,,,,,,
10841,PERFORMING,MOTORS,0,450,150,200,90.0,,,,,,,
10842,PERFORMING,MOTORS,0,450,150,200,90.0,,,,,,,
10843,PERFORMING,MOTORS,0,450,150,200,90.0,,,,,,,
10844,PERFORMING,MOTORS,0,450,150,200,90.0,,,,,,,
10845,PERFORMING,MOTORS,0,450,150,200,90.0,,,,,,,
10846,PERFORMING,MOTORS,0,450,150,200,90.0,,,,,,,
10847,PERFORMING,MOTORS,0,450,150,200,90.0,,,,,,,
10849,PERFORMING,MOTORS,0,450,150,200,90.0,,,,,,,
10850,PERFORMING,MOTORS,0,450,150,200,90.0,,,,,,,
10851,PERFORMING,MOTORS,0,450,150,200,90.0,,,,,,,
10852,PERFORMING,MOTORS,0,450,150,200,90.0,,,,,,,
10853,PERFORMING,MOTORS,0,450,150,200,90.0,,,,,,,
10854,PERFORMING,MOTORS,0,450,150,200,90.0,,,,,,,
10856,PERFORMING,MOTORS,0,450,150,200,90.0,,,,,,,
10857,PERFORMING,MOTORS,0,450,150,200,90.0,,,,,,,
10858,PERFORMING,MOTORS,0,450,150,200,90.0,,,,,,,
10859,PERFORMING,MOTORS,0,450,150,200,90.0,,,,,,,
10860,PERFORMING,MOTORS,0,450,150,200,90.0,,,,,,,
10861,PERFORMING,MOTORS,0,450,150,200,90.0,,,,,,,
10862,PERFORMING,MOTORS,0,450,150,200,90.0,,,,,,,
10863,PERFORMING,MOTORS,0,450,150,200,90.0,,,,,,,
10865,PERFORMING,MOTORS,0,450,150,200,90.0,,,,,,,
10866,PERFORMING,MOTORS,0,450,150,200,90.0,,,,,,,
10867,PERFORMING,MOTORS,0,450,150,200,90.0,,,,,,,
10868,PERFORMING,MOTORS,0,450,150,200,90.0,,,,,,,
10869,PERFORMING,MOTORS,0,450,150,200,90.0,,,,,,,
10870,PERFORMING,MOTORS,0,450,150,200,90.0,,,,,,,
10871,PERFORMING,MOTORS,0,450,150,200,90.0,,,,,,,
10872,PERFORMING,MOTORS,0,450,150,200,90.0,,,,,,,
10874,PERFORMING,MOTORS,0,450,150,200,90.0,,,,,,,
10875,PERFORMING,MOTORS,0,450,150,200,90.0,,,,,,,
10876,PERFORMING,MOTORS,0,450,150,200,90.0,,,,,,,
10877,PERFORMING,MOTORS,0,450,150,200,90.0,,,,,,,
10878,PERFORMING,MOTORS,0,450,150,200,90.0,,,,,,,
10879,PERFORMING,MOTORS,0,450,150,200,90.0,,,,,,,
10880,PERFORMING,MOTORS,0,450,150,200,90.0,,,,,,,
10882,PERFORMING,MOTORS,0,450,150,200,90.0,,,,,,,
10883,PERFORMING,MOTORS,0,450,150,200,90.0,,,,,,,
10884,PERFORMING,MOTORS,0,450,150,200,90.0,,,,,,,
10885,PERFORMING,MOTORS,0,450,150,200,90.0,,,,,,,
10886,PERFORMING,MOTORS,0,450,150,200,90.0,,,,,,,
10887,PERFORMING,MOTORS,0,450,150,200,90.0,,,,,,,
10888,PERFORMING,MOTORS,0,450,150,200,90.0,,,,,,,
10889,PERFORMING,MOTORS,0,450,150,200,90.0,,,,,,,
10891,PERFORMING,MOTORS,0,450,150,200,90.0,,,,,,,
10892,PERFORMING,MOTORS,0,450,150,200,90.0,,,,,,,
10893,PERFORMING,MOTORS,0,450,150,200,90.0,,,,,,,
10894,PERFORMING,MOTORS,0,450,150,200,90.0,,,,,,,
10895,PERFORMING,MOTORS,0,450,150,200,90.0,,,,,,,
10896,PERFORMING,MOTORS,0,450,150,200,90.0,,,,,,,
10898,PERFORMING,MOTORS,0,450,150,200,90.0,,,,,,,
10899,PERFORMING,MOTORS,0,450,150,200,90.0,,,,,,,
10900,PERFORMING,MOTORS,0,450,150,200,90.0,,,,,,,
10901,PERFORMING,MOTORS,0,450,150,200,90.0,,,,,,,
10902,PERFORMING,MOTORS,0,450,150,200,90.0,,,,,,,
10903,PERFORMING,MOTORS,0,450,150,200,90.0,,,,,,,
10904,PERFORMING,MOTORS,0,450,150,200,90.0,,,,,,,
10906,PERFORMING,MOTORS,0,450,150,200,90.0,,,,,,,
10907,PERFORMING,MOTORS,0,450,150,200,90.0,,,,,,,
10908,PERFORMING,MOTORS,0,450,150,200,90.0,,,,,,,
10909,PERFORMING,MOTORS,0,450,150,200,90.0,,,,,,,
10910,PERFORMING,MOTORS,0,450,150,200,90.0,,,,,,,
10911,PERFORMING,MOTORS,0,450,150,200,90.0,,,,,,,
10912,PERFORMING,MOTORS,0,450,150,200,90.0,,,,,,,
10914,PERFORMING,MOTORS,0,450,150,200,90.0,,,,,,,
10915,PERFORMING,MOTORS,0,450,150,200,90.0,,,,,,,
10916,PERFORMING,MOTORS,0,450,150,200,90.0,,,,,,,
10917,PERFORMING,MOTORS,0,450,150,200,90.0,,,,,,,
10918,PERFORMING,MOTORS,0,450,150,200,90.0,,,,,,,
10919,PERFORMING,MOTORS,0,450,150,200,90.0,,,,,,,
10920,PERFORMING,MOTORS,0,450,150,200,90.0,,,,,,,
10921,PERFORMING,MOTORS,0,450,150,200,90.0,,,,,,,
10923,PERFORMING,MOTORS,0,450,150,200,90.0,,,,,,,
10924,PERFORMING,MOTORS,0,450,150,200,90.0,,,,,,,
10925,PERFORMING,MOTORS,0,450,150,200,90.0,,,,,,,
10926,PERFORMING,MOTORS,0,450,150,200,90.0,,,,,,,
10927,PERFORMING,MOTORS,0,450,150,200,90.0,,,,,,,
10928,PERFORMING,MOTORS,0,450,150,200,90.0,,,,,,,
10929,PERFORMING,MOTORS,0,450,150,200,90.0,,,,,,,
10931,PERFORMING,MOTORS,0,450,150,200,90.0,,,,,,,
10932,PERFORMING,MOTORS,0,450,150,200,90.0,,,,,,,
10933,PERFORMING,MOTORS,0,450,150,200,90.0,,,,,,,
10934,PERFORMING,MOTORS,0,450,150,200,90.0,,,,,,,
10935,PERFORMING,MOTORS,0,450,150,200,90.0,,,,,,,
10936,PERFORMING,MOTORS,0,450,150,200,90.0,,,,,,,
10937,PERFORMING,MOTORS,0,450,150,200,90.0,,,,,,,
10938,PERFORMING,MOTORS,0,450,150,200,90.0,,,,,,,
10940,PERFORMING,MOTORS,0,450,150,200,90.0,,,,,,,
10941,PERFORMING,MOTORS,0,450,150,200,90.0,,,,,,,
10942,PERFORMING,MOTORS,0,450,150,200,90.0,,,,,,,
10943,PERFORMING,MOTORS,0,450,150,200,90.0,,,,,,,
10944,PERFORMING,MOTORS,0,450,150,200,90.0,,,,,,,
10945,PERFORMING,MOTORS,0,450,150,200,90.0,,,,,,,
10947,PERFORMING,MOTORS,0,450,150,200,90.0,,,,,,,
10948,PERFORMING,MOTORS,0,450,150,200,90.0,,,,,,,
10949,PERFORMING,MOTORS,0,450,150,200,90.0,,,,,,,
10950,PERFORMING,MOTORS,0,450,150,200,90.0,,,,,,,
10951,PERFORMING,MOTORS,0,450,150,200,90.0,,,,,,,
10952,PERFORMING,MOTORS,0,450,150,200,90.0,,,,,,,
10953,PERFORMING,MOTORS,0,450,150,200,90.0,,,,,,,
10954,PERFORMING,MOTORS,0,450,150,200,90.0,,,,,,,
10956,PERFORMING,MOTORS,0,450,150,200,90.0,,,,,,,
10957,PERFORMING,MOTORS,0,450,150,200,90.0,,,,,,,
10958,PERFORMING,MOTORS,0,450,150,202,90.0,,,,,,,
10959,PERFORMING,MOTORS,0,450,150,204,90.0,,,,,,,
10960,PERFORMING,MOTORS,0,450,150,206,90.0,,,,,,,
10962,PERFORMING,MOTORS,0,450,150,210,90.0,,,,,,,
10963,PERFORMING,MOTORS,0,450,150,212,90.0,,,,,,,
10964,PERFORMING,MOTORS,0,450,150,214,90.0,,,,,,,
10965,PERFORMING,MOTORS,0,450,150,216,90.0,,,,,,,
10966,PERFORMING,MOTORS,0,450,150,218,90.0,,,,,,,
10967,PERFORMING,MOTORS,0,450,150,220,90.0,,,,,,,
10969,PERFORMING,MOTORS,0,450,150,224,90.0,,,,,,,
10970,PERFORMING,MOTORS,0,450,150,226,90.0,,,,,,,
10971,PERFORMING,MOTORS,0,450,150,228,90.0,,,,,,,
10972,PERFORMING,MOTORS,0,450,150,230,90.0,,,,,,,
10973,PERFORMING,MOTORS,0,450,150,232,90.0,,,,,,,
10974,PERFORMING,MOTORS,0,450,150,234,90.0,,,,,,,
10975,PERFORMING,MOTORS,0,450,150,236,90.0,,,,,,,
10976,PERFORMING,MOTORS,0,450,150,238,90.0,,,,,,,
10978,PERFORMING,MOTORS,0,450,150,242,90.0,,,,,,,
10979,PERFORMING,MOTORS,0,450,150,244,90.0,,,,,,,
10980,PERFORMING,MOTORS,0,450,150,246,90.0,,,,,,,
10981,PERFORMING,MOTORS,0,450,150,248,90.0,,,,,,,
10982,PERFORMING,MOTORS,0,450,150,250,90.0,,,,,,,
10983,PERFORMING,MOTORS,0,450,150,252,90.0,,,,,,,
10984,PERFORMING,MOTORS,0,450,150,254,90.0,,,,,,,
10985,PERFORMING,MOTORS,0,450,150,256,90.0,,,,,,,
10987,PERFORMING,MOTORS,0,450,150,260,90.0,,,,,,,
10988,PERFORMING,MOTORS,0,450,150,262,90.0,,,,,,,
10989,PERFORMING,MOTORS,0,450,150,264,90.0,,,,,,,
10990,PERFORMING,MOTORS,0,450,150,266,90.0,,,,,,,
10991,PERFORMING,MOTORS,0,450,150,268,90.0,,,,,,,
10992,PERFORMING,MOTORS,0,450,150,270,90.0,,,,,,,
10993,PERFORMING,MOTORS,0,450,150,272,90.0,,,,,,,
10995,PERFORMING,MOTORS,0,450,150,276,90.0,,,,,,,
10996,PERFORMING,MOTORS,0,450,150,278,90.0,,,,,,,
10997,PERFORMING,MOTORS,0,450,150,280,90.0,,,,,,,
10998,PERFORMING,MOTORS,0,450,150,282,90.0,,,,,,,
10999,PERFORMING,MOTORS,0,450,150,284,90.0,,,,,,,
11000,PERFORMING,MOTORS,0,450,150,286,90.0,,,,,,,
11001,PERFORMING,MOTORS,0,450,150,288,90.0,,,,,,,
11003,PERFORMING,MOTORS,0,450,150,292,90.0,,,,,,,
11004,PERFORMING,MOTORS,0,450,150,294,90.0,,,,,,,
11005,PERFORMING,MOTORS,0,450,150,296,90.0,,,,,,,
11006,PERFORMING,MOTORS,0,450,150,298,90.0,,,,,,,
11007,PERFORMING,MOTORS,0,450,150,300,90.0,,,,,,,
11008,PERFORMING,MOTORS,0,450,150,300,90.0,,,,,,,
11010,PERFORMING,MOTORS,0,450,150,300,90.0,,,,,,,
11011,PERFORMING,MOTORS,0,450,150,300,90.0,,,,,,,
11012,PERFORMING,MOTORS,0,450,150,300,90.0,,,,,,,
11013,PERFORMING,MOTORS,0,450,150,300,90.0,,,,,,,
11014,PERFORMING,MOTORS,0,450,150,300,90.0,,,,,,,
11015,PERFORMING,MOTORS,0,450,150,300,90.0,,,,,,,
11017,PERFORMING,MOTORS,0,450,150,300,90.0,,,,,,,
11018,PERFORMING,MOTORS,0,450,150,300,90.0,,,,,,,
11019,PERFORMING,MOTORS,0,450,150,300,90.0,,,,,,,
11020,PERFORMING,MOTORS,0,450,150,300,90.0,,,,,,,
11021,PERFORMING,MOTORS,0,450,150,300,90.0,,,,,,,
11022,PERFORMING,MOTORS,0,450,150,300,90.0,,,,,,,
11023,PERFORMING,MOTORS,0,450,150,300,90.0,,,,,,,
11025,PERFORMING,MOTORS,0,450,150,300,90.0,,,,,,,
11026,PERFORMING,MOTORS,0,450,150,300,90.0,,,,,,,
11027,PERFORMING,MOTORS,0,450,150,300,90.0,,,,,,,
11028,PERFORMING,MOTORS,0,450,150,300,90.0,,,,,,,
11029,PERFORMING,MOTORS,0,450,150,300,90.0,,,,,,,
11030,PERFORMING,MOTORS,0,450,150,300,90.0,,,,,,,
11032,PERFORMING,MOTORS,0,450,150,300,90.0,,,,,,,
11033,PERFORMING,MOTORS,0,450,150,300,90.0,,,,,,,
11034,PERFORMING,MOTORS,0,450,150,300,90.0,,,,,,,
11035,PERFORMING,MOTORS,0,450,150,300,90.0,,,,,,,
11036,PERFORMING,MOTORS,0,450,150,300,90.0,,,,,,,
11037,PERFORMING,MOTORS,0,450,150,300,90.0,,,,,,,
11039,PERFORMING,MOTORS,0,450,150,300,90.0,,,,,,,
11040,PERFORMING,MOTORS,0,450,150,300,90.0,,,,,,,
11041,PERFORMING,MOTORS,0,450,150,300,90.0,,,,,,,
11042,PERFORMING,MOTORS,0,450,150,300,90.0,,,,,,,
11043,PERFORMING,MOTORS,0,450,150,300,90.0,,,,,,,
11044,PERFORMING,MOTORS,0,450,150,300,90.0,,,,,,,
11046,PERFORMING,MOTORS,0,450,150,300,90.0,,,,,,,
11047,PERFORMING,MOTORS,0,450,150,300,90.0,,,,,,,
11048,PERFORMING,MOTORS,0,450,150,300,90.0,,,,,,,
11049,PERFORMING,MOTORS,0,450,150,300,90.0,,,,,,,
11050,PERFORMING,MOTORS,0,450,150,300,90.0,,,,,,,
11051,PERFORMING,MOTORS,0,450,150,300,90.0,,,,,,,
11053,PERFORMING,MOTORS,0,450,150,300,90.0,,,,,,,
11054,PERFORMING,MOTORS,0,450,150,300,90.0,,,,,,,
11055,PERFORMING,MOTORS,0,450,150,300,90.0,,,,,,,
11056,PERFORMING,MOTORS,0,450,150,300,90.0,,,,,,,
11057,PERFORMING,MOTORS,0,450,150,300,90.0,,,,,,,
11058,PERFORMING,MOTORS,0,450,150,300,90.0,,,,,,,
11060,PERFORMING,MOTORS,0,450,150,300,90.0,,,,,,,
11061,PERFORMING,MOTORS,0,450,150,300,90.0,,,,,,,
11062,PERFORMING,MOTORS,0,450,150,300,90.0,,,,,,,
11063,PERFORMING,MOTORS,0,450,150,300,90.0,,,,,,,
11064,PERFORMING,MOTORS,0,450,150,300,90.0,,,,,,,
11065,PERFORMING,MOTORS,0,450,150,300,90.0,,,,,,,
11066,PERFORMING,MOTORS,0,450,150,300,90.0,,,,,,,
11068,PERFORMING,MOTORS,0,450,150,300,90.0,,,,,,,
11069,PERFORMING,MOTORS,0,450,150,300,90.0,,,,,,,
11070,PERFORMING,MOTORS,0,450,150,300,90.0,,,,,,,
11071,PERFORMING,MOTORS,0,450,150,300,90.0,,,,,,,
11072,PERFORMING,MOTORS,0,450,150,300,90.0,,,,,,,
11073,PERFORMING,MOTORS,0,450,150,300,90.0,,,,,,,
11075,PERFORMING,MOTORS,0,450,150,300,90.0,,,,,,,
11076,PERFORMING,MOTORS,0,450,150,300,90.0,,,,,,,
11077,PERFORMING,MOTORS,0,450,150,300,90.0,,,,,,,
11078,PERFORMING,MOTORS,0,450,150,300,90.0,,,,,,,
11079,PERFORMING,MOTORS,0,450,150,300,90.0,,,,,,,
11080,PERFORMING,MOTORS,0,450,150,300,90.0,,,,,,,
11081,PERFORMING,MOTORS,0,450,150,300,90.0,,,,,,,
11082,PERFORMING,MOTORS,0,450,150,300,90.0,,,,,,,
11084,PERFORMING,MOTORS,0,450,150,300,90.0,,,,,,,
11085,PERFORMING,MOTORS,0,450,150,300,90.0,,,,,,,
11086,PERFORMING,MOTORS,0,450,150,300,90.0,,,,,,,
11087,PERFORMING,MOTORS,0,450,150,300,90.0,,,,,,,
11088,PERFORMING,MOTORS,0,450,150,300,90.0,,,,,,,
11090,PERFORMING,MOTORS,0,450,150,300,90.0,,,,,,,
11091,PERFORMING,MOTORS,0,450,150,300,90.0,,,,,,,
11092,PERFORMING,MOTORS,0,450,150,300,90.0,,,,,,,
11093,PERFORMING,MOTORS,0,450,150,300,90.0,,,,,,,
11094,PERFORMING,MOTORS,0,450,150,300,90.0,,,,,,,
11095,PERFORMING,MOTORS,0,450,150,300,90.0,,,,,,,
11097,PERFORMING,MOTORS,0,450,150,300,90.0,,,,,,,
11098,PERFORMING,MOTORS,0,450,150,300,90.0,,,,,,,
11099,PERFORMING,MOTORS,0,450,150,300,90.0,,,,,,,
11100,PERFORMING,MOTORS,0,450,150,300,90.0,,,,,,,
11101,PERFORMING,MOTORS,0,450,150,300,90.0,,,,,,,
11102,PERFORMING,MOTORS,0,450,150,300,90.0,,,,,,,
11103,PERFORMING,MOTORS,0,450,150,300,90.0,,,,,,,
11105,PERFORMING,MOTORS,0,450,150,300,90.0,,,,,,,
11106,PERFORMING,MOTORS,0,450,150,300,90.0,,,,,,,
11107,PERFORMING,MOTORS,0,450,150,300,90.0,,,,,,,
11108,PERFORMING,MOTORS,0,450,150,300,90.0,,,,,,,
11109,PERFORMING,MOTORS,0,450,150,300,90.0,,,,,,,
11110,PERFORMING,MOTORS,0,450,150,300,90.0,,,,,,,
11111,PERFORMING,MOTORS,0,450,150,300,90.0,,,,,,,
11112,PERFORMING,MOTORS,0,450,150,300,90.0,,,,,,,
11114,PERFORMING,MOTORS,0,450,150,300,90.0,,,,,,,
11115,PERFORMING,MOTORS,0,450,150,300,90.0,,,,,,,
11116,PERFORMING,MOTORS,0,450,150,300,90.0,,,,,,,
11117,PERFORMING,MOTORS,0,450,150,300,90.0,,,,,,,
11118,PERFORMING,MOTORS,0,450,150,300,90.0,,,,,,,
11119,PERFORMING,MOTORS,0,450,150,300,90.0,,,,,,,
11121,PERFORMING,MOTORS,0,450,150,300,90.0,,,,,,,
11122,PERFORMING,MOTORS,0,450,150,300,90.0,,,,,,,
11123,PERFORMING,MOTORS,0,450,150,300,90.0,,,,,,,
11124,PERFORMING,MOTORS,0,450,150,300,90.0,,,,,,,
11125,PERFORMING,MOTORS,0,450,150,300,90.0,,,,,,,
11126,PERFORMING,MOTORS,0,450,150,300,90.0,,,,,,,
11127,PERFORMING,MOTORS,0,450,150,300,90.0,,,,,,,
11129,PERFORMING,MOTORS,0,450,150,300,90.0,,,,,,,
11130,PERFORMING,MOTORS,0,450,150,300,90.0,,,,,,,
11131,PERFORMING,MOTORS,0,450,150,300,90.0,,,,,,,
11132,PERFORMING,MOTORS,0,450,150,300,90.0,,,,,,,
11133,PERFORMING,MOTORS,0,450,150,300,90.0,,,,,,,
11135,PERFORMING,MOTORS,0,450,150,300,90.0,,,,,,,
11136,PERFORMING,MOTORS,0,450,150,300,90.0,,,,,,,
11137,PERFORMING,MOTORS,0,450,150,300,90.0,,,,,,,
11138,PERFORMING,MOTORS,0,450,150,300,90.0,,,,,,,
11139,PERFORMING,MOTORS,0,450,150,300,90.0,,,,,,,
11140,PERFORMING,MOTORS,0,450,150,300,90.0,,,,,,,
11141,PERFORMING,MOTORS,0,450,150,300,90.0,,,,,,,
11142,PERFORMING,MOTORS,0,450,150,300,90.0,,,,,,,
11143,PERFORMING,MOTORS,0,450,150,300,90.0,,,,,,,
11145,PERFORMING,MOTORS,0,450,150,300,90.0,,,,,,,
11146,PERFORMING,MOTORS,0,450,150,300,90.0,,,,,,,
11147,PERFORMING,MOTORS,0,450,150,300,90.0,,,,,,,
11148,PERFORMING,MOTORS,0,450,150,300,90.0,,,,,,,
11150,PERFORMING,MOTORS,0,450,150,300,90.0,,,,,,,
11151,PERFORMING,MOTORS,0,450,150,300,90.0,,,,,,,
11152,PERFORMING,MOTORS,0,450,150,300,90.0,,,,,,,
11153,PERFORMING,MOTORS,0,450,150,300,90.0,,,,,,,
11154,PERFORMING,MOTORS,0,450,150,300,90.0,,,,,,,
11155,PERFORMING,MOTORS,0,450,150,300,90.0,,,,,,,
11156,PERFORMING,MOTORS,0,450,150,300,90.0,,,,,,,
11157,PERFORMING,MOTORS,0,450,150,300,90.0,,,,,,,
11159,PERFORMING,MOTORS,0,450,150,300,90.0,,,,,,,
11160,PERFORMING,MOTORS,0,450,150,300,90.0,,,,,,,
11161,PERFORMING,MOTORS,0,450,150,300,90.0,,,,,,,
11162,PERFORMING,MOTORS,0,450,150,300,90.0,,,,,,,
11163,PERFORMING,MOTORS,0,450,150,300,90.0,,,,,,,
11164,PERFORMING,MOTORS,0,450,150,300,90.0,,,,,,,
11165,PERFORMING,MOTORS,0,450,150,300,90.0,,,,,,,
11167,PERFORMING,MOTORS,0,450,150,300,90.0,,,,,,,
11168,PERFORMING,MOTORS,0,450,150,300,90.0,,,,,,,
11169,PERFORMING,MOTORS,0,450,150,300,90.0,,,,,,,
11170,PERFORMING,MOTORS,0,450,150,300,90.0,,,,,,,
11171,PERFORMING,MOTORS,0,450,150,300,90.0,,,,,,,
11172,PERFORMING,MOTORS,0,450,150,300,90.0,,,,,,,
11173,PERFORMING,MOTORS,0,450,150,300,90.0,,,,,,,
11175,PERFORMING,MOTORS,0,450,150,300,90.0,,,,,,,
11176,PERFORMING,MOTORS,0,450,150,300,90.0,,,,,,,
11177,PERFORMING,MOTORS,0,450,150,300,90.0,,,,,,,
11178,PERFORMING,MOTORS,0,450,150,300,90.0,,,,,,,
11179,PERFORMING,MOTORS,0,450,150,300,90.0,,,,,,,
11180,PERFORMING,MOTORS,0,450,150,300,90.0,,,,,,,
11182,PERFORMING,MOTORS,0,450,150,300,90.0,,,,,,,
11183,PERFORMING,MOTORS,0,450,150,300,90.0,,,,,,,
11184,PERFORMING,MOTORS,0,450,150,300,90.0,,,,,,,
11185,PERFORMING,MOTORS,0,450,150,300,90.0,,,,,,,
11186,PERFORMING,MOTORS,0,450,150,300,90.0,,,,,,,
11187,PERFORMING,MOTORS,0,450,150,300,90.0,,,,,,,
11188,PERFORMING,MOTORS,0,450,150,300,90.0,,,,,,,
11189,PERFORMING,MOTORS,0,450,150,300,90.0,,,,,,,
11191,PERFORMING,MOTORS,0,450,150,300,90.0,,,,,,,
11192,PERFORMING,MOTORS,0,450,150,300,90.0,,,,,,,
11193,PERFORMING,MOTORS,0,450,150,300,90.0,,,,,,,
11194,PERFORMING,MOTORS,0,450,150,300,90.0,,,,,,,
11195,PERFORMING,MOTORS,0,450,150,300,90.0,,,,,,,
11196,PERFORMING,MOTORS,0,450,150,300,90.0,,,,,,,
11197,PERFORMING,MOTORS,0,450,150,300,90.0,,,,,,,
11198,PERFORMING,MOTORS,0,450,150,300,90.0,,,,,,,
11200,PERFORMING,MOTORS,0,450,150,300,90.0,,,,,,,
11201,PERFORMING,MOTORS,0,450,150,300,90.0,,,,,,,
11202,PERFORMING,MOTORS,0,450,150,300,90.0,,,,,,,
11203,PERFORMING,MOTORS,0,450,150,300,90.0,,,,,,,
11204,PERFORMING,MOTORS,0,450,150,300,90.0,,,,,,,
11205,PERFORMING,MOTORS,0,450,150,300,90.0,,,,,,,
11206,PERFORMING,MOTORS,0,450,150,300,90.0,,,,,,,
11207,PERFORMING,MOTORS,0,450,150,300,90.0,,,,,,,
11209,PERFORMING,MOTORS,0,450,150,300,90.0,,,,,,,
11210,PERFORMING,MOTORS,0,450,150,300,90.0,,,,,,,
11211,PERFORMING,MOTORS,0,450,150,300,90.0,,,,,,,
11212,PERFORMING,MOTORS,0,450,150,300,90.0,,,,,,,
11213,PERFORMING,MOTORS,0,450,150,300,90.0,,,,,,,
11214,PERFORMING,MOTORS,0,450,150,300,90.0,,,,,,,
11215,PERFORMING,MOTORS,0,450,150,300,90.0,,,,,,,
11216,PERFORMING,MOTORS,0,450,150,300,90.0,,,,,,,
11218,PERFORMING,MOTORS,0,450,150,300,90.0,,,,,,,
11219,PERFORMING,MOTORS,0,450,150,300,90.0,,,,,,,
11220,PERFORMING,MOTORS,0,450,150,300,90.0,,,,,,,
11221,PERFORMING,MOTORS,0,450,150,300,90.0,,,,,,,
11222,PERFORMING,MOTORS,0,450,150,300,90.0,,,,,,,
11223,PERFORMING,MOTORS,0,450,150,300,90.0,,,,,,,
11224,PERFORMING,MOTORS,0,450,150,300,90.0,,,,,,,
11225,PERFORMING,MOTORS,0,450,150,300,90.0,,,,,,,
11227,PERFORMING,MOTORS,0,450,150,300,90.0,,,,,,,
11228,PERFORMING,MOTORS,0,450,150,300,90.0,,,,,,,
11229,PERFORMING,MOTORS,0,450,150,300,90.0,,,,,,,
11230,PERFORMING,MOTORS,0,450,150,300,90.0,,,,,,,
11231,PERFORMING,MOTORS,0,450,150,300,90.0,,,,,,,
11232,PERFORMING,MOTORS,0,450,150,300,90.0,,,,,,,
11233,PERFORMING,MOTORS,0,450,150,300,90.0,,,,,,,
11234,PERFORMING,MOTORS,0,450,150,300,90.0,,,,,,,
11235,PERFORMING,MOTORS,0,450,150,300,90.0,,,,,,,
11237,PERFORMING,MOTORS,0,450,150,300,90.0,,,,,,,
11238,PERFORMING,MOTORS,0,450,150,300,90.0,,,,,,,
11239,PERFORMING,MOTORS,0,450,150,300,90.0,,,,,,,
11240,PERFORMING,MOTORS,0,450,150,300,90.0,,,,,,,
11241,PERFORMING,MOTORS,0,450,150,300,90.0,,,,,,,
11242,PERFORMING,MOTORS,0,450,150,300,90.0,,,,,,,
11243,PERFORMING,MOTORS,0,450,150,300,90.0,,,,,,,
11244,PERFORMING,MOTORS,0,450,150,300,90.0,,,,,,,
11245,PERFORMING,MOTORS,0,450,150,300,90.0,,,,,,,
11247,PERFORMING,MOTORS,0,450,150,300,90.0,,,,,,,
11248,PERFORMING,MOTORS,0,450,150,300,90.0,,,,,,,
11249,PERFORMING,MOTORS,0,450,150,300,90.0,,,,,,,
11250,PERFORMING,MOTORS,0,450,150,300,90.0,,,,,,,
11251,PERFORMING,MOTORS,0,450,150,300,90.0,,,,,,,
11252,PERFORMING,MOTORS,0,450,150,300,90.0,,,,,,,
11253,PERFORMING,MOTORS,0,450,150,300,90.0,,,,,,,
11255,PERFORMING,MOTORS,0,450,150,300,90.0,,,,,,,
11256,PERFORMING,MOTORS,0,450,150,300,90.0,,,,,,,
11257,PERFORMING,MOTORS,0,450,150,300,90.0,,,,,,,
11258,PERFORMING,MOTORS,0,450,150,300,90.0,,,,,,,
11259,PERFORMING,MOTORS,0,450,150,300,90.0,,,,,,,
11260,PERFORMING,MOTORS,0,450,150,300,90.0,,,,,,,
11261,PERFORMING,MOTORS,0,450,150,300,90.0,,,,,,,
11263,PERFORMING,MOTORS,0,450,150,300,90.0,,,,,,,
11264,PERFORMING,MOTORS,0,450,150,300,90.0,,,,,,,
11265,PERFORMING,MOTORS,0,450,150,300,90.0,,,,,,,
11266,PERFORMING,MOTORS,0,450,150,300,90.0,,,,,,,
11267,PERFORMING,MOTORS,0,450,150,300,90.0,,,,,,,
11268,PERFORMING,MOTORS,0,450,150,300,90.0,,,,,,,
11269,PERFORMING,MOTORS,0,450,150,300,90.0,,,,,,,
11270,PERFORMING,MOTORS,0,450,150,300,90.0,,,,,,,
11272,PERFORMING,MOTORS,0,450,150,300,90.0,,,,,,,
11273,PERFORMING,MOTORS,0,450,150,300,90.0,,,,,,,
11274,PERFORMING,MOTORS,0,450,150,300,90.0,,,,,,,
11275,PERFORMING,MOTORS,0,450,150,300,90.0,,,,,,,
11276,PERFORMING,MOTORS,0,450,150,300,90.0,,,,,,,
11277,PERFORMING,MOTORS,0,450,150,300,90.0,,,,,,,
11278,PERFORMING,MOTORS,0,450,150,300,90.0,,,,,,,
11280,PERFORMING,MOTORS,0,450,150,300,90.0,,,,,,,
11284,PERFORMING,MOTORS,0,450,150,300,90.0,,,,,,,
11285,PERFORMING,MOTORS,0,450,150,300,90.0,,,,,,,
11286,PERFORMING,MOTORS,0,450,150,300,90.0,,,,,,,
11287,PERFORMING,MOTORS,0,450,150,300,90.0,,,,,,,
11289,PERFORMING,MOTORS,0,450,150,300,90.0,,,,,,,
11290,PERFORMING,MOTORS,0,450,150,300,90.0,,,,,,,
11291,PERFORMING,MOTORS,0,450,150,300,90.0,,,,,,,
11292,PERFORMING,MOTORS,0,450,150,300,90.0,,,,,,,
11293,PERFORMING,MOTORS,0,450,150,300,90.0,,,,,,,
11294,PERFORMING,MOTORS,0,450,150,300,90.0,,,,,,,
11296,PERFORMING,MOTORS,0,450,150,300,90.0,,,,,,,
11297,PERFORMING,MOTORS,0,450,150,300,90.0,,,,,,,
11298,PERFORMING,MOTORS,0,450,150,300,90.0,,,,,,,
11299,PERFORMING,MOTORS,0,450,150,300,90.0,,,,,,,
11300,PERFORMING,MOTORS,0,450,150,300,90.0,,,,,,,
11301,PERFORMING,MOTORS,0,450,150,300,90.0,,,,,,,
11302,PERFORMING,MOTORS,0,450,150,300,90.0,,,,,,,
11304,PERFORMING,MOTORS,0,450,150,300,90.0,,,,,,,
11305,PERFORMING,MOTORS,0,450,150,300,90.0,,,,,,,
11306,PERFORMING,MOTORS,0,450,150,300,90.0,,,,,,,
11307,PERFORMING,MOTORS,0,450,150,300,90.0,,,,,,,
11308,PERFORMING,MOTORS,0,450,150,300,90.0,,,,,,,
11309,PERFORMING,MOTORS,0,450,150,300,90.0,,,,,,,
11310,PERFORMING,MOTORS,0,450,150,300,90.0,,,,,,,
11311,PERFORMING,MOTORS,0,450,150,300,90.0,,,,,,,
11313,PERFORMING,MOTORS,0,450,150,300,90.0,,,,,,,
11314,PERFORMING,MOTORS,0,450,150,300,90.0,,,,,,,
11315,PERFORMING,MOTORS,0,450,150,300,90.0,,,,,,,
11316,PERFORMING,MOTORS,0,450,150,300,90.0,,,,,,,
11317,PERFORMING,MOTORS,0,450,150,300,90.0,,,,,,,
11318,PERFORMING,MOTORS,0,450,150,300,90.0,,,,,,,
11319,PERFORMING,MOTORS,0,450,150,300,90.0,,,,,,,
11320,PERFORMING,MOTORS,0,450,150,300,90.0,,,,,,,
11322,PERFORMING,MOTORS,0,450,150,300,90.0,,,,,,,
11323,PERFORMING,MOTORS,0,450,150,300,90.0,,,,,,,
11324,PERFORMING,MOTORS,0,450,150,300,90.0,,,,,,,
11325,PERFORMING,MOTORS,0,450,150,300,90.0,,,,,,,
11326,PERFORMING,MOTORS,0,450,150,300,90.0,,,,,,,
11327,PERFORMING,MOTORS,0,450,150,300,90.0,,,,,,,
11328,PERFORMING,MOTORS,0,450,150,300,90.0,,,,,,,
11330,PERFORMING,MOTORS,0,450,150,300,90.0,,,,,,,
11331,PERFORMING,MOTORS,0,450,150,300,90.0,,,,,,,
11332,PERFORMING,MOTORS,0,450,150,300,90.0,,,,,,,
11333,PERFORMING,MOTORS,0,450,150,300,90.0,,,,,,,
11334,PERFORMING,MOTORS,0,450,150,300,90.0,,,,,,,
11335,PERFORMING,MOTORS,0,450,150,300,90.0,,,,,,,
11336,PERFORMING,MOTORS,0,450,150,300,90.0,,,,,,,
11337,PERFORMING,MOTORS,0,450,150,300,90.0,,,,,,,
11339,PERFORMING,MOTORS,0,450,150,300,90.0,,,,,,,
11340,PERFORMING,MOTORS,0,450,150,300,90.0,,,,,,,
11341,PERFORMING,MOTORS,0,450,150,300,90.0,,,,,,,
11342,PERFORMING,MOTORS,0,450,150,300,90.0,,,,,,,
11343,PERFORMING,MOTORS,0,450,150,300,90.0,,,,,,,
11344,PERFORMING,MOTORS,0,450,150,300,90.0,,,,,,,
11345,PERFORMING,MOTORS,0,450,150,300,90.0,,,,,,,
11347,PERFORMING,MOTORS,0,450,150,300,90.0,,,,,,,
11348,PERFORMING,MOTORS,0,450,150,300,90.0,,,,,,,
11349,PERFORMING,MOTORS,0,450,150,300,90.0,,,,,,,
11350,PERFORMING,MOTORS,0,450,150,300,90.0,,,,,,,
11351,PERFORMING,MOTORS,0,450,150,300,90.0,,,,,,,
11352,PERFORMING,MOTORS,0,450,150,300,90.0,,,,,,,
11353,PERFORMING,MOTORS,0,450,150,300,90.0,,,,,,,
11354,PERFORMING,MOTORS,0,450,150,300,90.0,,,,,,,
11356,PERFORMING,MOTORS,0,450,150,300,90.0,,,,,,,
11357,PERFORMING,MOTORS,0,450,150,300,90.0,,,,,,,
11358,PERFORMING,MOTORS,0,450,150,300,90.0,,,,,,,
11359,PERFORMING,MOTORS,0,450,150,300,90.0,,,,,,,
11360,PERFORMING,MOTORS,0,450,150,300,90.0,,,,,,,
11361,PERFORMING,MOTORS,0,450,150,300,90.0,,,,,,,
11362,PERFORMING,MOTORS,0,450,150,300,90.0,,,,,,,
11363,PERFORMING,MOTORS,0,450,150,300,90.0,,,,,,,
11364,PERFORMING,MOTORS,0,450,150,300,90.0,,,,,,,
11366,PERFORMING,MOTORS,0,450,150,300,90.0,,,,,,,
11367,PERFORMING,MOTORS,0,450,150,300,90.0,,,,,,,
11368,PERFORMING,MOTORS,0,450,150,300,90.0,,,,,,,
11369,PERFORMING,MOTORS,0,450,150,300,90.0,,,,,,,
11370,PERFORMING,MOTORS,0,450,150,300,90.0,,,,,,,
11371,PERFORMING,MOTORS,0,450,150,300,90.0,,,,,,,
11372,PERFORMING,MOTORS,0,450,150,300,90.0,,,,,,,
11374,PERFORMING,MOTORS,0,450,150,300,90.0,,,,,,,
11375,PERFORMING,MOTORS,0,450,150,300,90.0,,,,,,,
11376,PERFORMING,MOTORS,0,450,150,300,90.0,,,,,,,
11377,PERFORMING,MOTORS,0,450,150,300,90.0,,,,,,,
11378,PERFORMING,MOTORS,0,450,150,300,90.0,,,,,,,
11379,PERFORMING,MOTORS,0,450,150,300,90.0,,,,,,,
11380,PERFORMING,MOTORS,0,450,150,300,90.0,,,,,,,
11382,PERFORMING,MOTORS,0,450,150,300,90.0,,,,,,,
11383,PERFORMING,MOTORS,0,450,150,300,90.0,,,,,,,
11384,PERFORMING,MOTORS,0,450,150,300,90.0,,,,,,,
11385,PERFORMING,MOTORS,0,450,150,300,90.0,,,,,,,
11386,PERFORMING,MOTORS,0,450,150,300,90.0,,,,,,,
11387,PERFORMING,MOTORS,0,450,150,300,90.0,,,,,,,
11388,PERFORMING,MOTORS,0,450,150,300,90.0,,,,,,,
11390,PERFORMING,MOTORS,0,450,150,300,90.0,,,,,,,
11391,PERFORMING,MOTORS,0,450,150,300,90.0,,,,,,,
11392,PERFORMING,MOTORS,0,450,150,300,90.0,,,,,,,
11393,PERFORMING,MOTORS,0,450,150,300,90.0,,,,,,,
11394,PERFORMING,MOTORS,0,450,150,300,90.0,,,,,,,
11395,PERFORMING,MOTORS,0,450,150,300,90.0,,,,,,,
11396,PERFORMING,MOTORS,0,450,150,300,90.0,,,,,,,
11397,PERFORMING,MOTORS,0,450,150,300,90.0,,,,,,,
11398,PERFORMING,MOTORS,0,450,150,300,90.0,,,,,,,
11400,PERFORMING,MOTORS,0,450,150,300,90.0,,,,,,,
11401,PERFORMING,MOTORS,0,450,150,300,90.0,,,,,,,
11402,PERFORMING,MOTORS,0,450,150,300,90.0,,,,,,,
11403,PERFORMING,MOTORS,0,450,150,300,90.0,,,,,,,
11404,PERFORMING,MOTORS,0,450,150,300,90.0,,,,,,,
11405,PERFORMING,MOTORS,0,450,150,300,90.0,,,,,,,
11406,PERFORMING,MOTORS,0,450,150,300,90.0,,,,,,,
11407,PERFORMING,MOTORS,0,450,150,300,90.0,,,,,,,
11408,PERFORMING,MOTORS,0,450,150,300,90.0,,,,,,,
11410,PERFORMING,MOTORS,0,450,150,300,90.0,,,,,,,
11411,PERFORMING,MOTORS,0,450,150,300,90.0,,,,,,,
11412,PERFORMING,MOTORS,0,450,150,300,90.0,,,,,,,
11413,PERFORMING,MOTORS,0,450,150,300,90.0,,,,,,,
11414,PERFORMING,MOTORS,0,450,150,300,90.0,,,,,,,
11415,PERFORMING,MOTORS,0,450,150,300,90.0,,,,,,,
11417,PERFORMING,MOTORS,0,450,150,300,90.0,,,,,,,
11418,PERFORMING,MOTORS,0,450,150,300,90.0,,,,,,,
11419,PERFORMING,MOTORS,0,450,150,300,90.0,,,,,,,
11420,PERFORMING,MOTORS,0,450,150,300,90.0,,,,,,,
11421,PERFORMING,MOTORS,0,450,150,300,90.0,,,,,,,
11422,PERFORMING,MOTORS,0,450,150,300,90.0,,,,,,,
11423,PERFORMING,MOTORS,0,450,150,300,90.0,,,,,,,
11424,PERFORMING,MOTORS,0,450,150,300,90.0,,,,,,,
11426,PERFORMING,MOTORS,0,450,150,300,90.0,,,,,,,
11427,PERFORMING,MOTORS,0,450,150,300,90.0,,,,,,,
11428,PERFORMING,MOTORS,0,450,150,300,90.0,,,,,,,
11429,PERFORMING,MOTORS,0,450,150,300,90.0,,,,,,,
11430,PERFORMING,MOTORS,0,450,150,300,90.0,,,,,,,
11431,PERFORMING,MOTORS,0,450,150,300,90.0,,,,,,,
11432,PERFORMING,MOTORS,0,450,150,300,90.0,,,,,,,
11433,PERFORMING,MOTORS,0,450,150,300,90.0,,,,,,,
11434,PERFORMING,MOTORS,0,450,150,300,90.0,,,,,,,
11436,PERFORMING,MOTORS,0,450,150,300,90.0,,,,,,,
11437,PERFORMING,MOTORS,0,450,150,300,90.0,,,,,,,
11438,PERFORMING,MOTORS,0,450,150,300,90.0,,,,,,,
11439,PERFORMING,MOTORS,0,450,150,300,90.0,,,,,,,
11440,PERFORMING,MOTORS,0,450,150,300,90.0,,,,,,,
11441,PERFORMING,MOTORS,0,450,150,300,90.0,,,,,,,
11442,PERFORMING,MOTORS,0,450,150,300,90.0,,,,,,,
11444,PERFORMING,MOTORS,0,450,150,300,90.0,,,,,,,
11445,PERFORMING,MOTORS,0,450,150,300,90.0,,,,,,,
11446,PERFORMING,MOTORS,0,450,150,300,90.0,,,,,,,
11447,PERFORMING,MOTORS,0,450,150,300,90.0,,,,,,,
11448,PERFORMING,MOTORS,0,450,150,300,90.0,,,,,,,
11449,PERFORMING,MOTORS,0,450,150,300,90.0,,,,,,,
11451,PERFORMING,MOTORS,0,450,150,300,90.0,,,,,,,
11452,PERFORMING,MOTORS,0,450,150,300,90.0,,,,,,,
11453,PERFORMING,MOTORS,0,450,150,300,90.0,,,,,,,
11454,PERFORMING,MOTORS,0,450,150,300,90.0,,,,,,,
11455,PERFORMING,MOTORS,0,450,150,300,90.0,,,,,,,
11456,PERFORMING,MOTORS,0,450,150,300,90.0,,,,,,,
11458,PERFORMING,MOTORS,0,450,150,300,90.0,,,,,,,
11459,PERFORMING,MOTORS,0,450,150,300,90.0,,,,,,,
11460,PERFORMING,MOTORS,0,450,150,300,90.0,,,,,,,
11461,PERFORMING,MOTORS,0,450,150,300,90.0,,,,,,,
11462,PERFORMING,MOTORS,0,450,150,300,90.0,,,,,,,
11463,PERFORMING,MOTORS,0,450,150,300,90.0,,,,,,,
11464,PERFORMING,MOTORS,0,450,150,300,90.0,,,,,,,
11466,PERFORMING,MOTORS,0,450,150,300,90.0,,,,,,,
11467,PERFORMING,MOTORS,0,450,150,300,90.0,,,,,,,
11468,PERFORMING,MOTORS,0,450,150,300,90.0,,,,,,,
11469,PERFORMING,MOTORS,0,450,150,300,90.0,,,,,,,
11470,PERFORMING,MOTORS,0,450,150,300,90.0,,,,,,,
11471,PERFORMING,MOTORS,0,450,150,300,90.0,,,,,,,
11472,PERFORMING,MOTORS,0,450,150,300,90.0,,,,,,,
11473,PERFORMING,MOTORS,0,450,150,300,90.0,,,,,,,
11475,PERFORMING,MOTORS,0,450,150,300,90.0,,,,,,,
11476,PERFORMING,MOTORS,0,450,150,300,90.0,,,,,,,
11477,PERFORMING,MOTORS,0,450,150,300,90.0,,,,,,,
11478,PERFORMING,MOTORS,0,450,150,300,90.0,,,,,,,
11479,PERFORMING,MOTORS,0,450,150,300,90.0,,,,,,,
11480,PERFORMING,MOTORS,0,450,150,300,90.0,,,,,,,
11481,PERFORMING,MOTORS,0,450,150,300,90.0,,,,,,,
11483,PERFORMING,MOTORS,0,450,150,300,90.0,,,,,,,
11484,PERFORMING,MOTORS,0,450,150,300,90.0,,,,,,,
11485,PERFORMING,MOTORS,0,450,150,300,90.0,,,,,,,
11486,PERFORMING,MOTORS,0,450,150,300,90.0,,,,,,,
11487,PERFORMING,MOTORS,0,450,150,300,90.0,,,,,,,
11488,PERFORMING,MOTORS,0,450,150,300,90.0,,,,,,,
11489,PERFORMING,MOTORS,0,450,150,300,90.0,,,,,,,
11491,PERFORMING,MOTORS,0,450,150,300,90.0,,,,,,,
11492,PERFORMING,MOTORS,0,450,150,300,90.0,,,,,,,
11493,PERFORMING,MOTORS,0,450,150,300,90.0,,,,,,,
11494,PERFORMING,MOTORS,0,450,150,300,90.0,,,,,,,
11495,PERFORMING,MOTORS,0,450,150,300,90.0,,,,,,,
11496,PERFORMING,MOTORS,0,450,150,300,90.0,,,,,,,
11497,PERFORMING,MOTORS,0,450,150,300,90.0,,,,,,,
11499,PERFORMING,MOTORS,0,450,150,300,90.0,,,,,,,
11500,PERFORMING,MOTORS,0,450,150,300,90.0,,,,,,,
11501,PERFORMING,MOTORS,0,450,150,300,90.0,,,,,,,
11502,PERFORMING,MOTORS,0,450,150,300,90.0,,,,,,,
11503,PERFORMING,MOTORS,0,450,150,300,90.0,,,,,,,
11504,PERFORMING,MOTORS,0,450,150,300,90.0,,,,,,,
11505,PERFORMING,MOTORS,0,450,150,300,90.0,,,,,,,
11506,PERFORMING,MOTORS,0,450,150,300,90.0,,,,,,,
11507,PERFORMING,MOTORS,0,450,150,300,90.0,,,,,,,
11508,PERFORMING,MOTORS,0,450,150,300,90.0,,,,,,,
11510,PERFORMING,MOTORS,0,450,150,300,90.0,,,,,,,
11511,PERFORMING,MOTORS,0,450,150,300,90.0,,,,,,,
11512,PERFORMING,MOTORS,0,450,150,300,90.0,,,,,,,
11513,PERFORMING,MOTORS,0,450,150,300,90.0,,,,,,,
11514,PERFORMING,MOTORS,0,450,150,300,90.0,,,,,,,
11515,PERFORMING,MOTORS,0,450,150,300,90.0,,,,,,,
11516,PERFORMING,MOTORS,0,450,150,300,90.0,,,,,,,
11517,PERFORMING,MOTORS,0,450,150,300,90.0,,,,,,,
11519,PERFORMING,MOTORS,0,450,150,300,90.0,,,,,,,
11520,PERFORMING,MOTORS,0,450,150,300,90.0,,,,,,,
11521,PERFORMING,MOTORS,0,450,150,300,90.0,,,,,,,
11522,PERFORMING,MOTORS,0,450,150,300,90.0,,,,,,,
11523,PERFORMING,MOTORS,0,450,150,300,90.0,,,,,,,
11524,PERFORMING,MOTORS,0,450,150,300,90.0,,,,,,,
11525,PERFORMING,MOTORS,0,450,150,300,90.0,,,,,,,
11527,PERFORMING,MOTORS,0,450,150,300,90.0,,,,,,,
11529,PERFORMING,MOTORS,0,450,150,300,90.0,,,,,,,
11530,PERFORMING,MOTORS,0,450,150,300,90.0,,,,,,,
11531,PERFORMING,MOTORS,0,450,150,300,90.0,,,,,,,
11533,PERFORMING,MOTORS,0,450,150,300,90.0,,,,,,,
11534,PERFORMING,MOTORS,0,450,150,300,90.0,,,,,,,
11535,PERFORMING,MOTORS,0,450,150,300,90.0,,,,,,,
11536,PERFORMING,MOTORS,0,450,150,300,90.0,,,,,,,
11537,PERFORMING,MOTORS,0,450,150,300,90.0,,,,,,,
11538,PERFORMING,MOTORS,0,450,150,300,90.0,,,,,,,
11540,PERFORMING,MOTORS,0,450,150,300,90.0,,,,,,,
11541,PERFORMING,MOTORS,0,450,150,300,90.0,,,,,,,
11542,PERFORMING,MOTORS,0,450,150,300,90.0,,,,,,,
11544,PERFORMING,MOTORS,0,450,150,300,90.0,,,,,,,
11545,PERFORMING,MOTORS,0,450,150,300,90.0,,,,,,,
11546,PERFORMING,MOTORS,0,450,150,300,90.0,,,,,,,
11548,PERFORMING,MOTORS,0,450,150,300,90.0,,,,,,,
11549,PERFORMING,MOTORS,0,450,150,300,90.0,,,,,,,
11550,PERFORMING,MOTORS,0,450,150,300,90.0,,,,,,,
11551,PERFORMING,MOTORS,0,450,150,300,90.0,,,,,,,
11552,PERFORMING,MOTORS,0,450,150,300,90.0,,,,,,,
11553,PERFORMING,MOTORS,0,450,150,300,90.0,,,,,,,
11554,PERFORMING,MOTORS,0,450,150,300,90.0,,,,,,,
11555,PERFORMING,MOTORS,0,450,150,300,90.0,,,,,,,
11556,PERFORMING,MOTORS,0,450,150,300,90.0,,,,,,,
11558,PERFORMING,MOTORS,0,450,150,300,90.0,,,,,,,
11559,PERFORMING,MOTORS,0,450,150,300,90.0,,,,,,,
11560,PERFORMING,MOTORS,0,450,150,300,90.0,,,,,,,
11561,PERFORMING,MOTORS,0,450,150,300,90.0,,,,,,,
11562,PERFORMING,MOTORS,0,450,150,300,90.0,,,,,,,
11563,PERFORMING,MOTORS,0,450,150,300,90.0,,,,,,,
11564,PERFORMING,MOTORS,0,450,150,300,90.0,,,,,,,
11565,PERFORMING,MOTORS,0,450,150,300,90.0,,,,,,,
11566,PERFORMING,MOTORS,0,450,150,300,90.0,,,,,,,
11568,PERFORMING,MOTORS,0,450,150,300,90.0,,,,,,,
11569,PERFORMING,MOTORS,0,450,150,300,90.0,,,,,,,
11570,PERFORMING,MOTORS,0,450,150,300,90.0,,,,,,,
11571,PERFORMING,MOTORS,0,450,150,300,90.0,,,,,,,
11572,PERFORMING,MOTORS,0,450,150,300,90.0,,,,,,,
11573,PERFORMING,MOTORS,0,450,150,300,90.0,,,,,,,
11574,PERFORMING,MOTORS,0,450,150,300,90.0,,,,,,,
11576,PERFORMING,MOTORS,0,450,150,300,90.0,,,,,,,
11577,PERFORMING,MOTORS,0,450,150,300,90.0,,,,,,,
11578,PERFORMING,MOTORS,0,450,150,300,90.0,,,,,,,
11579,PERFORMING,MOTORS,0,450,150,300,90.0,,,,,,,
11580,PERFORMING,MOTORS,0,450,150,300,90.0,,,,,,,
11581,PERFORMING,MOTORS,0,450,150,300,90.0,,,,,,,
11582,PERFORMING,MOTORS,0,450,150,300,90.0,,,,,,,
11583,PERFORMING,MOTORS,0,450,150,300,90.0,,,,,,,
11585,PERFORMING,MOTORS,0,450,150,300,90.0,,,,,,,
11586,PERFORMING,MOTORS,0,450,150,300,90.0,,,,,,,
11587,PERFORMING,MOTORS,0,450,150,300,90.0,,,,,,,
11588,PERFORMING,MOTORS,0,450,150,300,90.0,,,,,,,
11589,PERFORMING,MOTORS,0,450,150,300,90.0,,,,,,,
11590,PERFORMING,MOTORS,0,450,150,300,90.0,,,,,,,
11591,PERFORMING,MOTORS,0,450,150,300,90.0,,,,,,,
11592,PERFORMING,MOTORS,0,450,150,300,90.0,,,,,,,
11593,PERFORMING,MOTORS,0,450,150,300,90.0,,,,,,,
11595,PERFORMING,MOTORS,0,450,150,300,90.0,,,,,,,
11596,PERFORMING,MOTORS,0,450,150,300,90.0,,,,,,,
11597,PERFORMING,MOTORS,0,450,150,300,90.0,,,,,,,
11598,PERFORMING,MOTORS,0,450,150,300,90.0,,,,,,,
11599,PERFORMING,MOTORS,0,450,150,300,90.0,,,,,,,
11600,PERFORMING,MOTORS,0,450,150,300,90.0,,,,,,,
11601,PERFORMING,MOTORS,0,450,150,300,90.0,,,,,,,
11603,PERFORMING,MOTORS,0,450,150,300,90.0,,,,,,,
11604,PERFORMING,MOTORS,0,450,150,300,90.0,,,,,,,
11605,PERFORMING,MOTORS,0,450,150,300,90.0,,,,,,,
11606,PERFORMING,MOTORS,0,450,150,300,90.0,,,,,,,
11607,PERFORMING,MOTORS,0,450,150,300,90.0,,,,,,,
11608,PERFORMING,MOTORS,0,450,150,300,90.0,,,,,,,
11609,PERFORMING,MOTORS,0,450,150,300,90.0,,,,,,,
11610,PERFORMING,MOTORS,0,450,150,300,90.0,,,,,,,
11611,PERFORMING,MOTORS,0,450,150,300,90.0,,,,,,,
11613,PERFORMING,MOTORS,0,450,150,300,90.0,,,,,,,
11614,PERFORMING,MOTORS,0,450,150,300,90.0,,,,,,,
11615,PERFORMING,MOTORS,0,450,150,300,90.0,,,,,,,
11616,PERFORMING,MOTORS,0,450,150,300,90.0,,,,,,,
11617,PERFORMING,MOTORS,0,450,150,300,90.0,,,,,,,
11619,PERFORMING,MOTORS,0,450,150,300,90.0,,,,,,,
11620,PERFORMING,MOTORS,0,450,150,300,90.0,,,,,,,
11621,PERFORMING,MOTORS,0,450,150,300,90.0,,,,,,,
11622,PERFORMING,MOTORS,0,450,150,300,90.0,,,,,,,
11624,PERFORMING,MOTORS,0,450,150,300,90.0,,,,,,,
11625,PERFORMING,MOTORS,0,450,150,300,90.0,,,,,,,
11626,PERFORMING,MOTORS,0,450,150,300,90.0,,,,,,,
11627,PERFORMING,MOTORS,0,450,150,300,90.0,,,,,,,
11628,PERFORMING,MOTORS,0,450,150,300,90.0,,,,,,,
11630,PERFORMING,MOTORS,0,450,150,300,90.0,,,,,,,
11631,PERFORMING,MOTORS,0,450,150,300,90.0,,,,,,,
11632,PERFORMING,MOTORS,0,450,150,300,90.0,,,,,,,
11633,PERFORMING,MOTORS,0,450,150,300,90.0,,,,,,,
11634,PERFORMING,MOTORS,0,450,150,300,90.0,,,,,,,
11636,PERFORMING,MOTORS,0,450,150,300,90.0,,,,,,,
11637,PERFORMING,MOTORS,0,450,150,300,90.0,,,,,,,
11638,PERFORMING,MOTORS,0,450,150,300,90.0,,,,,,,
11639,PERFORMING,MOTORS,0,450,150,300,90.0,,,,,,,
11640,PERFORMING,MOTORS,0,450,150,300,90.0,,,,,,,
11641,PERFORMING,MOTORS,0,450,150,300,90.0,,,,,,,
11643,PERFORMING,MOTORS,0,450,150,300,90.0,,,,,,,
11644,PERFORMING,MOTORS,0,450,150,300,90.0,,,,,,,
11645,PERFORMING,MOTORS,0,450,150,300,90.0,,,,,,,
11646,PERFORMING,MOTORS,0,450,150,300,90.0,,,,,,,
11647,PERFORMING,MOTORS,0,450,150,300,90.0,,,,,,,
11648,PERFORMING,MOTORS,0,450,150,300,90.0,,,,,,,
11650,PERFORMING,MOTORS,0,450,150,300,90.0,,,,,,,
11651,PERFORMING,MOTORS,0,450,150,300,90.0,,,,,,,
11652,PERFORMING,MOTORS,0,450,150,300,90.0,,,,,,,
11653,PERFORMING,MOTORS,0,450,150,300,90.0,,,,,,,
11654,PERFORMING,MOTORS,0,450,150,300,90.0,,,,,,,
11656,PERFORMING,MOTORS,0,450,150,300,90.0,,,,,,,
11657,PERFORMING,MOTORS,0,450,150,300,90.0,,,,,,,
11658,PERFORMING,MOTORS,0,450,150,300,90.0,,,,,,,
11659,PERFORMING,MOTORS,0,450,150,300,90.0,,,,,,,
11660,PERFORMING,MOTORS,0,450,150,300,90.0,,,,,,,
11661,PERFORMING,MOTORS,0,450,150,300,90.0,,,,,,,
11663,PERFORMING,MOTORS,0,450,150,300,90.0,,,,,,,
11664,PERFORMING,MOTORS,0,450,150,300,90.0,,,,,,,
11665,PERFORMING,MOTORS,0,450,150,300,90.0,,,,,,,
11666,PERFORMING,MOTORS,0,450,150,300,90.0,,,,,,,
11667,PERFORMING,MOTORS,0,450,150,300,90.0,,,,,,,
11668,PERFORMING,MOTORS,0,450,150,300,90.0,,,,,,,
11670,PERFORMING,MOTORS,0,450,150,300,90.0,,,,,,,
11671,PERFORMING,MOTORS,0,450,150,300,90.0,,,,,,,
11672,PERFORMING,MOTORS,0,450,150,300,90.0,,,,,,,
11673,PERFORMING,MOTORS,0,450,150,300,90.0,,,,,,,
11674,PERFORMING,MOTORS,0,450,150,300,90.0,,,,,,,
11675,PERFORMING,MOTORS,0,450,150,300,90.0,,,,,,,
11676,PERFORMING,MOTORS,0,450,150,300,90.0,,,,,,,
11678,PERFORMING,MOTORS,0,450,150,300,90.0,,,,,,,
11679,PERFORMING,MOTORS,0,450,150,300,90.0,,,,,,,
11680,PERFORMING,MOTORS,0,450,150,300,90.0,,,,,,,
11681,PERFORMING,MOTORS,0,450,150,300,90.0,,,,,,,
11682,PERFORMING,MOTORS,0,450,150,300,90.0,,,,,,,
11683,PERFORMING,MOTORS,0,450,150,300,90.0,,,,,,,
11684,PERFORMING,MOTORS,0,450,150,300,90.0,,,,,,,
11686,PERFORMING,MOTORS,0,450,150,300,90.0,,,,,,,
11687,PERFORMING,MOTORS,0,450,150,300,90.0,,,,,,,
11688,PERFORMING,MOTORS,0,450,150,300,90.0,,,,,,,
11689,PERFORMING,MOTORS,0,450,150,300,90.0,,,,,,,
11690,PERFORMING,MOTORS,0,450,150,300,90.0,,,,,,,
11691,PERFORMING,MOTORS,0,450,150,300,90.0,,,,,,,
11693,PERFORMING,MOTORS,0,450,150,300,90.0,,,,,,,
11694,PERFORMING,MOTORS,0,450,150,300,90.0,,,,,,,
11695,PERFORMING,MOTORS,0,450,150,300,90.0,,,,,,,
11696,PERFORMING,MOTORS,0,450,150,300,90.0,,,,,,,
11697,PERFORMING,MOTORS,0,450,150,300,90.0,,,,,,,
11699,PERFORMING,MOTORS,0,450,150,300,90.0,,,,,,,
11700,PERFORMING,MOTORS,0,450,150,300,90.0,,,,,,,
11701,PERFORMING,MOTORS,0,450,150,300,90.0,,,,,,,
11702,PERFORMING,MOTORS,0,450,150,300,90.0,,,,,,,
11703,PERFORMING,MOTORS,0,450,150,300,90.0,,,,,,,
11704,PERFORMING,MOTORS,0,450,150,300,90.0,,,,,,,
11705,PERFORMING,MOTORS,0,450,150,300,90.0,,,,,,,
11707,PERFORMING,MOTORS,0,450,150,300,90.0,,,,,,,
11708,PERFORMING,MOTORS,0,450,150,300,90.0,,,,,,,
11709,PERFORMING,MOTORS,0,450,150,300,90.0,,,,,,,
11710,PERFORMING,MOTORS,0,450,150,300,90.0,,,,,,,
11711,PERFORMING,MOTORS,0,450,150,300,90.0,,,,,,,
11713,PERFORMING,MOTORS,0,450,150,300,90.0,,,,,,,
11714,PERFORMING,MOTORS,0,450,150,300,90.0,,,,,,,
11715,PERFORMING,MOTORS,0,450,150,300,90.0,,,,,,,
11716,PERFORMING,MOTORS,0,450,150,300,90.0,,,,,,,
11717,PERFORMING,MOTORS,0,450,150,300,90.0,,,,,,,
11718,PERFORMING,MOTORS,0,450,150,300,90.0,,,,,,,
11719,PERFORMING,MOTORS,0,450,150,300,90.0,,,,,,,
11721,PERFORMING,MOTORS,0,450,150,300,90.0,,,,,,,
11722,PERFORMING,MOTORS,0,450,150,300,90.0,,,,,,,
11723,PERFORMING,MOTORS,0,450,150,300,90.0,,,,,,,
11724,PERFORMING,MOTORS,0,450,150,300,90.0,,,,,,,
11725,PERFORMING,MOTORS,0,450,150,300,90.0,,,,,,,
11726,PERFORMING,MOTORS,0,450,150,300,90.0,,,,,,,
11727,PERFORMING,MOTORS,0,450,150,300,90.0,,,,,,,
11729,PERFORMING,MOTORS,0,450,150,300,90.0,,,,,,,
11730,PERFORMING,MOTORS,0,450,150,300,90.0,,,,,,,
11731,PERFORMING,MOTORS,0,450,150,300,90.0,,,,,,,
11732,PERFORMING,MOTORS,0,450,150,300,90.0,,,,,,,
11733,PERFORMING,MOTORS,0,450,150,300,90.0,,,,,,,
11734,PERFORMING,MOTORS,0,450,150,300,90.0,,,,,,,
11736,PERFORMING,MOTORS,0,450,150,300,90.0,,,,,,,
11737,PERFORMING,MOTORS,0,450,150,300,90.0,,,,,,,
11738,PERFORMING,MOTORS,0,450,150,300,90.0,,,,,,,
11739,PERFORMING,MOTORS,0,450,150,300,90.0,,,,,,,
11740,PERFORMING,MOTORS,0,450,150,300,90.0,,,,,,,
11741,PERFORMING,MOTORS,0,450,150,300,90.0,,,,,,,
11742,PERFORMING,MOTORS,0,450,150,300,90.0,,,,,,,
11744,PERFORMING,MOTORS,0,450,150,300,90.0,,,,,,,
11745,PERFORMING,MOTORS,0,450,150,300,90.0,,,,,,,
11746,PERFORMING,MOTORS,0,450,150,300,90.0,,,,,,,
11747,PERFORMING,MOTORS,0,450,150,300,90.0,,,,,,,
11748,PERFORMING,MOTORS,0,450,150,300,90.0,,,,,,,
11749,PERFORMING,MOTORS,0,450,150,300,90.0,,,,,,,
11751,PERFORMING,MOTORS,0,450,150,300,90.0,,,,,,,
11752,PERFORMING,MOTORS,0,450,150,300,90.0,,,,,,,
11753,PERFORMING,MOTORS,0,450,150,300,90.0,,,,,,,
11754,PERFORMING,MOTORS,0,450,150,300,90.0,,,,,,,
11755,PERFORMING,MOTORS,0,450,150,300,90.0,,,,,,,
11756,PERFORMING,MOTORS,0,450,150,300,90.0,,,,,,,
11758,PERFORMING,MOTORS,0,450,150,300,90.0,,,,,,,
11759,PERFORMING,MOTORS,0,450,150,300,90.0,,,,,,,
11760,PERFORMING,MOTORS,0,450,150,300,90.0,,,,,,,
11761,PERFORMING,MOTORS,0,450,150,300,90.0,,,,,,,
11762,PERFORMING,MOTORS,0,450,150,300,90.0,,,,,,,
11763,PERFORMING,MOTORS,0,450,150,300,90.0,,,,,,,
11764,PERFORMING,MOTORS,0,450,150,300,90.0,,,,,,,
11766,PERFORMING,MOTORS,0,450,150,300,90.0,,,,,,,
11767,PERFORMING,MOTORS,0,450,150,300,90.0,,,,,,,
11768,PERFORMING,MOTORS,0,450,150,300,90.0,,,,,,,
11769,PERFORMING,MOTORS,0,450,150,300,90.0,,,,,,,
11770,PERFORMING,MOTORS,0,450,150,300,90.0,,,,,,,
11771,PERFORMING,MOTORS,0,450,150,300,90.0,,,,,,,
11772,PERFORMING,MOTORS,0,450,150,300,90.0,,,,,,,
11774,PERFORMING,MOTORS,0,450,150,300,90.0,,,,,,,
11775,PERFORMING,MOTORS,0,450,150,300,90.0,,,,,,,
11776,PERFORMING,MOTORS,0,450,150,300,90.0,,,,,,,
11777,PERFORMING,MOTORS,0,450,150,300,90.0,,,,,,,
11778,PERFORMING,MOTORS,0,450,150,300,90.0,,,,,,,
11779,PERFORMING,MOTORS,0,450,150,300,90.0,,,,,,,
11780,PERFORMING,MOTORS,0,450,150,300,90.0,,,,,,,
11782,PERFORMING,MOTORS,0,450,150,300,90.0,,,,,,,
11783,PERFORMING,MOTORS,0,450,150,300,90.0,,,,,,,
11784,PERFORMING,MOTORS,0,450,150,300,90.0,,,,,,,
11785,PERFORMING,MOTORS,0,450,150,300,90.0,,,,,,,
11786,PERFORMING,MOTORS,0,450,150,300,90.0,,,,,,,
11787,PERFORMING,MOTORS,0,450,150,300,90.0,,,,,,,
11789,PERFORMING,MOTORS,0,450,150,300,90.0,,,,,,,
11790,PERFORMING,MOTORS,0,450,150,300,90.0,,,,,,,
11791,PERFORMING,MOTORS,0,450,150,300,90.0,,,,,,,
11792,PERFORMING,MOTORS,0,450,150,300,90.0,,,,,,,
11793,PERFORMING,MOTORS,0,450,150,300,90.0,,,,,,,
11794,PERFORMING,MOTORS,0,450,150,300,90.0,,,,,,,
11795,PERFORMING,MOTORS,0,450,150,300,90.0,,,,,,,
11796,PERFORMING,MOTORS,0,450,150,300,90.0,,,,,,,
11798,PERFORMING,MOTORS,0,450,150,300,90.0,,,,,,,
11799,PERFORMING,MOTORS,0,450,150,300,90.0,,,,,,,
11800,PERFORMING,MOTORS,0,450,150,300,90.0,,,,,,,
11801,PERFORMING,MOTORS,0,450,150,300,90.0,,,,,,,
11802,PERFORMING,MOTORS,0,450,150,300,90.0,,,,,,,
11803,PERFORMING,MOTORS,0,450,150,300,90.0,,,,,,,
11805,PERFORMING,MOTORS,0,450,150,300,90.0,,,,,,,
11806,PERFORMING,MOTORS,0,450,150,300,90.0,,,,,,,
11807,PERFORMING,MOTORS,0,450,150,300,90.0,,,,,,,
11808,PERFORMING,MOTORS,0,450,150,300,90.0,,,,,,,
11809,PERFORMING,MOTORS,0,450,150,300,90.0,,,,,,,
11810,PERFORMING,MOTORS,0,450,150,300,90.0,,,,,,,
11811,PERFORMING,MOTORS,0,450,150,300,90.0,,,,,,,
11813,PERFORMING,MOTORS,0,450,150,300,90.0,,,,,,,
11814,PERFORMING,MOTORS,0,450,150,300,90.0,,,,,,,
11815,PERFORMING,MOTORS,0,450,150,300,90.0,,,,,,,
11816,PERFORMING,MOTORS,0,450,150,300,90.0,,,,,,,
11817,PERFORMING,MOTORS,0,450,150,300,90.0,,,,,,,
11819,PERFORMING,MOTORS,0,450,150,300,90.0,,,,,,,
11820,PERFORMING,MOTORS,0,450,150,300,90.0,,,,,,,
11821,PERFORMING,MOTORS,0,450,150,300,90.0,,,,,,,
11822,PERFORMING,MOTORS,0,450,150,300,90.0,,,,,,,
11823,PERFORMING,MOTORS,0,450,150,300,90.0,,,,,,,
11824,PERFORMING,MOTORS,0,450,150,300,90.0,,,,,,,
11826,PERFORMING,MOTORS,0,450,150,300,90.0,,,,,,,
11827,PERFORMING,MOTORS,0,450,150,300,90.0,,,,,,,
11828,PERFORMING,MOTORS,0,450,150,300,90.0,,,,,,,
11829,PERFORMING,MOTORS,0,450,150,300,90.0,,,,,,,
11830,PERFORMING,MOTORS,0,450,150,300,90.0,,,,,,,
11832,PERFORMING,MOTORS,0,450,150,300,90.0,,,,,,,
11833,PERFORMING,MOTORS,0,450,150,300,90.0,,,,,,,
11834,PERFORMING,MOTORS,0,450,150,300,90.0,,,,,,,
11835,PERFORMING,MOTORS,0,450,150,300,90.0,,,,,,,
11836,PERFORMING,MOTORS,0,450,150,300,90.0,,,,,,,
11837,PERFORMING,MOTORS,0,450,150,300,90.0,,,,,,,
11839,PERFORMING,MOTORS,0,450,150,300,90.0,,,,,,,
11840,PERFORMING,MOTORS,0,450,150,300,90.0,,,,,,,
11841,PERFORMING,MOTORS,0,450,150,300,90.0,,,,,,,
11842,PERFORMING,MOTORS,0,450,150,300,90.0,,,,,,,
11843,PERFORMING,MOTORS,0,450,150,300,90.0,,,,,,,
11844,PERFORMING,MOTORS,0,450,150,300,90.0,,,,,,,
11845,PERFORMING,MOTORS,0,450,150,300,90.0,,,,,,,
11847,PERFORMING,MOTORS,0,450,150,300,90.0,,,,,,,
11848,PERFORMING,MOTORS,0,450,150,300,90.0,,,,,,,
11849,PERFORMING,MOTORS,0,450,150,300,90.0,,,,,,,
11850,PERFORMING,MOTORS,0,450,150,300,90.0,,,,,,,
11851,PERFORMING,MOTORS,0,450,150,300,90.0,,,,,,,
11852,PERFORMING,MOTORS,0,450,150,300,90.0,,,,,,,
11853,PERFORMING,MOTORS,0,450,150,300,90.0,,,,,,,
11855,PERFORMING,MOTORS,0,450,150,300,90.0,,,,,,,
11856,PERFORMING,MOTORS,0,450,150,300,90.0,,,,,,,
11857,PERFORMING,MOTORS,0,448,150,300,90.0,,,,,,,
11858,PERFORMING,MOTORS,0,446,150,300,90.0,,,,,,,
11859,PERFORMING,MOTORS,0,444,150,300,90.0,,,,,,,
11860,PERFORMING,MOTORS,0,442,150,300,90.0,,,,,,,
11862,PERFORMING,MOTORS,0,438,150,300,90.0,,,,,,,
11863,PERFORMING,MOTORS,0,436,150,300,90.0,,,,,,,
11864,PERFORMING,MOTORS,0,434,150,300,90.0,,,,,,,
11865,PERFORMING,MOTORS,0,432,150,300,90.0,,,,,,,
11866,PERFORMING,MOTORS,0,430,150,300,90.0,,,,,,,
11867,PERFORMING,MOTORS,0,428,150,300,90.0,,,,,,,
11868,PERFORMING,MOTORS,0,426,150,300,90.0,,,,,,,
11870,PERFORMING,MOTORS,0,422,150,300,90.0,,,,,,,
11871,PERFORMING,MOTORS,0,420,150,300,90.0,,,,,,,
11872,PERFORMING,MOTORS,0,418,150,300,90.0,,,,,,,
11873,PERFORMING,MOTORS,0,416,150,300,90.0,,,,,,,
11874,PERFORMING,MOTORS,0,414,150,300,90.0,,,,,,,
11875,PERFORMING,MOTORS,0,412,150,300,90.0,,,,,,,
11876,PERFORMING,MOTORS,0,410,150,300,90.0,,,,,,,
11877,PERFORMING,MOTORS,0,408,150,300,90.0,,,,,,,
11879,PERFORMING,MOTORS,0,404,150,300,90.0,,,,,,,
11880,PERFORMING,MOTORS,0,402,150,300,90.0,,,,,,,
11881,PERFORMING,MOTORS,0,400,150,300,90.0,,,,,,,
11882,PERFORMING,MOTORS,0,398,150,300,90.0,,,,,,,
11883,PERFORMING,MOTORS,0,396,150,300,90.0,,,,,,,
11884,PERFORMING,MOTORS,0,394,150,300,90.0,,,,,,,
11886,PERFORMING,MOTORS,0,390,150,300,90.0,,,,,,,
11887,PERFORMING,MOTORS,0,388,150,300,90.0,,,,,,,
11888,PERFORMING,MOTORS,0,386,150,300,90.0,,,,,,,
11889,PERFORMING,MOTORS,0,384,150,300,90.0,,,,,,,
11890,PERFORMING,MOTORS,0,382,150,300,90.0,,,,,,,
11892,PERFORMING,MOTORS,0,378,150,300,90.0,,,,,,,
11893,PERFORMING,MOTORS,0,376,150,300,90.0,,,,,,,
11894,PERFORMING,MOTORS,0,374,150,300,90.0,,,,,,,
11895,PERFORMING,MOTORS,0,372,150,300,90.0,,,,,,,
11896,PERFORMING,MOTORS,0,370,150,300,90.0,,,,,,,
11897,PERFORMING,MOTORS,0,368,150,300,90.0,,,,,,,
11899,PERFORMING,MOTORS,0,364,150,300,90.0,,,,,,,
11900,PERFORMING,MOTORS,0,362,150,300,90.0,,,,,,,
11901,PERFORMING,MOTORS,0,360,150,300,90.0,,,,,,,
11902,PERFORMING,MOTORS,0,358,150,300,90.0,,,,,,,
11903,PERFORMING,MOTORS,0,356,150,300,90.0,,,,,,,
11904,PERFORMING,MOTORS,0,354,150,300,90.0,,,,,,,
11906,PERFORMING,MOTORS,0,350,150,300,90.0,,,,,,,
11907,PERFORMING,MOTORS,0,348,150,300,90.0,,,,,,,
11908,PERFORMING,MOTORS,0,346,150,300,90.0,,,,,,,
11909,PERFORMING,MOTORS,0,344,150,300,90.0,,,,,,,
11910,PERFORMING,MOTORS,0,342,150,300,90.0,,,,,,,
11911,PERFORMING,MOTORS,0,340,150,300,90.0,,,,,,,
11912,PERFORMING,MOTORS,0,338,150,300,90.0,,,,,,,
11913,PERFORMING,MOTORS,0,336,150,300,90.0,,,,,,,
11915,PERFORMING,MOTORS,0,332,150,300,90.0,,,,,,,
11916,PERFORMING,MOTORS,0,330,150,300,90.0,,,,,,,
11917,PERFORMING,MOTORS,0,328,150,300,90.0,,,,,,,
11918,PERFORMING,MOTORS,0,326,150,300,90.0,,,,,,,
11919,PERFORMING,MOTORS,0,324,150,300,90.0,,,,,,,
11920,PERFORMING,MOTORS,0,322,150,300,90.0,,,,,,,
11921,PERFORMING,MOTORS,0,320,150,300,90.0,,,,,,,
11923,PERFORMING,MOTORS,0,316,150,300,90.0,,,,,,,
11924,PERFORMING,MOTORS,0,314,150,300,90.0,,,,,,,
11925,PERFORMING,MOTORS,0,312,150,300,90.0,,,,,,,
11926,PERFORMING,MOTORS,0,310,150,300,90.0,,,,,,,
11927,PERFORMING,MOTORS,0,308,150,300,90.0,,,,,,,
11929,PERFORMING,MOTORS,0,304,150,300,90.0,,,,,,,
11930,PERFORMING,MOTORS,0,302,150,300,90.0,,,,,,,
11931,PERFORMING,MOTORS,0,300,150,300,90.0,,,,,,,
11932,PERFORMING,MOTORS,0,298,150,300,90.0,,,,,,,
11933,PERFORMING,MOTORS,0,296,150,300,90.0,,,,,,,
11934,PERFORMING,MOTORS,0,294,150,300,90.0,,,,,,,
11935,PERFORMING,MOTORS,0,292,150,300,90.0,,,,,,,
11937,PERFORMING,MOTORS,0,288,150,300,90.0,,,,,,,
11938,PERFORMING,MOTORS,0,286,150,300,90.0,,,,,,,
11939,PERFORMING,MOTORS,0,284,150,300,90.0,,,,,,,
11940,PERFORMING,MOTORS,0,282,150,300,90.0,,,,,,,
11941,PERFORMING,MOTORS,0,280,150,300,90.0,,,,,,,
11942,PERFORMING,MOTORS,0,278,150,300,90.0,,,,,,,
11944,PERFORMING,MOTORS,0,274,150,300,90.0,,,,,,,
11945,PERFORMING,MOTORS,0,272,150,300,90.0,,,,,,,
11946,PERFORMING,MOTORS,0,270,150,300,90.0,,,,,,,
11947,PERFORMING,MOTORS,0,268,150,300,90.0,,,,,,,
11948,PERFORMING,MOTORS,0,266,150,300,90.0,,,,,,,
11949,PERFORMING,MOTORS,0,264,150,300,90.0,,,,,,,
11950,PERFORMING,MOTORS,0,262,150,300,90.0,,,,,,,
11952,PERFORMING,MOTORS,0,258,150,300,90.0,,,,,,,
11953,PERFORMING,MOTORS,0,256,150,300,90.0,,,,,,,
11954,PERFORMING,MOTORS,0,254,150,300,90.0,,,,,,,
11955,PERFORMING,MOTORS,0,252,150,300,90.0,,,,,,,
11956,PERFORMING,MOTORS,0,250,150,300,90.0,,,,,,,
11957,PERFORMING,MOTORS,0,250,150,300,90.0,,,,,,,
11959,PERFORMING,MOTORS,0,250,150,300,90.0,,,,,,,
11960,PERFORMING,MOTORS,0,250,150,300,90.0,,,,,,,
11961,PERFORMING,MOTORS,0,250,150,300,90.0,,,,,,,
11962,PERFORMING,MOTORS,0,250,150,300,90.0,,,,,,,
11963,PERFORMING,MOTORS,0,250,150,300,90.0,,,,,,,
11965,PERFORMING,MOTORS,0,250,150,300,90.0,,,,,,,
11966,PERFORMING,MOTORS,0,250,150,300,90.0,,,,,,,
11967,PERFORMING,MOTORS,0,250,150,300,90.0,,,,,,,
11968,PERFORMING,MOTORS,0,250,150,300,90.0,,,,,,,
11969,PERFORMING,MOTORS,0,250,150,300,90.0,,,,,,,
11970,PERFORMING,MOTORS,0,250,150,300,90.0,,,,,,,
11971,PERFORMING,MOTORS,0,250,150,300,90.0,,,,,,,
11972,PERFORMING,MOTORS,0,250,150,300,90.0,,,,,,,
11974,PERFORMING,MOTORS,0,250,150,300,90.0,,,,,,,
11975,PERFORMING,MOTORS,0,250,150,300,90.0,,,,,,,
11976,PERFORMING,MOTORS,0,250,150,300,90.0,,,,,,,
11977,PERFORMING,MOTORS,0,250,150,300,90.0,,,,,,,
11978,PERFORMING,MOTORS,0,250,150,300,90.0,,,,,,,
11980,PERFORMING,MOTORS,0,250,150,300,90.0,,,,,,,
11981,PERFORMING,MOTORS,0,250,150,300,90.0,,,,,,,
11982,PERFORMING,MOTORS,0,250,150,300,90.0,,,,,,,
11983,PERFORMING,MOTORS,0,250,150,300,90.0,,,,,,,
11984,PERFORMING,MOTORS,0,250,150,300,90.0,,,,,,,
11985,PERFORMING,MOTORS,0,250,150,300,90.0,,,,,,,
11986,PERFORMING,MOTORS,0,250,150,300,90.0,,,,,,,
11988,PERFORMING,MOTORS,0,250,150,300,90.0,,,,,,,
11989,PERFORMING,MOTORS,0,250,150,300,90.0,,,,,,,
11990,PERFORMING,MOTORS,0,250,150,300,90.0,,,,,,,
11991,PERFORMING,MOTORS,0,250,150,300,90.0,,,,,,,
11992,PERFORMING,MOTORS,0,250,150,300,90.0,,,,,,,
11994,PERFORMING,MOTORS,0,250,150,300,90.0,,,,,,,
11995,PERFORMING,MOTORS,0,250,150,300,90.0,,,,,,,
11996,PERFORMING,MOTORS,0,250,150,300,90.0,,,,,,,
11997,PERFORMING,MOTORS,0,250,150,300,90.0,,,,,,,
11998,PERFORMING,MOTORS,0,250,150,300,90.0,,,,,,,
11999,PERFORMING,MOTORS,0,250,150,300,90.0,,,,,,,
12000,PERFORMING,MOTORS,0,250,150,300,90.0,,,,,,,
12002,PERFORMING,MOTORS,0,250,150,300,90.0,,,,,,,
12003,PERFORMING,MOTORS,0,250,150,300,90.0,,,,,,,
12004,PERFORMING,MOTORS,0,250,150,300,90.0,,,,,,,
12005,PERFORMING,MOTORS,0,250,150,300,90.0,,,,,,,
12006,PERFORMING,MOTORS,0,250,150,300,90.0,,,,,,,
12007,PERFORMING,MOTORS,0,250,150,300,90.0,,,,,,,
12008,PERFORMING,MOTORS,0,250,150,300,90.0,,,,,,,
12010,PERFORMING,MOTORS,0,250,150,300,90.0,,,,,,,
12011,PERFORMING,MOTORS,0,250,150,300,90.0,,,,,,,
12012,PERFORMING,MOTORS,0,250,150,300,90.0,,,,,,,
12013,PERFORMING,MOTORS,0,250,150,300,90.0,,,,,,,
12014,PERFORMING,MOTORS,0,250,150,300,90.0,,,,,,,
12015,PERFORMING,MOTORS,0,250,150,300,90.0,,,,,,,
12017,PERFORMING,MOTORS,0,250,150,300,90.0,,,,,,,
12018,PERFORMING,MOTORS,0,250,150,300,90.0,,,,,,,
12019,PERFORMING,MOTORS,0,250,150,300,90.0,,,,,,,
12020,PERFORMING,MOTORS,0,250,150,300,90.0,,,,,,,
12021,PERFORMING,MOTORS,0,250,150,300,90.0,,,,,,,
12022,PERFORMING,MOTORS,0,250,150,300,90.0,,,,,,,
12023,PERFORMING,MOTORS,0,250,150,300,90.0,,,,,,,
12025,PERFORMING,MOTORS,0,250,150,300,90.0,,,,,,,
12026,PERFORMING,MOTORS,0,250,150,300,90.0,,,,,,,
12027,PERFORMING,MOTORS,0,250,150,300,90.0,,,,,,,
12028,PERFORMING,MOTORS,0,250,150,300,90.0,,,,,,,
12029,PERFORMING,MOTORS,0,250,150,300,90.0,,,,,,,
12030,PERFORMING,MOTORS,0,250,150,300,90.0,,,,,,,
12031,PERFORMING,MOTORS,0,250,150,300,90.0,,,,,,,
12032,PERFORMING,MOTORS,0,250,150,300,90.0,,,,,,,
12034,PERFORMING,MOTORS,0,250,150,300,90.0,,,,,,,
12035,PERFORMING,MOTORS,0,250,150,300,90.0,,,,,,,
12036,PERFORMING,MOTORS,0,250,150,300,90.0,,,,,,,
12037,PERFORMING,MOTORS,0,250,150,300,90.0,,,,,,,
12038,PERFORMING,MOTORS,0,250,150,300,90.0,,,,,,,
12039,PERFORMING,MOTORS,0,250,150,300,90.0,,,,,,,
12040,PERFORMING,MOTORS,0,250,150,300,90.0,,,,,,,
12042,PERFORMING,MOTORS,0,250,150,300,90.0,,,,,,,
12043,PERFORMING,MOTORS,0,250,150,300,90.0,,,,,,,
12044,PERFORMING,MOTORS,0,250,150,300,90.0,,,,,,,
12045,PERFORMING,MOTORS,0,250,150,300,90.0,,,,,,,
12046,PERFORMING,MOTORS,0,250,150,300,90.0,,,,,,,
12047,PERFORMING,MOTORS,0,250,150,300,90.0,,,,,,,
12049,PERFORMING,MOTORS,0,250,150,300,90.0,,,,,,,
12050,PERFORMING,MOTORS,0,250,150,300,90.0,,,,,,,
12051,PERFORMING,MOTORS,0,250,150,300,90.0,,,,,,,
12052,PERFORMING,MOTORS,0,250,150,300,90.0,,,,,,,
12053,PERFORMING,MOTORS,0,250,150,300,90.0,,,,,,,
12055,PERFORMING,MOTORS,0,250,150,300,90.0,,,,,,,
12056,PERFORMING,MOTORS,0,250,150,300,90.0,,,,,,,
12057,PERFORMING,MOTORS,0,250,150,300,90.0,,,,,,,
12058,PERFORMING,MOTORS,0,250,150,300,90.0,,,,,,,
12059,PERFORMING,MOTORS,0,250,150,300,90.0,,,,,,,
12060,PERFORMING,MOTORS,0,250,150,300,90.0,,,,,,,
12062,PERFORMING,MOTORS,0,250,150,300,90.0,,,,,,,
12063,PERFORMING,MOTORS,0,250,150,300,90.0,,,,,,,
12064,PERFORMING,MOTORS,0,250,150,300,90.0,,,,,,,
12065,PERFORMING,MOTORS,0,250,150,300,90.0,,,,,,,
12066,PERFORMING,MOTORS,0,250,150,300,90.0,,,,,,,
12067,PERFORMING,MOTORS,0,250,150,300,90.0,,,,,,,
12068,PERFORMING,MOTORS,0,250,150,300,90.0,,,,,,,
12070,PERFORMING,MOTORS,0,250,150,300,90.0,,,,,,,
12071,PERFORMING,MOTORS,0,250,150,300,90.0,,,,,,,
12072,PERFORMING,MOTORS,0,250,150,300,90.0,,,,,,,
12073,PERFORMING,MOTORS,0,250,150,300,90.0,,,,,,,
12074,PERFORMING,MOTORS,0,250,150,300,90.0,,,,,,,
12075,PERFORMING,MOTORS,0,250,150,300,90.0,,,,,,,
12076,PERFORMING,MOTORS,0,250,150,300,90.0,,,,,,,
12077,PERFORMING,MOTORS,0,250,150,300,90.0,,,,,,,
12079,PERFORMING,MOTORS,0,250,150,300,90.0,,,,,,,
12080,PERFORMING,MOTORS,0,250,150,300,90.0,,,,,,,
12081,PERFORMING,MOTORS,0,250,150,300,90.0,,,,,,,
12082,PERFORMING,MOTORS,0,250,150,300,90.0,,,,,,,
12083,PERFORMING,MOTORS,0,250,150,300,90.0,,,,,,,
12085,PERFORMING,MOTORS,0,250,150,300,90.0,,,,,,,
12086,PERFORMING,MOTORS,0,250,150,300,90.0,,,,,,,
12087,PERFORMING,MOTORS,0,250,150,300,90.0,,,,,,,
12088,PERFORMING,MOTORS,0,250,150,300,90.0,,,,,,,
12089,PERFORMING,MOTORS,0,250,150,300,90.0,,,,,,,
12091,PERFORMING,MOTORS,0,250,150,300,90.0,,,,,,,
12092,PERFORMING,MOTORS,0,250,150,300,90.0,,,,,,,
12093,PERFORMING,MOTORS,0,250,150,300,90.0,,,,,,,
12094,PERFORMING,MOTORS,0,250,150,300,90.0,,,,,,,
12095,PERFORMING,MOTORS,0,250,150,300,90.0,,,,,,,
12096,PERFORMING,MOTORS,0,250,150,300,90.0,,,,,,,
12097,PERFORMING,MOTORS,0,250,150,300,90.0,,,,,,,
12099,PERFORMING,MOTORS,0,250,150,300,90.0,,,,,,,
12100,PERFORMING,MOTORS,0,250,150,300,90.0,,,,,,,
12101,PERFORMING,MOTORS,0,250,150,300,90.0,,,,,,,
12102,PERFORMING,MOTORS,0,250,150,300,90.0,,,,,,,
12103,PERFORMING,MOTORS,0,250,150,300,90.0,,,,,,,
12104,PERFORMING,MOTORS,0,250,150,300,90.0,,,,,,,
12105,PERFORMING,MOTORS,0,250,150,300,90.0,,,,,,,
12106,PERFORMING,MOTORS,0,250,150,300,90.0,,,,,,,
12108,PERFORMING,MOTORS,0,250,150,300,90.0,,,,,,,
12109,PERFORMING,MOTORS,0,250,150,300,90.0,,,,,,,
12110,PERFORMING,MOTORS,0,250,150,300,90.0,,,,,,,
12111,PERFORMING,MOTORS,0,250,150,300,90.0,,,,,,,
12112,PERFORMING,MOTORS,0,250,150,300,90.0,,,,,,,
12113,PERFORMING,MOTORS,0,250,150,300,90.0,,,,,,,
12115,PERFORMING,MOTORS,0,250,150,300,90.0,,,,,,,
12116,PERFORMING,MOTORS,0,250,150,300,90.0,,,,,,,
12117,PERFORMING,MOTORS,0,250,150,300,90.0,,,,,,,
12118,PERFORMING,MOTORS,0,250,150,300,90.0,,,,,,,
12119,PERFORMING,MOTORS,0,250,150,300,90.0,,,,,,,
12120,PERFORMING,MOTORS,0,250,150,300,90.0,,,,,,,
12121,PERFORMING,MOTORS,0,250,150,300,90.0,,,,,,,
12123,PERFORMING,MOTORS,0,250,150,300,90.0,,,,,,,
12124,PERFORMING,MOTORS,0,250,150,300,90.0,,,,,,,
12125,PERFORMING,MOTORS,0,250,150,300,90.0,,,,,,,
12126,PERFORMING,MOTORS,0,250,150,300,90.0,,,,,,,
12127,PERFORMING,MOTORS,0,250,150,300,90.0,,,,,,,
12128,PERFORMING,MOTORS,0,250,150,300,90.0,,,,,,,
12130,PERFORMING,MOTORS,0,250,150,300,90.0,,,,,,,
12131,PERFORMING,MOTORS,0,250,150,300,90.0,,,,,,,
12132,PERFORMING,MOTORS,0,250,150,300,90.0,,,,,,,
12133,PERFORMING,MOTORS,0,250,150,300,90.0,,,,,,,
12134,PERFORMING,MOTORS,0,250,150,300,90.0,,,,,,,
12135,PERFORMING,MOTORS,0,250,150,300,90.0,,,,,,,
12137,PERFORMING,MOTORS,0,250,150,300,90.0,,,,,,,
12138,PERFORMING,MOTORS,0,250,150,300,90.0,,,,,,,
12139,PERFORMING,MOTORS,0,250,150,300,90.0,,,,,,,
12140,PERFORMING,MOTORS,0,250,150,300,90.0,,,,,,,
12141,PERFORMING,MOTORS,0,250,150,300,90.0,,,,,,,
12142,PERFORMING,MOTORS,0,250,150,300,90.0,,,,,,,
12143,PERFORMING,MOTORS,0,250,150,300,90.0,,,,,,,
12144,PERFORMING,MOTORS,0,250,150,300,90.0,,,,,,,
12146,PERFORMING,MOTORS,0,250,150,300,90.0,,,,,,,
12147,PERFORMING,MOTORS,0,250,150,300,90.0,,,,,,,
12148,PERFORMING,MOTORS,0,250,150,300,90.0,,,,,,,
12149,PERFORMING,MOTORS,0,250,150,300,90.0,,,,,,,
12150,PERFORMING,MOTORS,0,250,150,300,90.0,,,,,,,
12151,PERFORMING,MOTORS,0,250,150,300,90.0,,,,,,,
12152,PERFORMING,MOTORS,0,250,150,300,90.0,,,,,,,
12154,PERFORMING,MOTORS,0,250,150,300,90.0,,,,,,,
12155,PERFORMING,MOTORS,0,250,150,300,90.0,,,,,,,
12156,PERFORMING,MOTORS,0,250,150,300,90.0,,,,,,,
12157,PERFORMING,MOTORS,0,250,150,300,90.0,,,,,,,
12158,PERFORMING,MOTORS,0,250,150,300,90.0,,,,,,,
12159,PERFORMING,MOTORS,0,250,150,300,90.0,,,,,,,
12161,PERFORMING,MOTORS,0,250,150,300,90.0,,,,,,,
12162,PERFORMING,MOTORS,0,250,150,300,90.0,,,,,,,
12163,PERFORMING,MOTORS,0,250,150,300,90.0,,,,,,,
12164,PERFORMING,MOTORS,0,250,150,300,90.0,,,,,,,
12165,PERFORMING,MOTORS,0,250,150,300,90.0,,,,,,,
12166,PERFORMING,MOTORS,0,250,150,300,90.0,,,,,,,
12168,PERFORMING,MOTORS,0,250,150,300,90.0,,,,,,,
12169,PERFORMING,MOTORS,0,250,150,300,90.0,,,,,,,
12170,PERFORMING,MOTORS,0,250,150,300,90.0,,,,,,,
12171,PERFORMING,MOTORS,0,250,150,300,90.0,,,,,,,
12172,PERFORMING,MOTORS,0,250,150,300,90.0,,,,,,,
12173,PERFORMING,MOTORS,0,250,150,300,90.0,,,,,,,
12174,PERFORMING,MOTORS,0,250,150,300,90.0,,,,,,,
12176,PERFORMING,MOTORS,0,250,150,300,90.0,,,,,,,
12177,PERFORMING,MOTORS,0,250,150,300,90.0,,,,,,,
12178,PERFORMING,MOTORS,0,250,150,300,90.0,,,,,,,
12179,PERFORMING,MOTORS,0,250,150,300,90.0,,,,,,,
12180,PERFORMING,MOTORS,0,250,150,300,90.0,,,,,,,
12181,PERFORMING,MOTORS,0,250,150,300,90.0,,,,,,,
12182,PERFORMING,MOTORS,0,250,150,300,90.0,,,,,,,
12183,PERFORMING,MOTORS,0,250,150,300,90.0,,,,,,,
12185,PERFORMING,MOTORS,0,250,150,300,90.0,,,,,,,
12186,PERFORMING,MOTORS,0,250,150,300,90.0,,,,,,,
12187,PERFORMING,MOTORS,0,250,150,300,90.0,,,,,,,
12188,PERFORMING,MOTORS,0,250,150,300,90.0,,,,,,,
12189,PERFORMING,MOTORS,0,250,150,300,90.0,,,,,,,
12191,PERFORMING,MOTORS,0,250,150,300,90.0,,,,,,,
12192,PERFORMING,MOTORS,0,250,150,300,90.0,,,,,,,
12193,PERFORMING,MOTORS,0,250,150,300,90.0,,,,,,,
12194,PERFORMING,MOTORS,0,250,150,300,90.0,,,,,,,
12195,PERFORMING,MOTORS,0,250,150,300,90.0,,,,,,,
12196,PERFORMING,MOTORS,0,250,150,300,90.0,,,,,,,
12197,PERFORMING,MOTORS,0,250,150,300,90.0,,,,,,,
12198,PERFORMING,MOTORS,0,250,150,300,90.0,,,,,,,
12200,PERFORMING,MOTORS,0,250,150,300,90.0,,,,,,,
12201,PERFORMING,MOTORS,0,250,150,300,90.0,,,,,,,
12202,PERFORMING,MOTORS,0,250,150,300,90.0,,,,,,,
12203,PERFORMING,MOTORS,0,250,150,300,90.0,,,,,,,
12204,PERFORMING,MOTORS,0,250,150,300,90.0,,,,,,,
12205,PERFORMING,MOTORS,0,250,150,300,90.0,,,,,,,
12206,PERFORMING,MOTORS,0,250,150,300,90.0,,,,,,,
12208,PERFORMING,MOTORS,0,250,150,300,90.0,,,,,,,
12209,PERFORMING,MOTORS,0,250,150,300,90.0,,,,,,,
12210,PERFORMING,MOTORS,0,250,150,300,90.0,,,,,,,
12211,PERFORMING,MOTORS,0,250,150,300,90.0,,,,,,,
12212,PERFORMING,MOTORS,0,250,150,300,90.0,,,,,,,
12213,PERFORMING,MOTORS,0,250,150,300,90.0,,,,,,,
12214,PERFORMING,MOTORS,0,250,150,300,90.0,,,,,,,
12215,PERFORMING,MOTORS,0,250,150,300,90.0,,,,,,,
12216,PERFORMING,MOTORS,0,250,150,300,90.0,,,,,,,
12218,PERFORMING,MOTORS,0,250,150,300,90.0,,,,,,,
12219,PERFORMING,MOTORS,0,250,150,300,90.0,,,,,,,
12220,PERFORMING,MOTORS,0,250,150,300,90.0,,,,,,,
12221,PERFORMING,MOTORS,0,250,150,300,90.0,,,,,,,
12222,PERFORMING,MOTORS,0,250,150,300,90.0,,,,,,,
12223,PERFORMING,MOTORS,0,250,150,300,90.0,,,,,,,
12224,PERFORMING,MOTORS,0,250,150,300,90.0,,,,,,,
12225,PERFORMING,MOTORS,0,250,150,300,90.0,,,,,,,
12227,PERFORMING,MOTORS,0,250,150,300,90.0,,,,,,,
12228,PERFORMING,MOTORS,0,250,150,300,90.0,,,,,,,
12229,PERFORMING,MOTORS,0,250,150,300,90.0,,,,,,,
12230,PERFORMING,MOTORS,0,250,150,300,90.0,,,,,,,
12231,PERFORMING,MOTORS,0,250,150,300,90.0,,,,,,,
12232,PERFORMING,MOTORS,0,250,150,300,90.0,,,,,,,
12233,PERFORMING,MOTORS,0,250,150,300,90.0,,,,,,,
12235,PERFORMING,MOTORS,0,250,150,300,90.0,,,,,,,
12236,PERFORMING,MOTORS,0,250,150,300,90.0,,,,,,,
12237,PERFORMING,MOTORS,0,250,150,300,90.0,,,,,,,
12238,PERFORMING,MOTORS,0,250,150,300,90.0,,,,,,,
12239,PERFORMING,MOTORS,0,250,150,300,90.0,,,,,,,
12240,PERFORMING,MOTORS,0,250,150,300,90.0,,,,,,,
12241,PERFORMING,MOTORS,0,250,150,300,90.0,,,,,,,
12242,PERFORMING,MOTORS,0,250,150,300,90.0,,,,,,,
12244,PERFORMING,MOTORS,0,250,150,300,90.0,,,,,,,
12245,PERFORMING,MOTORS,0,250,150,300,90.0,,,,,,,
12246,PERFORMING,MOTORS,0,250,150,300,90.0,,,,,,,
12247,PERFORMING,MOTORS,0,250,150,300,90.0,,,,,,,
12248,PERFORMING,MOTORS,0,250,150,300,90.0,,,,,,,
12249,PERFORMING,MOTORS,0,250,150,300,90.0,,,,,,,
12250,PERFORMING,MOTORS,0,250,150,300,90.0,,,,,,,
12252,PERFORMING,MOTORS,0,250,150,300,90.0,,,,,,,
12253,PERFORMING,MOTORS,0,250,150,300,90.0,,,,,,,
12254,PERFORMING,MOTORS,0,250,150,300,90.0,,,,,,,
12255,PERFORMING,MOTORS,0,250,150,300,90.0,,,,,,,
12256,PERFORMING,MOTORS,0,250,150,300,90.0,,,,,,,
12257,PERFORMING,MOTORS,0,250,150,300,90.0,,,,,,,
12258,PERFORMING,MOTORS,0,250,150,300,90.0,,,,,,,
12259,PERFORMING,MOTORS,0,250,150,300,90.0,,,,,,,
12260,PERFORMING,MOTORS,0,250,150,300,90.0,,,,,,,
12262,PERFORMING,MOTORS,0,250,150,300,90.0,,,,,,,
12263,PERFORMING,MOTORS,0,250,150,300,90.0,,,,,,,
12264,PERFORMING,MOTORS,0,250,150,300,90.0,,,,,,,
12265,PERFORMING,MOTORS,0,250,150,300,90.0,,,,,,,
12266,PERFORMING,MOTORS,0,250,150,300,90.0,,,,,,,
12267,PERFORMING,MOTORS,0,250,150,300,90.0,,,,,,,
12268,PERFORMING,MOTORS,0,250,150,300,90.0,,,,,,,
12269,PERFORMING,MOTORS,0,250,150,300,90.0,,,,,,,
12271,PERFORMING,MOTORS,0,250,150,300,90.0,,,,,,,
12272,PERFORMING,MOTORS,0,250,150,300,90.0,,,,,,,
12273,PERFORMING,MOTORS,0,250,150,300,90.0,,,,,,,
12274,PERFORMING,MOTORS,0,250,150,300,90.0,,,,,,,
12275,PERFORMING,MOTORS,0,250,150,300,90.0,,,,,,,
12276,PERFORMING,MOTORS,0,250,150,300,90.0,,,,,,,
12278,PERFORMING,MOTORS,0,250,150,300,90.0,,,,,,,
12279,PERFORMING,MOTORS,0,250,150,300,90.0,,,,,,,
12280,PERFORMING,MOTORS,0,250,150,300,90.0,,,,,,,
12281,PERFORMING,MOTORS,0,250,150,300,90.0,,,,,,,
12282,PERFORMING,MOTORS,0,250,150,300,90.0,,,,,,,
12283,PERFORMING,MOTORS,0,250,150,300,90.0,,,,,,,
12284,PERFORMING,MOTORS,0,250,150,300,90.0,,,,,,,
12285,PERFORMING,MOTORS,0,250,150,300,90.0,,,,,,,
12286,PERFORMING,MOTORS,0,250,150,300,90.0,,,,,,,
12288,PERFORMING,MOTORS,0,250,150,300,90.0,,,,,,,
12289,PERFORMING,MOTORS,0,250,150,300,90.0,,,,,,,
12290,PERFORMING,MOTORS,0,250,150,300,90.0,,,,,,,
12291,PERFORMING,MOTORS,0,250,150,300,90.0,,,,,,,
12292,PERFORMING,MOTORS,0,250,150,300,90.0,,,,,,,
12293,PERFORMING,MOTORS,0,250,150,300,90.0,,,,,,,
12295,PERFORMING,MOTORS,0,250,150,300,90.0,,,,,,,
12296,PERFORMING,MOTORS,0,250,150,300,90.0,,,,,,,
12297,PERFORMING,MOTORS,0,250,150,300,90.0,,,,,,,
12298,PERFORMING,MOTORS,0,250,150,300,90.0,,,,,,,
12299,PERFORMING,MOTORS,0,250,150,300,90.0,,,,,,,
12300,PERFORMING,MOTORS,0,250,150,300,90.0,,,,,,,
12302,PERFORMING,MOTORS,0,250,150,300,90.0,,,,,,,
12303,PERFORMING,MOTORS,0,250,150,300,90.0,,,,,,,
12304,PERFORMING,MOTORS,0,250,150,300,90.0,,,,,,,
12305,PERFORMING,MOTORS,0,250,150,300,90.0,,,,,,,
12306,PERFORMING,MOTORS,0,250,150,300,90.0,,,,,,,
12307,PERFORMING,MOTORS,0,250,150,300,90.0,,,,,,,
12308,PERFORMING,MOTORS,0,250,150,300,90.0,,,,,,,
12310,PERFORMING,MOTORS,0,250,150,300,90.0,,,,,,,
12311,PERFORMING,MOTORS,0,250,150,300,90.0,,,,,,,
12312,PERFORMING,MOTORS,0,250,150,300,90.0,,,,,,,
12313,PERFORMING,MOTORS,0,250,150,300,90.0,,,,,,,
12314,PERFORMING,MOTORS,0,250,150,300,90.0,,,,,,,
12315,PERFORMING,MOTORS,0,250,150,300,90.0,,,,,,,
12316,PERFORMING,MOTORS,0,250,150,300,90.0,,,,,,,
12317,PERFORMING,MOTORS,0,250,150,300,90.0,,,,,,,
12319,PERFORMING,MOTORS,0,250,150,300,90.0,,,,,,,
12320,PERFORMING,MOTORS,0,250,150,300,90.0,,,,,,,
12321,PERFORMING,MOTORS,0,250,150,300,90.0,,,,,,,
12322,PERFORMING,MOTORS,0,250,150,300,90.0,,,,,,,
12323,PERFORMING,MOTORS,0,250,150,300,90.0,,,,,,,
12324,PERFORMING,MOTORS,0,250,150,300,90.0,,,,,,,
12325,PERFORMING,MOTORS,0,250,150,300,90.0,,,,,,,
12327,PERFORMING,MOTORS,0,250,150,300,90.0,,,,,,,
12328,PERFORMING,MOTORS,0,250,150,300,90.0,,,,,,,
12329,PERFORMING,MOTORS,0,250,150,300,90.0,,,,,,,
12330,PERFORMING,MOTORS,0,250,150,300,90.0,,,,,,,
12331,PERFORMING,MOTORS,0,250,150,300,90.0,,,,,,,
12332,PERFORMING,MOTORS,0,250,150,300,90.0,,,,,,,
12333,PERFORMING,MOTORS,0,250,150,300,90.0,,,,,,,
12335,PERFORMING,MOTORS,0,250,150,300,90.0,,,,,,,
12336,PERFORMING,MOTORS,0,250,150,300,90.0,,,,,,,
12337,PERFORMING,MOTORS,0,250,150,300,90.0,,,,,,,
12338,PERFORMING,MOTORS,0,250,150,300,90.0,,,,,,,
12339,PERFORMING,MOTORS,0,250,150,300,90.0,,,,,,,
12340,PERFORMING,MOTORS,0,250,150,300,90.0,,,,,,,
12341,PERFORMING,MOTORS,0,250,150,300,90.0,,,,,,,
12342,PERFORMING,MOTORS,0,250,150,300,90.0,,,,,,,
12344,PERFORMING,MOTORS,0,250,150,300,90.0,,,,,,,
12345,PERFORMING,MOTORS,0,250,150,300,90.0,,,,,,,
12346,PERFORMING,MOTORS,0,250,150,300,90.0,,,,,,,
12347,PERFORMING,MOTORS,0,250,150,300,90.0,,,,,,,
12348,PERFORMING,MOTORS,0,250,150,300,90.0,,,,,,,
12349,PERFORMING,MOTORS,0,250,150,300,90.0,,,,,,,
12351,PERFORMING,MOTORS,0,250,150,300,90.0,,,,,,,
12352,PERFORMING,MOTORS,0,250,150,300,90.0,,,,,,,
12353,PERFORMING,MOTORS,0,250,150,300,90.0,,,,,,,
12354,PERFORMING,MOTORS,0,250,150,300,90.0,,,,,,,
12355,PERFORMING,MOTORS,0,250,150,300,90.0,,,,,,,
12356,PERFORMING,MOTORS,0,250,150,300,90.0,,,,,,,
12358,PERFORMING,MOTORS,0,250,150,300,90.0,,,,,,,
12359,PERFORMING,MOTORS,0,250,150,300,90.0,,,,,,,
12360,PERFORMING,MOTORS,0,250,150,300,90.0,,,,,,,
12361,PERFORMING,MOTORS,0,250,150,300,90.0,,,,,,,
12362,PERFORMING,MOTORS,0,250,150,300,90.0,,,,,,,
12363,PERFORMING,MOTORS,0,250,150,300,90.0,,,,,,,
12365,PERFORMING,MOTORS,0,250,150,300,90.0,,,,,,,
12366,PERFORMING,MOTORS,0,250,150,300,90.0,,,,,,,
12367,PERFORMING,MOTORS,0,250,150,300,90.0,,,,,,,
12368,PERFORMING,MOTORS,0,250,150,300,90.0,,,,,,,
12369,PERFORMING,MOTORS,0,250,150,300,90.0,,,,,,,
12370,PERFORMING,MOTORS,0,250,150,300,90.0,,,,,,,
12371,PERFORMING,MOTORS,0,250,150,300,90.0,,,,,,,
12373,PERFORMING,MOTORS,0,250,150,300,90.0,,,,,,,
12374,PERFORMING,MOTORS,0,250,150,300,90.0,,,,,,,
12375,PERFORMING,MOTORS,0,250,150,300,90.0,,,,,,,
12376,PERFORMING,MOTORS,0,250,150,300,90.0,,,,,,,
12377,PERFORMING,MOTORS,0,250,150,300,90.0,,,,,,,
12379,PERFORMING,MOTORS,0,250,150,300,90.0,,,,,,,
12380,PERFORMING,MOTORS,0,250,150,300,90.0,,,,,,,
12381,PERFORMING,MOTORS,0,250,150,300,90.0,,,,,,,
12382,PERFORMING,MOTORS,0,250,150,300,90.0,,,,,,,
12383,PERFORMING,MOTORS,0,250,150,300,90.0,,,,,,,
12384,PERFORMING,MOTORS,0,250,150,300,90.0,,,,,,,
12386,PERFORMING,MOTORS,0,250,150,300,90.0,,,,,,,
12387,PERFORMING,MOTORS,0,250,150,300,90.0,,,,,,,
12388,PERFORMING,MOTORS,0,250,150,300,90.0,,,,,,,
12389,PERFORMING,MOTORS,0,250,150,300,90.0,,,,,,,
12390,PERFORMING,MOTORS,0,250,150,300,90.0,,,,,,,
12391,PERFORMING,MOTORS,0,250,150,300,90.0,,,,,,,
12392,PERFORMING,MOTORS,0,250,150,300,90.0,,,,,,,
12394,PERFORMING,MOTORS,0,250,150,300,90.0,,,,,,,
12395,PERFORMING,MOTORS,0,250,150,300,90.0,,,,,,,
12396,PERFORMING,MOTORS,0,250,150,300,90.0,,,,,,,
12397,PERFORMING,MOTORS,0,250,150,300,90.0,,,,,,,
12398,PERFORMING,MOTORS,0,250,150,300,90.0,,,,,,,
12399,PERFORMING,MOTORS,0,250,150,300,90.0,,,,,,,
12400,PERFORMING,MOTORS,0,250,150,300,90.0,,,,,,,
12402,PERFORMING,MOTORS,0,250,150,300,90.0,,,,,,,
12403,PERFORMING,MOTORS,0,250,150,300,90.0,,,,,,,
12404,PERFORMING,MOTORS,0,250,150,300,90.0,,,,,,,
12405,PERFORMING,MOTORS,0,250,150,300,90.0,,,,,,,
12406,PERFORMING,MOTORS,0,250,150,300,90.0,,,,,,,
12407,PERFORMING,MOTORS,0,250,150,300,90.0,,,,,,,
12408,PERFORMING,MOTORS,0,250,150,300,90.0,,,,,,,
12410,PERFORMING,MOTORS,0,250,150,300,90.0,,,,,,,
12411,PERFORMING,MOTORS,0,250,150,300,90.0,,,,,,,
12412,PERFORMING,MOTORS,0,250,150,300,90.0,,,,,,,
12413,PERFORMING,MOTORS,0,250,150,300,90.0,,,,,,,
12414,PERFORMING,MOTORS,0,250,150,300,90.0,,,,,,,
12415,PERFORMING,MOTORS,0,250,150,300,90.0,,,,,,,
12417,PERFORMING,MOTORS,0,250,150,300,90.0,,,,,,,
12418,PERFORMING,MOTORS,0,250,150,300,90.0,,,,,,,
12419,PERFORMING,MOTORS,0,250,150,300,90.0,,,,,,,
12420,PERFORMING,MOTORS,0,250,150,300,90.0,,,,,,,
12421,PERFORMING,MOTORS,0,250,150,300,90.0,,,,,,,
12423,PERFORMING,MOTORS,0,250,150,300,90.0,,,,,,,
12424,PERFORMING,MOTORS,0,250,150,300,90.0,,,,,,,
12425,PERFORMING,MOTORS,0,250,150,300,90.0,,,,,,,
12426,PERFORMING,MOTORS,0,250,150,300,90.0,,,,,,,
12427,PERFORMING,MOTORS,0,250,150,300,90.0,,,,,,,
12428,PERFORMING,MOTORS,0,250,150,300,90.0,,,,,,,
12429,PERFORMING,MOTORS,0,250,150,300,90.0,,,,,,,
12431,PERFORMING,MOTORS,0,250,150,300,90.0,,,,,,,
12432,PERFORMING,MOTORS,0,250,150,300,90.0,,,,,,,
12433,PERFORMING,MOTORS,0,250,150,300,90.0,,,,,,,
12434,PERFORMING,MOTORS,0,250,150,300,90.0,,,,,,,
12435,PERFORMING,MOTORS,0,250,150,300,90.0,,,,,,,
12436,PERFORMING,MOTORS,0,250,150,300,90.0,,,,,,,
12437,PERFORMING,MOTORS,0,250,150,300,90.0,,,,,,,
12438,PERFORMING,MOTORS,0,250,150,300,90.0,,,,,,,
12439,PERFORMING,MOTORS,0,250,150,300,90.0,,,,,,,
12440,PERFORMING,MOTORS,0,250,150,300,90.0,,,,,,,
12442,PERFORMING,MOTORS,0,250,150,300,90.0,,,,,,,
12443,PERFORMING,MOTORS,0,250,150,300,90.0,,,,,,,
12444,PERFORMING,MOTORS,0,250,150,300,90.0,,,,,,,
12445,PERFORMING,MOTORS,0,250,150,300,90.0,,,,,,,
12446,PERFORMING,MOTORS,0,250,150,300,90.0,,,,,,,
12447,PERFORMING,MOTORS,0,250,150,300,90.0,,,,,,,
12449,PERFORMING,MOTORS,0,250,150,300,90.0,,,,,,,
12450,PERFORMING,MOTORS,0,250,150,300,90.0,,,,,,,
12451,PERFORMING,MOTORS,0,250,150,300,90.0,,,,,,,
12452,PERFORMING,MOTORS,0,250,150,300,90.0,,,,,,,
12453,PERFORMING,MOTORS,0,250,150,300,90.0,,,,,,,
12454,PERFORMING,MOTORS,0,250,150,300,90.0,,,,,,,
12455,PERFORMING,MOTORS,0,250,150,300,90.0,,,,,,,
12457,PERFORMING,MOTORS,0,250,150,300,90.0,,,,,,,
12458,PERFORMING,MOTORS,0,250,150,300,90.0,,,,,,,
12459,PERFORMING,MOTORS,0,250,150,300,90.0,,,,,,,
12460,PERFORMING,MOTORS,0,250,150,300,90.0,,,,,,,
12461,PERFORMING,MOTORS,0,250,150,300,90.0,,,,,,,
12462,PERFORMING,MOTORS,0,250,150,300,90.0,,,,,,,
12463,PERFORMING,MOTORS,0,250,150,300,90.0,,,,,,,
12464,PERFORMING,MOTORS,0,250,150,300,90.0,,,,,,,
12466,PERFORMING,MOTORS,0,250,150,300,90.0,,,,,,,
12467,PERFORMING,MOTORS,0,250,150,300,90.0,,,,,,,
12468,PERFORMING,MOTORS,0,250,150,300,90.0,,,,,,,
12469,PERFORMING,MOTORS,0,250,150,300,90.0,,,,,,,
12470,PERFORMING,MOTORS,0,250,150,300,90.0,,,,,,,
12471,PERFORMING,MOTORS,0,250,150,300,90.0,,,,,,,
12472,PERFORMING,MOTORS,0,250,150,300,90.0,,,,,,,
12474,PERFORMING,MOTORS,0,250,150,300,90.0,,,,,,,
12475,PERFORMING,MOTORS,0,250,150,300,90.0,,,,,,,
12476,PERFORMING,MOTORS,0,250,150,300,90.0,,,,,,,
12477,PERFORMING,MOTORS,0,250,150,300,90.0,,,,,,,
12478,PERFORMING,MOTORS,0,250,150,300,90.0,,,,,,,
12479,PERFORMING,MOTORS,0,250,150,300,90.0,,,,,,,
12481,PERFORMING,MOTORS,0,250,150,300,90.0,,,,,,,
12482,PERFORMING,MOTORS,0,250,150,300,90.0,,,,,,,
12483,PERFORMING,MOTORS,0,250,150,300,90.0,,,,,,,
12484,PERFORMING,MOTORS,0,250,150,300,90.0,,,,,,,
12485,PERFORMING,MOTORS,0,250,150,300,90.0,,,,,,,
12486,PERFORMING,MOTORS,0,250,150,300,90.0,,,,,,,
12488,PERFORMING,MOTORS,0,250,150,300,90.0,,,,,,,
12489,PERFORMING,MOTORS,0,250,150,300,90.0,,,,,,,
12490,PERFORMING,MOTORS,0,250,150,300,90.0,,,,,,,
12491,PERFORMING,MOTORS,0,250,150,300,90.0,,,,,,,
12492,PERFORMING,MOTORS,0,250,150,300,90.0,,,,,,,
12493,PERFORMING,MOTORS,0,250,150,300,90.0,,,,,,,
12495,PERFORMING,MOTORS,0,250,150,300,90.0,,,,,,,
12496,PERFORMING,MOTORS,0,250,150,300,90.0,,,,,,,
12497,PERFORMING,MOTORS,0,250,150,300,90.0,,,,,,,
12498,PERFORMING,MOTORS,0,250,150,300,90.0,,,,,,,
12499,PERFORMING,MOTORS,0,250,150,300,90.0,,,,,,,
12501,PERFORMING,MOTORS,0,250,150,300,90.0,,,,,,,
12502,PERFORMING,MOTORS,0,250,150,300,90.0,,,,,,,
12503,PERFORMING,MOTORS,0,250,150,300,90.0,,,,,,,
12504,PERFORMING,MOTORS,0,250,150,300,90.0,,,,,,,
12505,PERFORMING,MOTORS,0,250,150,300,90.0,,,,,,,
12506,PERFORMING,MOTORS,0,250,150,300,90.0,,,,,,,
12507,PERFORMING,MOTORS,0,250,150,300,90.0,,,,,,,
12508,PERFORMING,MOTORS,0,250,150,300,90.0,,,,,,,
12509,PERFORMING,MOTORS,0,250,150,300,90.0,,,,,,,
12510,PERFORMING,MOTORS,0,250,150,300,90.0,,,,,,,
12512,PERFORMING,MOTORS,0,250,150,300,90.0,,,,,,,
12513,PERFORMING,MOTORS,0,250,150,300,90.0,,,,,,,
12514,PERFORMING,MOTORS,0,250,150,300,90.0,,,,,,,
12515,PERFORMING,MOTORS,0,250,150,300,90.0,,,,,,,
12516,PERFORMING,MOTORS,0,250,150,300,90.0,,,,,,,
12517,PERFORMING,MOTORS,0,250,150,300,90.0,,,,,,,
12518,PERFORMING,MOTORS,0,250,150,300,90.0,,,,,,,
12519,PERFORMING,MOTORS,0,250,150,300,90.0,,,,,,,
12521,PERFORMING,MOTORS,0,250,150,300,90.0,,,,,,,
12522,PERFORMING,MOTORS,0,250,150,300,90.0,,,,,,,
12523,PERFORMING,MOTORS,0,250,150,300,90.0,,,,,,,
12524,PERFORMING,MOTORS,0,250,150,300,90.0,,,,,,,
12525,PERFORMING,MOTORS,0,250,150,300,90.0,,,,,,,
12526,PERFORMING,MOTORS,0,250,150,300,90.0,,,,,,,
12527,PERFORMING,MOTORS,0,250,150,300,90.0,,,,,,,
12528,PERFORMING,MOTORS,0,250,150,300,90.0,,,,,,,
12530,PERFORMING,MOTORS,0,250,150,300,90.0,,,,,,,
12531,PERFORMING,MOTORS,0,250,150,300,90.0,,,,,,,
12532,PERFORMING,MOTORS,0,250,150,300,90.0,,,,,,,
12533,PERFORMING,MOTORS,0,250,150,300,90.0,,,,,,,
12534,PERFORMING,MOTORS,0,250,150,300,90.0,,,,,,,
12535,PERFORMING,MOTORS,0,250,150,300,90.0,,,,,,,
12536,PERFORMING,MOTORS,0,250,150,300,90.0,,,,,,,
12538,PERFORMING,MOTORS,0,250,150,300,90.0,,,,,,,
12539,PERFORMING,MOTORS,0,250,150,300,90.0,,,,,,,
12540,PERFORMING,MOTORS,0,250,150,300,90.0,,,,,,,
12541,PERFORMING,MOTORS,0,250,150,300,90.0,,,,,,,
12542,PERFORMING,MOTORS,0,250,150,300,90.0,,,,,,,
12543,PERFORMING,MOTORS,0,250,150,300,90.0,,,,,,,
12544,PERFORMING,MOTORS,0,250,150,300,90.0,,,,,,,
12546,PERFORMING,MOTORS,0,250,150,300,90.0,,,,,,,
12547,PERFORMING,MOTORS,0,250,150,300,90.0,,,,,,,
12548,PERFORMING,MOTORS,0,250,150,300,90.0,,,,,,,
12549,PERFORMING,MOTORS,0,250,150,300,90.0,,,,,,,
12550,PERFORMING,MOTORS,0,250,150,300,90.0,,,,,,,
12551,PERFORMING,MOTORS,0,250,150,300,90.0,,,,,,,
12553,PERFORMING,MOTORS,0,250,150,300,90.0,,,,,,,
12554,PERFORMING,MOTORS,0,250,150,300,90.0,,,,,,,
12555,PERFORMING,MOTORS,0,250,150,300,90.0,,,,,,,
12556,PERFORMING,MOTORS,0,250,150,300,90.0,,,,,,,
12557,PERFORMING,MOTORS,0,250,150,300,90.0,,,,,,,
12558,PERFORMING,MOTORS,0,250,150,300,90.0,,,,,,,
12560,PERFORMING,MOTORS,0,250,150,300,90.0,,,,,,,
12561,PERFORMING,MOTORS,0,250,150,300,90.0,,,,,,,
12562,PERFORMING,MOTORS,0,250,150,300,90.0,,,,,,,
12563,PERFORMING,MOTORS,0,250,150,300,90.0,,,,,,,
12564,PERFORMING,MOTORS,0,250,150,300,90.0,,,,,,,
12565,PERFORMING,MOTORS,0,250,150,300,90.0,,,,,,,
12566,PERFORMING,MOTORS,0,250,150,300,90.0,,,,,,,
12567,PERFORMING,MOTORS,0,250,150,300,90.0,,,,,,,
12568,PERFORMING,MOTORS,0,250,150,300,90.0,,,,,,,
12570,PERFORMING,MOTORS,0,250,150,300,90.0,,,,,,,
12571,PERFORMING,MOTORS,0,250,150,300,90.0,,,,,,,
12572,PERFORMING,MOTORS,0,250,150,300,90.0,,,,,,,
12573,PERFORMING,MOTORS,0,250,150,300,90.0,,,,,,,
12574,PERFORMING,MOTORS,0,250,150,300,90.0,,,,,,,
12575,PERFORMING,MOTORS,0,250,150,300,90.0,,,,,,,
12576,PERFORMING,MOTORS,0,250,150,300,90.0,,,,,,,
12577,PERFORMING,MOTORS,0,250,150,300,90.0,,,,,,,
12579,PERFORMING,MOTORS,0,250,150,300,90.0,,,,,,,
12580,PERFORMING,MOTORS,0,250,150,300,90.0,,,,,,,
12581,PERFORMING,MOTORS,0,250,150,300,90.0,,,,,,,
12582,PERFORMING,MOTORS,0,250,150,300,90.0,,,,,,,
12583,PERFORMING,MOTORS,0,250,150,300,90.0,,,,,,,
12584,PERFORMING,MOTORS,0,250,150,300,90.0,,,,,,,
12586,PERFORMING,MOTORS,0,250,150,300,90.0,,,,,,,
12587,PERFORMING,MOTORS,0,250,150,300,90.0,,,,,,,
12588,PERFORMING,MOTORS,0,250,150,300,90.0,,,,,,,
12589,PERFORMING,MOTORS,0,250,150,300,90.0,,,,,,,
12590,PERFORMING,MOTORS,0,250,150,300,90.0,,,,,,,
12591,PERFORMING,MOTORS,0,250,150,300,90.0,,,,,,,
12593,PERFORMING,MOTORS,0,250,150,300,90.0,,,,,,,
12594,PERFORMING,MOTORS,0,250,150,300,90.0,,,,,,,
12595,PERFORMING,MOTORS,0,250,150,300,90.0,,,,,,,
12596,PERFORMING,MOTORS,0,250,150,300,90.0,,,,,,,
12597,PERFORMING,MOTORS,0,250,150,300,90.0,,,,,,,
12598,PERFORMING,MOTORS,0,250,150,300,90.0,,,,,,,
12599,PERFORMING,MOTORS,0,250,150,300,90.0,,,,,,,
12601,PERFORMING,MOTORS,0,250,150,300,90.0,,,,,,,
12602,PERFORMING,MOTORS,0,250,150,300,90.0,,,,,,,
12603,PERFORMING,MOTORS,0,250,150,300,90.0,,,,,,,
12604,PERFORMING,MOTORS,0,250,150,300,90.0,,,,,,,
12605,PERFORMING,MOTORS,0,250,150,300,90.0,,,,,,,
12606,PERFORMING,MOTORS,0,250,150,300,90.0,,,,,,,
12607,PERFORMING,MOTORS,0,250,150,300,90.0,,,,,,,
12609,PERFORMING,MOTORS,0,250,150,300,90.0,,,,,,,
12610,PERFORMING,MOTORS,0,250,150,300,90.0,,,,,,,
12611,PERFORMING,MOTORS,0,250,150,300,90.0,,,,,,,
12612,PERFORMING,MOTORS,0,250,150,300,90.0,,,,,,,
12613,PERFORMING,MOTORS,0,250,150,300,90.0,,,,,,,
12614,PERFORMING,MOTORS,0,250,150,300,90.0,,,,,,,
12616,PERFORMING,MOTORS,0,250,150,300,90.0,,,,,,,
12617,PERFORMING,MOTORS,0,250,150,300,90.0,,,,,,,
12618,PERFORMING,MOTORS,0,250,150,300,90.0,,,,,,,
12619,PERFORMING,MOTORS,0,250,150,300,90.0,,,,,,,
12620,PERFORMING,MOTORS,0,250,150,300,90.0,,,,,,,
12621,PERFORMING,MOTORS,0,250,150,300,90.0,,,,,,,
12622,PERFORMING,MOTORS,0,250,150,300,90.0,,,,,,,
12624,PERFORMING,MOTORS,0,250,150,300,90.0,,,,,,,
12625,PERFORMING,MOTORS,0,250,150,300,90.0,,,,,,,
12626,PERFORMING,MOTORS,0,250,150,300,90.0,,,,,,,
12627,PERFORMING,MOTORS,0,250,150,300,90.0,,,,,,,
12628,PERFORMING,MOTORS,0,250,150,300,90.0,,,,,,,
12629,PERFORMING,MOTORS,0,250,150,300,90.0,,,,,,,
12630,PERFORMING,MOTORS,0,250,150,300,90.0,,,,,,,
12632,PERFORMING,MOTORS,0,250,150,300,90.0,,,,,,,
12633,PERFORMING,MOTORS,0,250,150,300,90.0,,,,,,,
12634,PERFORMING,MOTORS,0,250,150,300,90.0,,,,,,,
12635,PERFORMING,MOTORS,0,250,150,300,90.0,,,,,,,
12636,PERFORMING,MOTORS,0,250,150,300,90.0,,,,,,,
12637,PERFORMING,MOTORS,0,250,150,300,90.0,,,,,,,
12639,PERFORMING,MOTORS,0,250,150,300,90.0,,,,,,,
12640,PERFORMING,MOTORS,0,250,150,300,90.0,,,,,,,
12641,PERFORMING,MOTORS,0,250,150,300,90.0,,,,,,,
12642,PERFORMING,MOTORS,0,250,150,300,90.0,,,,,,,
12643,PERFORMING,MOTORS,0,250,150,300,90.0,,,,,,,
12644,PERFORMING,MOTORS,0,250,150,300,90.0,,,,,,,
12645,PERFORMING,MOTORS,0,250,150,300,90.0,,,,,,,
12646,PERFORMING,MOTORS,0,250,150,300,90.0,,,,,,,
12648,PERFORMING,MOTORS,0,250,150,300,90.0,,,,,,,
12649,PERFORMING,MOTORS,0,250,150,300,90.0,,,,,,,
12650,PERFORMING,MOTORS,0,250,150,300,90.0,,,,,,,
12651,PERFORMING,MOTORS,0,250,150,300,90.0,,,,,,,
12652,PERFORMING,MOTORS,0,250,150,300,90.0,,,,,,,
12653,PERFORMING,MOTORS,0,250,150,300,90.0,,,,,,,
12654,PERFORMING,MOTORS,0,250,150,300,90.0,,,,,,,
12656,PERFORMING,MOTORS,0,250,150,300,90.0,,,,,,,
12657,PERFORMING,MOTORS,0,250,150,300,90.0,,,,,,,
12658,PERFORMING,MOTORS,0,250,150,300,90.0,,,,,,,
12659,PERFORMING,MOTORS,0,250,150,300,90.0,,,,,,,
12660,PERFORMING,MOTORS,0,250,150,300,90.0,,,,,,,
12661,PERFORMING,MOTORS,0,250,150,300,90.0,,,,,,,
12662,PERFORMING,MOTORS,0,250,150,300,90.0,,,,,,,
12663,PERFORMING,MOTORS,0,250,150,300,90.0,,,,,,,
12664,PERFORMING,MOTORS,0,250,150,300,90.0,,,,,,,
12666,PERFORMING,MOTORS,0,250,150,300,90.0,,,,,,,
12667,PERFORMING,MOTORS,0,250,150,300,90.0,,,,,,,
12668,PERFORMING,MOTORS,0,250,150,300,90.0,,,,,,,
12669,PERFORMING,MOTORS,0,250,150,300,90.0,,,,,,,
12670,PERFORMING,MOTORS,0,250,150,300,90.0,,,,,,,
12672,PERFORMING,MOTORS,0,250,150,300,90.0,,,,,,,
12673,PERFORMING,MOTORS,0,250,150,300,90.0,,,,,,,
12674,PERFORMING,MOTORS,0,250,150,300,90.0,,,,,,,
12675,PERFORMING,MOTORS,0,250,150,300,90.0,,,,,,,
12676,PERFORMING,MOTORS,0,250,150,300,90.0,,,,,,,
12677,PERFORMING,MOTORS,0,250,150,300,90.0,,,,,,,
12678,PERFORMING,MOTORS,0,250,150,300,90.0,,,,,,,
12680,PERFORMING,MOTORS,0,250,150,300,90.0,,,,,,,
12681,PERFORMING,MOTORS,0,250,150,300,90.0,,,,,,,
12682,PERFORMING,MOTORS,0,250,150,300,90.0,,,,,,,
12683,PERFORMING,MOTORS,0,250,150,300,90.0,,,,,,,
12684,PERFORMING,MOTORS,0,250,150,300,90.0,,,,,,,
12685,PERFORMING,MOTORS,0,250,150,300,90.0,,,,,,,
12687,PERFORMING,MOTORS,0,250,150,300,90.0,,,,,,,
12688,PERFORMING,MOTORS,0,250,150,300,90.0,,,,,,,
12689,PERFORMING,MOTORS,0,250,150,300,90.0,,,,,,,
12690,PERFORMING,MOTORS,0,250,150,300,90.0,,,,,,,
12691,PERFORMING,MOTORS,0,250,150,300,90.0,,,,,,,
12692,PERFORMING,MOTORS,0,250,150,300,90.0,,,,,,,
12693,PERFORMING,MOTORS,0,250,150,300,90.0,,,,,,,
12694,PERFORMING,MOTORS,0,250,150,300,90.0,,,,,,,
12696,PERFORMING,MOTORS,0,250,150,300,90.0,,,,,,,
12697,PERFORMING,MOTORS,0,250,150,300,90.0,,,,,,,
12698,PERFORMING,MOTORS,0,250,150,300,90.0,,,,,,,
12699,PERFORMING,MOTORS,0,250,150,300,90.0,,,,,,,
12700,PERFORMING,MOTORS,0,250,150,300,90.0,,,,,,,
12701,PERFORMING,MOTORS,0,250,150,300,90.0,,,,,,,
12702,PERFORMING,MOTORS,0,250,150,300,90.0,,,,,,,
12703,PERFORMING,MOTORS,0,250,150,300,90.0,,,,,,,
12705,PERFORMING,MOTORS,0,250,150,300,90.0,,,,,,,
12706,PERFORMING,MOTORS,0,250,150,300,90.0,,,,,,,
12707,PERFORMING,MOTORS,0,250,150,300,90.0,,,,,,,
12708,PERFORMING,MOTORS,0,250,150,300,90.0,,,,,,,
12709,PERFORMING,MOTORS,0,250,150,300,90.0,,,,,,,
12710,PERFORMING,MOTORS,0,250,150,300,90.0,,,,,,,
12711,PERFORMING,MOTORS,0,250,150,300,90.0,,,,,,,
12712,PERFORMING,MOTORS,0,250,150,300,90.0,,,,,,,
12714,PERFORMING,MOTORS,0,250,150,300,90.0,,,,,,,
12715,PERFORMING,MOTORS,0,250,150,300,90.0,,,,,,,
12716,PERFORMING,MOTORS,0,250,150,300,90.0,,,,,,,
12717,PERFORMING,MOTORS,0,250,150,300,90.0,,,,,,,
12718,PERFORMING,MOTORS,0,250,150,300,90.0,,,,,,,
12719,PERFORMING,MOTORS,0,250,150,300,90.0,,,,,,,
12720,PERFORMING,MOTORS,0,250,150,300,90.0,,,,,,,
12721,PERFORMING,MOTORS,0,250,150,300,90.0,,,,,,,
12723,PERFORMING,MOTORS,0,250,150,300,90.0,,,,,,,
12724,PERFORMING,MOTORS,0,250,150,300,90.0,,,,,,,
12725,PERFORMING,MOTORS,0,250,150,300,90.0,,,,,,,
12726,PERFORMING,MOTORS,0,250,150,300,90.0,,,,,,,
12727,PERFORMING,MOTORS,0,250,150,300,90.0,,,,,,,
12728,PERFORMING,MOTORS,0,250,150,300,90.0,,,,,,,
12729,PERFORMING,MOTORS,0,250,150,300,90.0,,,,,,,
12730,PERFORMING,MOTORS,0,250,150,300,90.0,,,,,,,
12732,PERFORMING,MOTORS,0,250,150,300,90.0,,,,,,,
12733,PERFORMING,MOTORS,0,250,150,300,90.0,,,,,,,
12734,PERFORMING,MOTORS,0,250,150,300,90.0,,,,,,,
12735,PERFORMING,MOTORS,0,250,150,300,90.0,,,,,,,
12736,PERFORMING,MOTORS,0,250,150,300,90.0,,,,,,,
12737,PERFORMING,MOTORS,0,250,150,300,90.0,,,,,,,
12738,PERFORMING,MOTORS,0,250,150,300,90.0,,,,,,,
12740,PERFORMING,MOTORS,0,250,150,300,90.0,,,,,,,
12741,PERFORMING,MOTORS,0,250,150,300,90.0,,,,,,,
12742,PERFORMING,MOTORS,0,250,150,300,90.0,,,,,,,
12743,PERFORMING,MOTORS,0,250,150,300,90.0,,,,,,,
12744,PERFORMING,MOTORS,0,250,150,300,90.0,,,,,,,
12745,PERFORMING,MOTORS,0,250,150,300,90.0,,,,,,,
12746,PERFORMING,MOTORS,0,250,150,300,90.0,,,,,,,
12747,PERFORMING,MOTORS,0,250,150,300,90.0,,,,,,,
12748,PERFORMING,MOTORS,0,250,150,300,90.0,,,,,,,
12750,PERFORMING,MOTORS,0,250,150,300,90.0,,,,,,,
12751,PERFORMING,MOTORS,0,250,150,300,90.0,,,,,,,
12752,PERFORMING,MOTORS,0,250,150,300,90.0,,,,,,,
12753,PERFORMING,MOTORS,0,250,150,300,90.0,,,,,,,
12754,PERFORMING,MOTORS,0,250,150,300,90.0,,,,,,,
12755,PERFORMING,MOTORS,0,250,152,300,90.0,,,,,,,
12757,PERFORMING,MOTORS,0,250,156,300,90.0,,,,,,,
12758,PERFORMING,MOTORS,0,250,158,300,90.0,,,,,,,
12759,PERFORMING,MOTORS,0,250,160,300,90.0,,,,,,,
12760,PERFORMING,MOTORS,0,250,162,300,90.0,,,,,,,
12761,PERFORMING,MOTORS,0,250,164,300,90.0,,,,,,,
12762,PERFORMING,MOTORS,0,250,166,300,90.0,,,,,,,
12763,PERFORMING,MOTORS,0,250,168,300,90.0,,,,,,,
12764,PERFORMING,MOTORS,0,250,170,300,90.0,,,,,,,
12766,PERFORMING,MOTORS,0,250,174,300,90.0,,,,,,,
12767,PERFORMING,MOTORS,0,250,176,300,90.0,,,,,,,
12768,PERFORMING,MOTORS,0,250,178,300,90.0,,,,,,,
12769,PERFORMING,MOTORS,0,250,180,300,90.0,,,,,,,
12770,PERFORMING,MOTORS,0,250,182,300,90.0,,,,,,,
12771,PERFORMING,MOTORS,0,250,184,300,90.0,,,,,,,
12773,PERFORMING,MOTORS,0,250,188,300,90.0,,,,,,,
12774,PERFORMING,MOTORS,0,250,190,300,90.0,,,,,,,
12775,PERFORMING,MOTORS,0,250,192,300,90.0,,,,,,,
12776,PERFORMING,MOTORS,0,250,194,300,90.0,,,,,,,
12777,PERFORMING,MOTORS,0,250,196,300,90.0,,,,,,,
12778,PERFORMING,MOTORS,0,250,198,300,90.0,,,,,,,
12779,PERFORMING,MOTORS,0,250,200,300,90.0,,,,,,,
12780,PERFORMING,MOTORS,0,250,202,300,90.0,,,,,,,
12782,PERFORMING,MOTORS,0,250,206,300,90.0,,,,,,,
12783,PERFORMING,MOTORS,0,250,208,300,90.0,,,,,,,
12784,PERFORMING,MOTORS,0,250,210,300,90.0,,,,,,,
12785,PERFORMING,MOTORS,0,250,212,300,90.0,,,,,,,
12786,PERFORMING,MOTORS,0,250,214,300,90.0,,,,,,,
12787,PERFORMING,MOTORS,0,250,216,300,90.0,,,,,,,
12788,PERFORMING,MOTORS,0,250,218,300,90.0,,,,,,,
12790,PERFORMING,MOTORS,0,250,222,300,90.0,,,,,,,
12791,PERFORMING,MOTORS,0,250,224,300,90.0,,,,,,,
12792,PERFORMING,MOTORS,0,250,226,300,90.0,,,,,,,
12793,PERFORMING,MOTORS,0,250,228,300,90.0,,,,,,,
12794,PERFORMING,MOTORS,0,250,230,300,90.0,,,,,,,
12795,PERFORMING,MOTORS,0,250,232,300,90.0,,,,,,,
12796,PERFORMING,MOTORS,0,250,234,300,90.0,,,,,,,
12797,PERFORMING,MOTORS,0,250,236,300,90.0,,,,,,,
12798,PERFORMING,MOTORS,0,250,238,300,90.0,,,,,,,
12800,PERFORMING,MOTORS,0,250,242,300,90.0,,,,,,,
12801,PERFORMING,MOTORS,0,250,244,300,90.0,,,,,,,
12802,PERFORMING,MOTORS,0,250,246,300,90.0,,,,,,,
12803,PERFORMING,MOTORS,0,250,248,300,90.0,,,,,,,
12804,PERFORMING,MOTORS,0,250,250,300,90.0,,,,,,,
12805,PERFORMING,MOTORS,0,250,252,300,90.0,,,,,,,
12807,PERFORMING,MOTORS,0,250,256,300,90.0,,,,,,,
12808,PERFORMING,MOTORS,0,250,258,300,90.0,,,,,,,
12809,PERFORMING,MOTORS,0,250,260,300,90.0,,,,,,,
12810,PERFORMING,MOTORS,0,250,262,300,90.0,,,,,,,
12811,PERFORMING,MOTORS,0,250,264,300,90.0,,,,,,,
12812,PERFORMING,MOTORS,0,250,266,300,90.0,,,,,,,
12813,PERFORMING,MOTORS,0,250,268,300,90.0,,,,,,,
12814,PERFORMING,MOTORS,0,250,270,300,90.0,,,,,,,
12816,PERFORMING,MOTORS,0,250,274,300,90.0,,,,,,,
12817,PERFORMING,MOTORS,0,250,276,300,90.0,,,,,,,
12818,PERFORMING,MOTORS,0,250,278,300,90.0,,,,,,,
12819,PERFORMING,MOTORS,0,250,280,300,90.0,,,,,,,
12820,PERFORMING,MOTORS,0,250,282,300,90.0,,,,,,,
12821,PERFORMING,MOTORS,0,250,284,300,90.0,,,,,,,
12822,PERFORMING,MOTORS,0,250,286,300,90.0,,,,,,,
12824,PERFORMING,MOTORS,0,250,290,300,90.0,,,,,,,
12825,PERFORMING,MOTORS,0,250,292,300,90.0,,,,,,,
12826,PERFORMING,MOTORS,0,250,294,300,90.0,,,,,,,
12827,PERFORMING,MOTORS,0,250,296,300,90.0,,,,,,,
12828,PERFORMING,MOTORS,0,250,298,300,90.0,,,,,,,
12829,PERFORMING,MOTORS,0,250,300,300,90.0,,,,,,,
12831,PERFORMING,MOTORS,0,250,304,300,90.0,,,,,,,
12832,PERFORMING,MOTORS,0,250,306,300,90.0,,,,,,,
12833,PERFORMING,MOTORS,0,250,308,300,90.0,,,,,,,
12834,PERFORMING,MOTORS,0,250,310,300,90.0,,,,,,,
12835,PERFORMING,MOTORS,0,250,312,300,90.0,,,,,,,
12837,PERFORMING,MOTORS,0,250,316,300,90.0,,,,,,,
12838,PERFORMING,MOTORS,0,250,318,300,90.0,,,,,,,
12839,PERFORMING,MOTORS,0,250,320,300,90.0,,,,,,,
12840,PERFORMING,MOTORS,0,250,322,300,90.0,,,,,,,
12841,PERFORMING,MOTORS,0,250,324,300,90.0,,,,,,,
12842,PERFORMING,MOTORS,0,250,326,300,90.0,,,,,,,
12843,PERFORMING,MOTORS,0,250,328,300,90.0,,,,,,,
12845,PERFORMING,MOTORS,0,250,332,300,90.0,,,,,,,
12846,PERFORMING,MOTORS,0,250,334,300,90.0,,,,,,,
12847,PERFORMING,MOTORS,0,250,336,300,90.0,,,,,,,
12848,PERFORMING,MOTORS,0,250,338,300,90.0,,,,,,,
12849,PERFORMING,MOTORS,0,250,340,300,90.0,,,,,,,
12850,PERFORMING,MOTORS,0,250,342,300,90.0,,,,,,,
12851,PERFORMING,MOTORS,0,250,344,300,90.0,,,,,,,
12853,PERFORMING,MOTORS,0,250,348,300,90.0,,,,,,,
12854,PERFORMING,MOTORS,0,250,350,300,90.0,,,,,,,
12855,PERFORMING,MOTORS,0,250,350,300,90.0,,,,,,,
12856,PERFORMING,MOTORS,0,250,350,300,90.0,,,,,,,
12857,PERFORMING,MOTORS,0,250,350,300,90.0,,,,,,,
12858,PERFORMING,MOTORS,0,250,350,300,90.0,,,,,,,
12859,PERFORMING,MOTORS,0,250,350,300,90.0,,,,,,,
12861,PERFORMING,MOTORS,0,250,350,300,90.0,,,,,,,
12862,PERFORMING,MOTORS,0,250,350,300,90.0,,,,,,,
12863,PERFORMING,MOTORS,0,250,350,300,90.0,,,,,,,
12864,PERFORMING,MOTORS,0,250,350,300,90.0,,,,,,,
12865,PERFORMING,MOTORS,0,250,350,300,90.0,,,,,,,
12866,PERFORMING,MOTORS,0,250,350,300,90.0,,,,,,,
12867,PERFORMING,MOTORS,0,250,350,300,90.0,,,,,,,
12869,PERFORMING,MOTORS,0,250,350,300,90.0,,,,,,,
12870,PERFORMING,MOTORS,0,250,350,300,90.0,,,,,,,
12871,PERFORMING,MOTORS,0,250,350,300,90.0,,,,,,,
12872,PERFORMING,MOTORS,0,250,350,300,90.0,,,,,,,
12873,PERFORMING,MOTORS,0,250,350,300,90.0,,,,,,,
12874,PERFORMING,MOTORS,0,250,350,300,90.0,,,,,,,
12875,PERFORMING,MOTORS,0,250,350,300,90.0,,,,,,,
12877,PERFORMING,MOTORS,0,250,350,300,90.0,,,,,,,
12878,PERFORMING,MOTORS,0,250,350,300,90.0,,,,,,,
12879,PERFORMING,MOTORS,0,250,350,300,90.0,,,,,,,
12880,PERFORMING,MOTORS,0,250,350,300,90.0,,,,,,,
12881,PERFORMING,MOTORS,0,250,350,300,90.0,,,,,,,
12883,PERFORMING,MOTORS,0,250,350,300,90.0,,,,,,,
12884,PERFORMING,MOTORS,0,250,350,300,90.0,,,,,,,
12885,PERFORMING,MOTORS,0,250,350,300,90.0,,,,,,,
12886,PERFORMING,MOTORS,0,250,350,300,90.0,,,,,,,
12887,PERFORMING,MOTORS,0,250,350,300,90.0,,,,,,,
12888,PERFORMING,MOTORS,0,250,350,300,90.0,,,,,,,
12889,PERFORMING,MOTORS,0,250,350,300,90.0,,,,,,,
12890,PERFORMING,MOTORS,0,250,350,300,90.0,,,,,,,
12892,PERFORMING,MOTORS,0,250,350,300,90.0,,,,,,,
12893,PERFORMING,MOTORS,0,250,350,300,90.0,,,,,,,
12894,PERFORMING,MOTORS,0,250,350,300,90.0,,,,,,,
12895,PERFORMING,MOTORS,0,250,350,300,90.0,,,,,,,
12896,PERFORMING,MOTORS,0,250,350,300,90.0,,,,,,,
12897,PERFORMING,MOTORS,0,250,350,300,90.0,,,,,,,
12898,PERFORMING,MOTORS,0,250,350,300,90.0,,,,,,,
12900,PERFORMING,MOTORS,0,250,350,300,90.0,,,,,,,
12901,PERFORMING,MOTORS,0,250,350,300,90.0,,,,,,,
12902,PERFORMING,MOTORS,0,250,350,300,90.0,,,,,,,
12903,PERFORMING,MOTORS,0,250,350,300,90.0,,,,,,,
12904,PERFORMING,MOTORS,0,250,350,300,90.0,,,,,,,
12905,PERFORMING,MOTORS,0,250,350,300,90.0,,,,,,,
12906,PERFORMING,MOTORS,0,250,350,300,90.0,,,,,,,
12907,PERFORMING,MOTORS,0,250,350,300,90.0,,,,,,,
12909,PERFORMING,MOTORS,0,250,350,300,90.0,,,,,,,
12910,PERFORMING,MOTORS,0,250,350,300,90.0,,,,,,,
12911,PERFORMING,MOTORS,0,250,350,300,90.0,,,,,,,
12912,PERFORMING,MOTORS,0,250,350,300,90.0,,,,,,,
12913,PERFORMING,MOTORS,0,250,350,300,90.0,,,,,,,
12915,PERFORMING,MOTORS,0,250,350,300,90.0,,,,,,,
12916,PERFORMING,MOTORS,0,250,350,300,90.0,,,,,,,
12917,PERFORMING,MOTORS,0,250,350,300,90.0,,,,,,,
12918,PERFORMING,MOTORS,0,250,350,300,90.0,,,,,,,
12919,PERFORMING,MOTORS,0,250,350,300,90.0,,,,,,,
12920,PERFORMING,MOTORS,0,250,350,300,90.0,,,,,,,
12921,PERFORMING,MOTORS,0,250,350,300,90.0,,,,,,,
12922,PERFORMING,MOTORS,0,250,350,300,90.0,,,,,,,
12924,PERFORMING,MOTORS,0,250,350,300,90.0,,,,,,,
12925,PERFORMING,MOTORS,0,250,350,300,90.0,,,,,,,
12926,PERFORMING,MOTORS,0,250,350,300,90.0,,,,,,,
12927,PERFORMING,MOTORS,0,250,350,300,90.0,,,,,,,
12928,PERFORMING,MOTORS,0,250,350,300,90.0,,,,,,,
12929,PERFORMING,MOTORS,0,250,350,300,90.0,,,,,,,
12930,PERFORMING,MOTORS,0,250,350,300,90.0,,,,,,,
12932,PERFORMING,MOTORS,0,250,350,300,90.0,,,,,,,
12933,PERFORMING,MOTORS,0,250,350,300,90.0,,,,,,,
12934,PERFORMING,MOTORS,0,250,350,300,90.0,,,,,,,
12935,PERFORMING,MOTORS,0,250,350,300,90.0,,,,,,,
12936,PERFORMING,MOTORS,0,250,350,300,90.0,,,,,,,
12937,PERFORMING,MOTORS,0,250,350,300,90.0,,,,,,,
12938,PERFORMING,MOTORS,0,250,350,300,90.0,,,,,,,
12940,PERFORMING,MOTORS,0,250,350,300,90.0,,,,,,,
12941,PERFORMING,MOTORS,0,250,350,300,90.0,,,,,,,
12942,PERFORMING,MOTORS,0,250,350,300,90.0,,,,,,,
12943,PERFORMING,MOTORS,0,250,350,300,90.0,,,,,,,
12944,PERFORMING,MOTORS,0,250,350,300,90.0,,,,,,,
12945,PERFORMING,MOTORS,0,250,350,300,90.0,,,,,,,
12946,PERFORMING,MOTORS,0,250,350,300,90.0,,,,,,,
12947,PERFORMING,MOTORS,0,250,350,300,90.0,,,,,,,
12949,PERFORMING,MOTORS,0,250,350,300,90.0,,,,,,,
12950,PERFORMING,MOTORS,0,250,350,300,90.0,,,,,,,
12951,PERFORMING,MOTORS,0,250,350,300,90.0,,,,,,,
12952,PERFORMING,MOTORS,0,250,350,300,90.0,,,,,,,
12953,PERFORMING,MOTORS,0,250,350,300,90.0,,,,,,,
12954,PERFORMING,MOTORS,0,250,350,300,90.0,,,,,,,
12955,PERFORMING,MOTORS,0,250,350,300,90.0,,,,,,,
12956,PERFORMING,MOTORS,0,250,350,300,90.0,,,,,,,
12957,PERFORMING,MOTORS,0,250,350,300,90.0,,,,,,,
12959,PERFORMING,MOTORS,0,250,350,300,90.0,,,,,,,
12960,PERFORMING,MOTORS,0,250,350,300,90.0,,,,,,,
12961,PERFORMING,MOTORS,0,250,350,300,90.0,,,,,,,
12962,PERFORMING,MOTORS,0,250,350,300,90.0,,,,,,,
12963,PERFORMING,MOTORS,0,250,350,300,90.0,,,,,,,
12964,PERFORMING,MOTORS,0,250,350,300,90.0,,,,,,,
12965,PERFORMING,MOTORS,0,250,350,300,90.0,,,,,,,
12967,PERFORMING,MOTORS,0,250,350,300,90.0,,,,,,,
12968,PERFORMING,MOTORS,0,250,350,300,90.0,,,,,,,
12969,PERFORMING,MOTORS,0,250,350,300,90.0,,,,,,,
12970,PERFORMING,MOTORS,0,250,350,300,90.0,,,,,,,
12971,PERFORMING,MOTORS,0,250,350,300,90.0,,,,,,,
12972,PERFORMING,MOTORS,0,250,350,300,90.0,,,,,,,
12973,PERFORMING,MOTORS,0,250,350,300,90.0,,,,,,,
12974,PERFORMING,MOTORS,0,250,350,300,90.0,,,,,,,
12976,PERFORMING,MOTORS,0,250,350,300,90.0,,,,,,,
12977,PERFORMING,MOTORS,0,250,350,300,90.0,,,,,,,
12978,PERFORMING,MOTORS,0,250,350,300,90.0,,,,,,,
12979,PERFORMING,MOTORS,0,250,350,300,90.0,,,,,,,
12980,PERFORMING,MOTORS,0,250,350,300,90.0,,,,,,,
12981,PERFORMING,MOTORS,0,250,350,300,90.0,,,,,,,
12982,PERFORMING,MOTORS,0,250,350,300,90.0,,,,,,,
12984,PERFORMING,MOTORS,0,250,350,300,90.0,,,,,,,
12985,PERFORMING,MOTORS,0,250,350,300,90.0,,,,,,,
12986,PERFORMING,MOTORS,0,250,350,300,90.0,,,,,,,
12987,PERFORMING,MOTORS,0,250,350,300,90.0,,,,,,,
12988,PERFORMING,MOTORS,0,250,350,300,90.0,,,,,,,
12989,PERFORMING,MOTORS,0,250,350,300,90.0,,,,,,,
12990,PERFORMING,MOTORS,0,250,350,300,90.0,,,,,,,
12991,PERFORMING,MOTORS,0,250,350,300,90.0,,,,,,,
12992,PERFORMING,MOTORS,0,250,350,300,90.0,,,,,,,
12994,PERFORMING,MOTORS,0,250,350,300,90.0,,,,,,,
12995,PERFORMING,MOTORS,0,250,350,300,90.0,,,,,,,
12996,PERFORMING,MOTORS,0,250,350,300,90.0,,,,,,,
12997,PERFORMING,MOTORS,0,250,350,300,90.0,,,,,,,
12998,PERFORMING,MOTORS,0,250,350,300,90.0,,,,,,,
12999,PERFORMING,MOTORS,0,250,350,300,90.0,,,,,,,
13000,PERFORMING,MOTORS,0,250,350,300,90.0,,,,,,,
13002,PERFORMING,MOTORS,0,250,350,300,90.0,,,,,,,
13003,PERFORMING,MOTORS,0,250,350,300,90.0,,,,,,,
13004,PERFORMING,MOTORS,0,250,350,300,90.0,,,,,,,
13005,PERFORMING,MOTORS,0,250,350,300,90.0,,,,,,,
13006,PERFORMING,MOTORS,0,250,350,300,90.0,,,,,,,
13007,PERFORMING,MOTORS,0,250,350,300,90.0,,,,,,,
13008,PERFORMING,MOTORS,0,250,350,300,90.0,,,,,,,
13009,PERFORMING,MOTORS,0,250,350,300,90.0,,,,,,,
13010,PERFORMING,MOTORS,0,250,350,300,90.0,,,,,,,
13012,PERFORMING,MOTORS,0,250,350,300,90.0,,,,,,,
13013,PERFORMING,MOTORS,0,250,350,300,90.0,,,,,,,
13014,PERFORMING,MOTORS,0,250,350,300,90.0,,,,,,,
13015,PERFORMING,MOTORS,0,250,350,300,90.0,,,,,,,
13016,PERFORMING,MOTORS,0,250,350,300,90.0,,,,,,,
13017,PERFORMING,MOTORS,0,250,350,300,90.0,,,,,,,
13018,PERFORMING,MOTORS,0,250,350,300,90.0,,,,,,,
13019,PERFORMING,MOTORS,0,250,350,300,90.0,,,,,,,
13021,PERFORMING,MOTORS,0,250,350,300,90.0,,,,,,,
13022,PERFORMING,MOTORS,0,250,350,300,90.0,,,,,,,
13023,PERFORMING,MOTORS,0,250,350,300,90.0,,,,,,,
13024,PERFORMING,MOTORS,0,250,350,300,90.0,,,,,,,
13025,PERFORMING,MOTORS,0,250,350,300,90.0,,,,,,,
13026,PERFORMING,MOTORS,0,250,350,300,90.0,,,,,,,
13027,PERFORMING,MOTORS,0,250,350,300,90.0,,,,,,,
13028,PERFORMING,MOTORS,0,250,350,300,90.0,,,,,,,
13029,PERFORMING,MOTORS,0,250,350,300,90.0,,,,,,,
13030,PERFORMING,MOTORS,0,250,350,300,90.0,,,,,,,
13032,PERFORMING,MOTORS,0,250,350,300,90.0,,,,,,,
13033,PERFORMING,MOTORS,0,250,350,300,90.0,,,,,,,
13034,PERFORMING,MOTORS,0,250,350,300,90.0,,,,,,,
13035,PERFORMING,MOTORS,0,250,350,300,90.0,,,,,,,
13036,PERFORMING,MOTORS,0,250,350,300,90.0,,,,,,,
13037,PERFORMING,MOTORS,0,250,350,300,90.0,,,,,,,
13038,PERFORMING,MOTORS,0,250,350,300,90.0,,,,,,,
13039,PERFORMING,MOTORS,0,250,350,300,90.0,,,,,,,
13040,PERFORMING,MOTORS,0,250,350,300,90.0,,,,,,,
13042,PERFORMING,MOTORS,0,250,350,300,90.0,,,,,,,
13043,PERFORMING,MOTORS,0,250,350,300,90.0,,,,,,,
13044,PERFORMING,MOTORS,0,250,350,300,90.0,,,,,,,
13045,PERFORMING,MOTORS,0,250,350,300,90.0,,,,,,,
13046,PERFORMING,MOTORS,0,250,350,300,90.0,,,,,,,
13047,PERFORMING,MOTORS,0,250,350,300,90.0,,,,,,,
13048,PERFORMING,MOTORS,0,250,350,300,90.0,,,,,,,
13049,PERFORMING,MOTORS,0,250,350,300,90.0,,,,,,,
13051,PERFORMING,MOTORS,0,250,350,300,90.0,,,,,,,
13052,PERFORMING,MOTORS,0,250,350,300,90.0,,,,,,,
13053,PERFORMING,MOTORS,0,250,350,300,90.0,,,,,,,
13054,PERFORMING,MOTORS,0,250,350,300,90.0,,,,,,,
13055,PERFORMING,MOTORS,0,250,350,300,90.0,,,,,,,
13056,PERFORMING,MOTORS,0,250,350,300,90.0,,,,,,,
13057,PERFORMING,MOTORS,0,250,350,300,90.0,,,,,,,
13058,PERFORMING,MOTORS,0,250,350,300,90.0,,,,,,,
13060,PERFORMING,MOTORS,0,250,350,300,90.0,,,,,,,
13061,PERFORMING,MOTORS,0,250,350,300,90.0,,,,,,,
13062,PERFORMING,MOTORS,0,250,350,300,90.0,,,,,,,
13063,PERFORMING,MOTORS,0,250,350,300,90.0,,,,,,,
13064,PERFORMING,MOTORS,0,250,350,300,90.0,,,,,,,
13065,PERFORMING,MOTORS,0,250,350,300,90.0,,,,,,,
13066,PERFORMING,MOTORS,0,250,350,300,90.0,,,,,,,
13068,PERFORMING,MOTORS,0,250,350,300,90.0,,,,,,,
13069,PERFORMING,MOTORS,0,250,350,300,90.0,,,,,,,
13070,PERFORMING,MOTORS,0,250,350,300,90.0,,,,,,,
13071,PERFORMING,MOTORS,0,250,350,300,90.0,,,,,,,
13072,PERFORMING,MOTORS,0,250,350,300,90.0,,,,,,,
13073,PERFORMING,MOTORS,0,250,350,300,90.0,,,,,,,
13074,PERFORMING,MOTORS,0,250,350,300,90.0,,,,,,,
13076,PERFORMING,MOTORS,0,250,350,300,90.0,,,,,,,
13077,PERFORMING,MOTORS,0,250,350,300,90.0,,,,,,,
13078,PERFORMING,MOTORS,0,250,350,300,90.0,,,,,,,
13079,IDLE,BTN_STOP,0,,,,,,,,,,
15814,PRE_COMPOSING,BTN_PRE_COMPOSE,0,,,,,,,,,,
17616,PRE_COMPOSING,NOTE_PLAY,0,,,,,,,,,,
18267,PRE_COMPOSING,NOTE_SELECT,0,,,,,,,,,,,0,0
25951,PRE_COMPOSING,NOTE_PLAY,0,,,,,,,,,,
26601,PRE_COMPOSING,NOTE_SELECT,0,,,,,,,,,,,0,0
30169,PRE_COMPOSING,NOTE_PLAY,0,,,,,,,,,,
30818,PRE_COMPOSING,NOTE_SELECT,0,,,,,,,,,,,0,0
40169,SLEEP,IDLE_TIMEOUT,0,,,,,,,,,,
40170,IDLE,BTN_WAKE,0,,,,,,,,,,
44852,PERFORMING,BTN_PERFORM,0,,,,,,,,,,
44852,PERFORMING,MOTORS,0,0,0,0,90.0,,,,,,,
44853,PERFORMING,MOTORS,0,0,0,0,90.0,,,,,,,
44854,PERFORMING,MOTORS,0,2,0,0,90.0,,,,,,,
44855,PERFORMING,MOTORS,0,4,0,0,90.0,,,,,,,
44856,PERFORMING,MOTORS,0,6,0,0,90.0,,,,,,,
44857,PERFORMING,MOTORS,0,8,0,0,90.0,,,,,,,
44859,PERFORMING,MOTORS,0,12,0,0,90.0,,,,,,,
44860,PERFORMING,MOTORS,0,14,0,0,90.0,,,,,,,
44861,PERFORMING,MOTORS,0,16,0,0,90.0,,,,,,,
44862,PERFORMING,MOTORS,0,18,0,0,90.0,,,,,,,
44863,PERFORMING,MOTORS,0,20,0,0,90.0,,,,,,,
44864,PERFORMING,MOTORS,0,22,0,0,90.0,,,,,,,
44866,PERFORMING,MOTORS,0,26,0,0,90.0,,,,,,,
44867,PERFORMING,MOTORS,0,28,0,0,90.0,,,,,,,
44868,PERFORMING,MOTORS,0,30,0,0,90.0,,,,,,,
44869,PERFORMING,MOTORS,0,32,0,0,90.0,,,,,,,
44870,PERFORMING,MOTORS,0,34,0,0,90.0,,,,,,,
44871,PERFORMING,MOTORS,0,36,0,0,90.0,,,,,,,
44872,PERFORMING,MOTORS,0,38,0,0,90.0,,,,,,,
44874,PERFORMING,MOTORS,0,42,0,0,90.0,,,,,,,
44875,PERFORMING,MOTORS,0,44,0,0,90.0,,,,,,,
44876,PERFORMING,MOTORS,0,46,0,0,90.0,,,,,,,
44877,PERFORMING,MOTORS,0,48,0,0,90.0,,,,,,,
44878,PERFORMING,MOTORS,0,50,0,0,90.0,,,,,,,
44879,PERFORMING,MOTORS,0,52,0,0,90.0,,,,,,,
44880,PERFORMING,MOTORS,0,54,0,0,90.0,,,,,,,
44882,PERFORMING,MOTORS,0,58,0,0,90.0,,,,,,,
44883,PERFORMING,MOTORS,0,60,0,0,90.0,,,,,,,
44884,PERFORMING,MOTORS,0,62,0,0,90.0,,,,,,,
44885,PERFORMING,MOTORS,0,64,0,0,90.0,,,,,,,
44886,PERFORMING,MOTORS,0,66,0,0,90.0,,,,,,,
44887,PERFORMING,MOTORS,0,68,0,0,90.0,,,,,,,
44888,PERFORMING,MOTORS,0,70,0,0,90.0,,,,,,,
44889,PERFORMING,MOTORS,0,72,0,0,90.0,,,,,,,
44890,PERFORMING,MOTORS,0,74,0,0,90.0,,,,,,,
44892,PERFORMING,MOTORS,0,78,0,0,90.0,,,,,,,
44893,PERFORMING,MOTORS,0,80,0,0,90.0,,,,,,,
44894,PERFORMING,MOTORS,0,82,0,0,90.0,,,,,,,
44895,PERFORMING,MOTORS,0,84,0,0,90.0,,,,,,,
44896,PERFORMING,MOTORS,0,86,0,0,90.0,,,,,,,
44897,PERFORMING,MOTORS,0,88,0,0,90.0,,,,,,,
44898,PERFORMING,MOTORS,0,90,0,0,90.0,,,,,,,
44899,PERFORMING,MOTORS,0,92,0,0,90.0,,,,,,,
44901,PERFORMING,MOTORS,0,96,0,0,90.0,,,,,,,
44902,PERFORMING,MOTORS,0,98,0,0,90.0,,,,,,,
44903,PERFORMING,MOTORS,0,100,0,0,90.0,,,,,,,
44904,PERFORMING,MOTORS,0,102,0,0,90.0,,,,,,,
44905,PERFORMING,MOTORS,0,104,0,0,90.0,,,,,,,
44906,PERFORMING,MOTORS,0,106,0,0,90.0,,,,,,,
44907,PERFORMING,MOTORS,0,108,0,0,90.0,,,,,,,
44908,PERFORMING,MOTORS,0,110,0,0,90.0,,,,,,,
44910,PERFORMING,MOTORS,0,114,0,0,90.0,,,,,,,
44911,PERFORMING,MOTORS,0,116,0,0,90.0,,,,,,,
44912,PERFORMING,MOTORS,0,118,0,0,90.0,,,,,,,
44913,PERFORMING,MOTORS,0,120,0,0,90.0,,,,,,,
44914,PERFORMING,MOTORS,0,122,0,0,90.0,,,,,,,
44915,PERFORMING,MOTORS,0,124,0,0,90.0,,,,,,,
44916,PERFORMING,MOTORS,0,126,0,0,90.0,,,,,,,
44918,PERFORMING,MOTORS,0,130,0,0,90.0,,,,,,,
44919,PERFORMING,MOTORS,0,132,0,0,90.0,,,,,,,
44920,PERFORMING,MOTORS,0,134,0,0,90.0,,,,,,,
44921,PERFORMING,MOTORS,0,136,0,0,90.0,,,,,,,
44922,PERFORMING,MOTORS,0,138,0,0,90.0,,,,,,,
44923,PERFORMING,MOTORS,0,140,0,0,90.0,,,,,,,
44925,PERFORMING,MOTORS,0,144,0,0,90.0,,,,,,,
44926,PERFORMING,MOTORS,0,146,0,0,90.0,,,,,,,
44927,PERFORMING,MOTORS,0,148,0,0,90.0,,,,,,,
44928,PERFORMING,MOTORS,0,150,0,0,90.0,,,,,,,
44929,PERFORMING,MOTORS,0,152,0,0,90.0,,,,,,,
44930,PERFORMING,MOTORS,0,154,0,0,90.0,,,,,,,
44931,PERFORMING,MOTORS,0,156,0,0,90.0,,,,,,,
44932,PERFORMING,MOTORS,0,158,0,0,90.0,,,,,,,
44934,PERFORMING,MOTORS,0,162,0,0,90.0,,,,,,,
44935,PERFORMING,MOTORS,0,164,0,0,90.0,,,,,,,
44936,PERFORMING,MOTORS,0,166,0,0,90.0,,,,,,,
44937,PERFORMING,MOTORS,0,168,0,0,90.0,,,,,,,
44938,PERFORMING,MOTORS,0,170,0,0,90.0,,,,,,,
44939,PERFORMING,MOTORS,0,172,0,0,90.0,,,,,,,
44941,PERFORMING,MOTORS,0,176,0,0,90.0,,,,,,,
44942,PERFORMING,MOTORS,0,178,0,0,90.0,,,,,,,
44943,PERFORMING,MOTORS,0,180,0,0,90.0,,,,,,,
44944,PERFORMING,MOTORS,0,182,0,0,90.0,,,,,,,
44945,PERFORMING,MOTORS,0,184,0,0,90.0,,,,,,,
44946,PERFORMING,MOTORS,0,186,0,0,90.0,,,,,,,
44948,PERFORMING,MOTORS,0,190,0,0,90.0,,,,,,,
44949,PERFORMING,MOTORS,0,192,0,0,90.0,,,,,,,
44950,PERFORMING,MOTORS,0,194,0,0,90.0,,,,,,,
44951,PERFORMING,MOTORS,0,196,0,0,90.0,,,,,,,
44952,PERFORMING,MOTORS,0,198,0,0,90.0,,,,,,,
44953,PERFORMING,MOTORS,0,200,0,0,90.0,,,,,,,
44955,PERFORMING,MOTORS,0,204,0,0,90.0,,,,,,,
44956,PERFORMING,MOTORS,0,206,0,0,90.0,,,,,,,
44957,PERFORMING,MOTORS,0,208,0,0,90.0,,,,,,,
44958,PERFORMING,MOTORS,0,210,0,0,90.0,,,,,,,
44959,PERFORMING,MOTORS,0,212,0,0,90.0,,,,,,,
44960,PERFORMING,MOTORS,0,214,0,0,90.0,,,,,,,
44961,PERFORMING,MOTORS,0,216,0,0,90.0,,,,,,,
44962,PERFORMING,MOTORS,0,218,0,0,90.0,,,,,,,
44964,PERFORMING,MOTORS,0,222,0,0,90.0,,,,,,,
44965,PERFORMING,MOTORS,0,224,0,0,90.0,,,,,,,
44966,PERFORMING,MOTORS,0,226,0,0,90.0,,,,,,,
44967,PERFORMING,MOTORS,0,228,0,0,90.0,,,,,,,
44968,PERFORMING,MOTORS,0,230,0,0,90.0,,,,,,,
44969,PERFORMING,MOTORS,0,232,0,0,90.0,,,,,,,
44970,PERFORMING,MOTORS,0,234,0,0,90.0,,,,,,,
44971,PERFORMING,MOTORS,0,236,0,0,90.0,,,,,,,
44973,PERFORMING,MOTORS,0,240,0,0,90.0,,,,,,,
44974,PERFORMING,MOTORS,0,242,0,0,90.0,,,,,,,
44975,PERFORMING,MOTORS,0,244,0,0,90.0,,,,,,,
44976,PERFORMING,MOTORS,0,246,0,0,90.0,,,,,,,
44977,PERFORMING,MOTORS,0,248,0,0,90.0,,,,,,,
44978,PERFORMING,MOTORS,0,250,0,0,90.0,,,,,,,
44980,PERFORMING,MOTORS,0,254,0,0,90.0,,,,,,,
44981,PERFORMING,MOTORS,0,256,0,0,90.0,,,,,,,
44982,PERFORMING,MOTORS,0,258,0,0,90.0,,,,,,,
44983,PERFORMING,MOTORS,0,260,0,0,90.0,,,,,,,
44984,PERFORMING,MOTORS,0,262,0,0,90.0,,,,,,,
44985,PERFORMING,MOTORS,0,264,0,0,90.0,,,,,,,
44986,PERFORMING,MOTORS,0,266,0,0,90.0,,,,,,,
44987,PERFORMING,MOTORS,0,268,0,0,90.0,,,,,,,
44988,PERFORMING,MOTORS,0,270,0,0,90.0,,,,,,,
44990,PERFORMING,MOTORS,0,274,0,0,90.0,,,,,,,
44991,PERFORMING,MOTORS,0,276,0,0,90.0,,,,,,,
44992,PERFORMING,MOTORS,0,278,0,0,90.0,,,,,,,
44993,PERFORMING,MOTORS,0,280,0,0,90.0,,,,,,,
44994,PERFORMING,MOTORS,0,282,0,0,90.0,,,,,,,
44995,PERFORMING,MOTORS,0,284,0,0,90.0,,,,,,,
44996,PERFORMING,MOTORS,0,286,0,0,90.0,,,,,,,
44997,PERFORMING,MOTORS,0,288,0,0,90.0,,,,,,,
44999,PERFORMING,MOTORS,0,292,0,0,90.0,,,,,,,
45000,PERFORMING,MOTORS,0,294,0,0,90.0,,,,,,,
45001,PERFORMING,MOTORS,0,296,0,0,90.0,,,,,,,
45002,PERFORMING,MOTORS,0,298,0,0,90.0,,,,,,,
45003,PERFORMING,MOTORS,0,300,0,0,90.0,,,,,,,
45004,PERFORMING,MOTORS,0,302,0,0,90.0,,,,,,,
45005,PERFORMING,MOTORS,0,304,0,0,90.0,,,,,,,
45006,PERFORMING,MOTORS,0,306,0,0,90.0,,,,,,,
45007,PERFORMING,MOTORS,0,308,0,0,90.0,,,,,,,
45009,PERFORMING,MOTORS,0,312,0,0,90.0,,,,,,,
45010,PERFORMING,MOTORS,0,314,0,0,90.0,,,,,,,
45011,PERFORMING,MOTORS,0,316,0,0,90.0,,,,,,,
45012,PERFORMING,MOTORS,0,318,0,0,90.0,,,,,,,
45013,PERFORMING,MOTORS,0,320,0,0,90.0,,,,,,,
45014,PERFORMING,MOTORS,0,322,0,0,90.0,,,,,,,
45015,PERFORMING,MOTORS,0,324,0,0,90.0,,,,,,,
45017,PERFORMING,MOTORS,0,328,0,0,90.0,,,,,,,
45018,PERFORMING,MOTORS,0,330,0,0,90.0,,,,,,,
45019,PERFORMING,MOTORS,0,332,0,0,90.0,,,,,,,
45020,PERFORMING,MOTORS,0,334,0,0,90.0,,,,,,,
45021,PERFORMING,MOTORS,0,336,0,0,90.0,,,,,,,
45022,PERFORMING,MOTORS,0,338,0,0,90.0,,,,,,,
45023,PERFORMING,MOTORS,0,340,0,0,90.0,,,,,,,
45024,PERFORMING,MOTORS,0,344,0,0,90.0,,,,,,,
45026,PERFORMING,MOTORS,0,346,0,0,90.0,,,,,,,
45027,PERFORMING,MOTORS,0,348,0,0,90.0,,,,,,,
45028,PERFORMING,MOTORS,0,350,0,0,90.0,,,,,,,
45029,PERFORMING,MOTORS,0,352,0,0,90.0,,,,,,,
45030,PERFORMING,MOTORS,0,354,0,0,90.0,,,,,,,
45031,PERFORMING,MOTORS,0,356,0,0,90.0,,,,,,,
45032,PERFORMING,MOTORS,0,358,0,0,90.0,,,,,,,
45033,PERFORMING,MOTORS,0,360,0,0,90.0,,,,,,,
45034,PERFORMING,MOTORS,0,362,0,0,90.0,,,,,,,
45036,PERFORMING,MOTORS,0,366,0,0,90.0,,,,,,,
45037,PERFORMING,MOTORS,0,368,0,0,90.0,,,,,,,
45038,PERFORMING,MOTORS,0,370,0,0,90.0,,,,,,,
45039,PERFORMING,MOTORS,0,372,0,0,90.0,,,,,,,
45040,PERFORMING,MOTORS,0,374,0,0,90.0,,,,,,,
45041,PERFORMING,MOTORS,0,376,0,0,90.0,,,,,,,
45042,PERFORMING,MOTORS,0,378,0,0,90.0,,,,,,,
45043,PERFORMING,MOTORS,0,380,0,0,90.0,,,,,,,
45045,PERFORMING,MOTORS,0,384,0,0,90.0,,,,,,,
45046,PERFORMING,MOTORS,0,386,0,0,90.0,,,,,,,
45047,PERFORMING,MOTORS,0,388,0,0,90.0,,,,,,,
45048,PERFORMING,MOTORS,0,390,0,0,90.0,,,,,,,
45049,PERFORMING,MOTORS,0,392,0,0,90.0,,,,,,,
45050,PERFORMING,MOTORS,0,394,0,0,90.0,,,,,,,
45052,PERFORMING,MOTORS,0,398,0,0,90.0,,,,,,,
45053,PERFORMING,MOTORS,0,400,0,0,90.0,,,,,,,
45054,PERFORMING,MOTORS,0,402,0,0,90.0,,,,,,,
45055,PERFORMING,MOTORS,0,404,0,0,90.0,,,,,,,
45056,PERFORMING,MOTORS,0,406,0,0,90.0,,,,,,,
45057,PERFORMING,MOTORS,0,408,0,0,90.0,,,,,,,
45058,PERFORMING,MOTORS,0,410,0,0,90.0,,,,,,,
45059,PERFORMING,MOTORS,0,412,0,0,90.0,,,,,,,
45060,PERFORMING,MOTORS,0,414,0,0,90.0,,,,,,,
45062,PERFORMING,MOTORS,0,418,0,0,90.0,,,,,,,
45063,PERFORMING,MOTORS,0,420,0,0,90.0,,,,,,,
45064,PERFORMING,MOTORS,0,422,0,0,90.0,,,,,,,
45065,PERFORMING,MOTORS,0,424,0,0,90.0,,,,,,,
45066,PERFORMING,MOTORS,0,426,0,0,90.0,,,,,,,
45068,PERFORMING,MOTORS,0,430,0,0,90.0,,,,,,,
45069,PERFORMING,MOTORS,0,432,0,0,90.0,,,,,,,
45070,PERFORMING,MOTORS,0,434,0,0,90.0,,,,,,,
45071,PERFORMING,MOTORS,0,436,0,0,90.0,,,,,,,
45072,PERFORMING,MOTORS,0,438,0,0,90.0,,,,,,,
45073,PERFORMING,MOTORS,0,440,0,0,90.0,,,,,,,
45074,PERFORMING,MOTORS,0,442,0,0,90.0,,,,,,,
45076,PERFORMING,MOTORS,0,446,0,0,90.0,,,,,,,
45077,PERFORMING,MOTORS,0,448,0,0,90.0,,,,,,,
45078,PERFORMING,MOTORS,0,450,0,0,90.0,,,,,,,
45079,PERFORMING,MOTORS,0,452,0,0,90.0,,,,,,,
45080,PERFORMING,MOTORS,0,454,0,0,90.0,,,,,,,
45081,PERFORMING,MOTORS,0,456,0,0,90.0,,,,,,,
45082,PERFORMING,MOTORS,0,458,0,0,90.0,,,,,,,
45083,PERFORMING,MOTORS,0,460,0,0,90.0,,,,,,,
45084,PERFORMING,MOTORS,0,462,0,0,90.0,,,,,,,
45086,PERFORMING,MOTORS,0,466,0,0,90.0,,,,,,,
45087,PERFORMING,MOTORS,0,468,0,0,90.0,,,,,,,
45088,PERFORMING,MOTORS,0,470,0,0,90.0,,,,,,,
45089,PERFORMING,MOTORS,0,472,0,0,90.0,,,,,,,
45090,PERFORMING,MOTORS,0,474,0,0,90.0,,,,,,,
45091,PERFORMING,MOTORS,0,476,0,0,90.0,,,,,,,
45092,PERFORMING,MOTORS,0,478,0,0,90.0,,,,,,,
45094,PERFORMING,MOTORS,0,482,0,0,90.0,,,,,,,
45095,PERFORMING,MOTORS,0,484,0,0,90.0,,,,,,,
45096,PERFORMING,MOTORS,0,486,0,0,90.0,,,,,,,
45097,PERFORMING,MOTORS,0,488,0,0,90.0,,,,,,,
45098,PERFORMING,MOTORS,0,490,0,0,90.0,,,,,,,
45099,PERFORMING,MOTORS,0,492,0,0,90.0,,,,,,,
45100,PERFORMING,MOTORS,0,494,0,0,90.0,,,,,,,
45101,PERFORMING,MOTORS,0,496,0,0,90.0,,,,,,,
45102,PERFORMING,MOTORS,0,498,0,0,90.0,,,,,,,
45104,PERFORMING,MOTORS,0,500,0,0,90.0,,,,,,,
45105,PERFORMING,MOTORS,0,500,0,0,90.0,,,,,,,
45106,PERFORMING,MOTORS,0,500,0,0,90.0,,,,,,,
45107,PERFORMING,MOTORS,0,500,0,0,90.0,,,,,,,
45108,PERFORMING,MOTORS,0,500,0,0,90.0,,,,,,,
45109,PERFORMING,MOTORS,0,500,0,0,90.0,,,,,,,
45110,PERFORMING,MOTORS,0,500,0,0,90.0,,,,,,,
45111,PERFORMING,MOTORS,0,500,0,0,90.0,,,,,,,
45112,PERFORMING,MOTORS,0,500,0,0,90.0,,,,,,,
45114,PERFORMING,MOTORS,0,500,0,0,90.0,,,,,,,
45115,PERFORMING,MOTORS,0,500,0,0,90.0,,,,,,,
45116,PERFORMING,MOTORS,0,500,0,0,90.0,,,,,,,
45117,PERFORMING,MOTORS,0,500,0,0,90.0,,,,,,,
45118,PERFORMING,MOTORS,0,500,0,0,90.0,,,,,,,
45119,PERFORMING,MOTORS,0,500,0,0,90.0,,,,,,,
45121,PERFORMING,MOTORS,0,500,0,0,90.0,,,,,,,
45122,PERFORMING,MOTORS,0,500,0,0,90.0,,,,,,,
45123,PERFORMING,MOTORS,0,500,0,0,90.0,,,,,,,
45124,PERFORMING,MOTORS,0,500,0,0,90.0,,,,,,,
45125,PERFORMING,MOTORS,0,500,0,0,90.0,,,,,,,
45127,PERFORMING,MOTORS,0,500,0,0,90.0,,,,,,,
45128,PERFORMING,MOTORS,0,500,0,0,90.0,,,,,,,
45129,PERFORMING,MOTORS,0,500,0,0,90.0,,,,,,,
45130,PERFORMING,MOTORS,0,500,0,0,90.0,,,,,,,
45131,PERFORMING,MOTORS,0,500,0,0,90.0,,,,,,,
45132,PERFORMING,MOTORS,0,500,0,0,90.0,,,,,,,
45133,PERFORMING,MOTORS,0,500,0,0,90.0,,,,,,,
45135,PERFORMING,MOTORS,0,500,0,0,90.0,,,,,,,
45136,PERFORMING,MOTORS,0,500,0,0,90.0,,,,,,,
45137,PERFORMING,MOTORS,0,500,0,0,90.0,,,,,,,
45138,PERFORMING,MOTORS,0,500,0,0,90.0,,,,,,,
45139,PERFORMING,MOTORS,0,500,0,0,90.0,,,,,,,
45140,PERFORMING,MOTORS,0,500,0,0,90.0,,,,,,,
45141,PERFORMING,MOTORS,0,500,0,0,90.0,,,,,,,
45142,PERFORMING,MOTORS,0,500,0,0,90.0,,,,,,,
45144,PERFORMING,MOTORS,0,500,0,0,90.0,,,,,,,
45145,PERFORMING,MOTORS,0,500,0,0,90.0,,,,,,,
45146,PERFORMING,MOTORS,0,500,0,0,90.0,,,,,,,
45147,PERFORMING,MOTORS,0,500,0,0,90.0,,,,,,,
45148,PERFORMING,MOTORS,0,500,0,0,90.0,,,,,,,
45149,PERFORMING,MOTORS,0,500,0,0,90.0,,,,,,,
45150,PERFORMING,MOTORS,0,500,0,0,90.0,,,,,,,
45151,PERFORMING,MOTORS,0,500,0,0,90.0,,,,,,,
45153,PERFORMING,MOTORS,0,500,0,0,90.0,,,,,,,
45154,PERFORMING,MOTORS,0,500,0,0,90.0,,,,,,,
45155,PERFORMING,MOTORS,0,500,0,0,90.0,,,,,,,
45156,PERFORMING,MOTORS,0,500,0,0,90.0,,,,,,,
45157,PERFORMING,MOTORS,0,500,0,0,90.0,,,,,,,
45158,PERFORMING,MOTORS,0,500,0,0,90.0,,,,,,,
45159,PERFORMING,MOTORS,0,500,0,0,90.0,,,,,,,
45160,PERFORMING,MOTORS,0,500,0,0,90.0,,,,,,,
45162,PERFORMING,MOTORS,0,500,0,0,90.0,,,,,,,
45163,PERFORMING,MOTORS,0,500,0,0,90.0,,,,,,,
45164,PERFORMING,MOTORS,0,500,0,0,90.0,,,,,,,
45165,PERFORMING,MOTORS,0,500,0,0,90.0,,,,,,,
45166,PERFORMING,MOTORS,0,500,0,0,90.0,,,,,,,
45167,PERFORMING,MOTORS,0,500,0,0,90.0,,,,,,,
45168,PERFORMING,MOTORS,0,500,0,0,90.0,,,,,,,
45169,PERFORMING,MOTORS,0,500,0,0,90.0,,,,,,,
45171,PERFORMING,MOTORS,0,500,0,0,90.0,,,,,,,
45172,PERFORMING,MOTORS,0,500,0,0,90.0,,,,,,,
45173,PERFORMING,MOTORS,0,500,0,0,90.0,,,,,,,
45174,PERFORMING,MOTORS,0,500,0,0,90.0,,,,,,,
45175,PERFORMING,MOTORS,0,500,0,0,90.0,,,,,,,
45176,PERFORMING,MOTORS,0,500,0,0,90.0,,,,,,,
45178,PERFORMING,MOTORS,0,500,0,0,90.0,,,,,,,
45179,PERFORMING,MOTORS,0,500,0,0,90.0,,,,,,,
45180,PERFORMING,MOTORS,0,500,0,0,90.0,,,,,,,
45181,PERFORMING,MOTORS,0,500,0,0,90.0,,,,,,,
45182,PERFORMING,MOTORS,0,500,0,0,90.0,,,,,,,
45183,PERFORMING,MOTORS,0,500,0,0,90.0,,,,,,,
45184,PERFORMING,MOTORS,0,500,0,0,90.0,,,,,,,
45185,PERFORMING,MOTORS,0,500,0,0,90.0,,,,,,,
45186,PERFORMING,MOTORS,0,500,0,0,90.0,,,,,,,
45188,PERFORMING,MOTORS,0,500,0,0,90.0,,,,,,,
45189,PERFORMING,MOTORS,0,500,0,0,90.0,,,,,,,
45190,PERFORMING,MOTORS,0,500,0,0,90.0,,,,,,,
45191,PERFORMING,MOTORS,0,500,0,0,90.0,,,,,,,
45192,PERFORMING,MOTORS,0,500,0,0,90.0,,,,,,,
45193,PERFORMING,MOTORS,0,500,0,0,90.0,,,,,,,
45194,PERFORMING,MOTORS,0,500,0,0,90.0,,,,,,,
45195,PERFORMING,MOTORS,0,500,0,0,90.0,,,,,,,
45197,PERFORMING,MOTORS,0,500,0,0,90.0,,,,,,,
45198,PERFORMING,MOTORS,0,500,0,0,90.0,,,,,,,
45199,PERFORMING,MOTORS,0,500,0,0,90.0,,,,,,,
45200,PERFORMING,MOTORS,0,500,0,0,90.0,,,,,,,
45201,PERFORMING,MOTORS,0,500,0,0,90.0,,,,,,,
45202,PERFORMING,MOTORS,0,500,0,0,90.0,,,,,,,
45203,PERFORMING,MOTORS,0,500,0,0,90.0,,,,,,,
45204,PERFORMING,MOTORS,0,500,0,0,90.0,,,,,,,
45205,PERFORMING,MOTORS,0,500,0,0,90.0,,,,,,,
45207,PERFORMING,MOTORS,0,500,0,0,90.0,,,,,,,
45208,PERFORMING,MOTORS,0,500,0,0,90.0,,,,,,,
45209,PERFORMING,MOTORS,0,500,0,0,90.0,,,,,,,
45210,PERFORMING,MOTORS,0,500,0,0,90.0,,,,,,,
45211,PERFORMING,MOTORS,0,500,0,0,90.0,,,,,,,
45212,PERFORMING,MOTORS,0,500,0,0,90.0,,,,,,,
45213,PERFORMING,MOTORS,0,500,0,0,90.0,,,,,,,
45214,PERFORMING,MOTORS,0,500,0,0,90.0,,,,,,,
45215,PERFORMING,MOTORS,0,500,0,0,90.0,,,,,,,
45217,PERFORMING,MOTORS,0,500,0,0,90.0,,,,,,,
45218,PERFORMING,MOTORS,0,500,0,0,90.0,,,,,,,
45219,PERFORMING,MOTORS,0,500,0,0,90.0,,,,,,,
45220,PERFORMING,MOTORS,0,500,0,0,90.0,,,,,,,
45221,PERFORMING,MOTORS,0,500,0,0,90.0,,,,,,,
45222,PERFORMING,MOTORS,0,500,0,0,90.0,,,,,,,
45223,PERFORMING,MOTORS,0,500,0,0,90.0,,,,,,,
45224,PERFORMING,MOTORS,0,500,0,0,90.0,,,,,,,
45225,PERFORMING,MOTORS,0,500,0,0,90.0,,,,,,,
45227,PERFORMING,MOTORS,0,500,0,0,90.0,,,,,,,
45228,PERFORMING,MOTORS,0,500,0,0,90.0,,,,,,,
45229,PERFORMING,MOTORS,0,500,0,0,90.0,,,,,,,
45230,PERFORMING,MOTORS,0,500,0,0,90.0,,,,,,,
45231,PERFORMING,MOTORS,0,500,0,0,90.0,,,,,,,
45232,PERFORMING,MOTORS,0,500,0,0,90.0,,,,,,,
45233,PERFORMING,MOTORS,0,500,0,0,90.0,,,,,,,
45234,PERFORMING,MOTORS,0,500,0,0,90.0,,,,,,,
45235,PERFORMING,MOTORS,0,500,0,0,90.0,,,,,,,
45237,PERFORMING,MOTORS,0,500,0,0,90.0,,,,,,,
45238,PERFORMING,MOTORS,0,500,0,0,90.0,,,,,,,
45239,PERFORMING,MOTORS,0,500,0,0,90.0,,,,,,,
45240,PERFORMING,MOTORS,0,500,0,0,90.0,,,,,,,
45241,PERFORMING,MOTORS,0,500,0,0,90.0,,,,,,,
45242,PERFORMING,MOTORS,0,500,0,0,90.0,,,,,,,
45243,PERFORMING,MOTORS,0,500,0,0,90.0,,,,,,,
45244,PERFORMING,MOTORS,0,500,0,0,90.0,,,,,,,
45246,PERFORMING,MOTORS,0,500,0,0,90.0,,,,,,,
45247,PERFORMING,MOTORS,0,500,0,0,90.0,,,,,,,
45248,PERFORMING,MOTORS,0,500,0,0,90.0,,,,,,,
45249,PERFORMING,MOTORS,0,500,0,0,90.0,,,,,,,
45250,PERFORMING,MOTORS,0,500,0,0,90.0,,,,,,,
45251,PERFORMING,MOTORS,0,500,0,0,90.0,,,,,,,
45252,PERFORMING,MOTORS,0,500,0,0,90.0,,,,,,,
45253,PERFORMING,MOTORS,0,500,0,0,90.0,,,,,,,
45254,PERFORMING,MOTORS,0,500,0,0,90.0,,,,,,,
45256,PERFORMING,MOTORS,0,500,0,0,90.0,,,,,,,
45257,PERFORMING,MOTORS,0,500,0,0,90.0,,,,,,,
45258,PERFORMING,MOTORS,0,500,0,0,90.0,,,,,,,
45259,PERFORMING,MOTORS,0,500,0,0,90.0,,,,,,,
45260,PERFORMING,MOTORS,0,500,0,0,90.0,,,,,,,
45261,PERFORMING,MOTORS,0,500,0,0,90.0,,,,,,,
45262,PERFORMING,MOTORS,0,500,0,0,90.0,,,,,,,
45263,PERFORMING,MOTORS,0,500,0,0,90.0,,,,,,,
45265,PERFORMING,MOTORS,0,500,0,0,90.0,,,,,,,
45266,PERFORMING,MOTORS,0,500,0,0,90.0,,,,,,,
45267,PERFORMING,MOTORS,0,500,0,0,90.0,,,,,,,
45268,PERFORMING,MOTORS,0,500,0,0,90.0,,,,,,,
45269,PERFORMING,MOTORS,0,500,0,0,90.0,,,,,,,
45270,PERFORMING,MOTORS,0,500,0,0,90.0,,,,,,,
45271,PERFORMING,MOTORS,0,500,0,0,90.0,,,,,,,
45272,PERFORMING,MOTORS,0,500,0,0,90.0,,,,,,,
45273,PERFORMING,MOTORS,0,500,0,0,90.0,,,,,,,
45275,PERFORMING,MOTORS,0,500,0,0,90.0,,,,,,,
45276,PERFORMING,MOTORS,0,500,0,0,90.0,,,,,,,
45277,PERFORMING,MOTORS,0,500,0,0,90.0,,,,,,,
45278,PERFORMING,MOTORS,0,500,0,0,90.0,,,,,,,
45279,PERFORMING,MOTORS,0,500,0,0,90.0,,,,,,,
45280,PERFORMING,MOTORS,0,500,0,0,90.0,,,,,,,
45281,PERFORMING,MOTORS,0,500,0,0,90.0,,,,,,,
45282,PERFORMING,MOTORS,0,500,0,0,90.0,,,,,,,
45284,PERFORMING,MOTORS,0,500,0,0,90.0,,,,,,,
45285,PERFORMING,MOTORS,0,500,0,0,90.0,,,,,,,
45286,PERFORMING,MOTORS,0,500,0,0,90.0,,,,,,,
45287,PERFORMING,MOTORS,0,500,0,0,90.0,,,,,,,
45288,PERFORMING,MOTORS,0,500,0,0,90.0,,,,,,,
45289,PERFORMING,MOTORS,0,500,0,0,90.0,,,,,,,
45290,PERFORMING,MOTORS,0,500,0,0,90.0,,,,,,,
45292,PERFORMING,MOTORS,0,500,0,0,90.0,,,,,,,
45293,PERFORMING,MOTORS,0,500,0,0,90.0,,,,,,,
45294,PERFORMING,MOTORS,0,500,0,0,90.0,,,,,,,
45295,PERFORMING,MOTORS,0,500,0,0,90.0,,,,,,,
45296,PERFORMING,MOTORS,0,500,0,0,90.0,,,,,,,
45297,PERFORMING,MOTORS,0,500,0,0,90.0,,,,,,,
45298,PERFORMING,MOTORS,0,500,0,0,90.0,,,,,,,
45300,PERFORMING,MOTORS,0,500,0,0,90.0,,,,,,,
45301,PERFORMING,MOTORS,0,500,0,0,90.0,,,,,,,
45302,PERFORMING,MOTORS,0,500,0,0,90.0,,,,,,,
45303,PERFORMING,MOTORS,0,500,0,0,90.0,,,,,,,
45304,PERFORMING,MOTORS,0,500,0,0,90.0,,,,,,,
45305,PERFORMING,MOTORS,0,500,0,0,90.0,,,,,,,
45306,PERFORMING,MOTORS,0,500,0,0,90.0,,,,,,,
45308,PERFORMING,MOTORS,0,500,0,0,90.0,,,,,,,
45309,PERFORMING,MOTORS,0,500,0,0,90.0,,,,,,,
45310,PERFORMING,MOTORS,0,500,0,0,90.0,,,,,,,
45311,PERFORMING,MOTORS,0,500,0,0,90.0,,,,,,,
45312,PERFORMING,MOTORS,0,500,0,0,90.0,,,,,,,
45313,PERFORMING,MOTORS,0,500,0,0,90.0,,,,,,,
45314,PERFORMING,MOTORS,0,500,0,0,90.0,,,,,,,
45315,PERFORMING,MOTORS,0,500,0,0,90.0,,,,,,,
45317,PERFORMING,MOTORS,0,500,0,0,90.0,,,,,,,
45318,PERFORMING,MOTORS,0,500,0,0,90.0,,,,,,,
45319,PERFORMING,MOTORS,0,500,0,0,90.0,,,,,,,
45320,PERFORMING,MOTORS,0,500,0,0,90.0,,,,,,,
45321,PERFORMING,MOTORS,0,500,0,0,90.0,,,,,,,
45322,PERFORMING,MOTORS,0,500,0,0,90.0,,,,,,,
45324,PERFORMING,MOTORS,0,500,0,0,90.0,,,,,,,
45325,PERFORMING,MOTORS,0,500,0,0,90.0,,,,,,,
45326,PERFORMING,MOTORS,0,500,0,0,90.0,,,,,,,
45327,PERFORMING,MOTORS,0,500,0,0,90.0,,,,,,,
45328,PERFORMING,MOTORS,0,500,0,0,90.0,,,,,,,
45329,PERFORMING,MOTORS,0,500,0,0,90.0,,,,,,,
45330,PERFORMING,MOTORS,0,500,0,0,90.0,,,,,,,
45331,PERFORMING,MOTORS,0,500,0,0,90.0,,,,,,,
45333,PERFORMING,MOTORS,0,500,0,0,90.0,,,,,,,
45334,PERFORMING,MOTORS,0,500,0,0,90.0,,,,,,,
45335,PERFORMING,MOTORS,0,500,0,0,90.0,,,,,,,
45336,PERFORMING,MOTORS,0,500,0,0,90.0,,,,,,,
45337,PERFORMING,MOTORS,0,500,0,0,90.0,,,,,,,
45338,PERFORMING,MOTORS,0,500,0,0,90.0,,,,,,,
45340,PERFORMING,MOTORS,0,500,0,0,90.0,,,,,,,
45341,PERFORMING,MOTORS,0,500,0,0,90.0,,,,,,,
45342,PERFORMING,MOTORS,0,500,0,0,90.0,,,,,,,
45343,PERFORMING,MOTORS,0,500,0,0,90.0,,,,,,,
45344,PERFORMING,MOTORS,0,500,0,0,90.0,,,,,,,
45345,PERFORMING,MOTORS,0,500,0,0,90.0,,,,,,,
45346,PERFORMING,MOTORS,0,500,0,0,90.0,,,,,,,
45347,PERFORMING,MOTORS,0,500,0,0,90.0,,,,,,,
45349,PERFORMING,MOTORS,0,500,0,0,90.0,,,,,,,
45350,PERFORMING,MOTORS,0,500,0,0,90.0,,,,,,,
45351,PERFORMING,MOTORS,0,500,0,0,90.0,,,,,,,
45352,PERFORMING,MOTORS,0,500,0,0,90.0,,,,,,,
45353,PERFORMING,MOTORS,0,500,0,0,90.0,,,,,,,
45354,PERFORMING,MOTORS,0,500,0,0,90.0,,,,,,,
45355,PERFORMING,MOTORS,0,500,0,0,90.0,,,,,,,
45356,PERFORMING,MOTORS,0,500,0,0,90.0,,,,,,,
45358,PERFORMING,MOTORS,0,500,0,0,90.0,,,,,,,
45359,PERFORMING,MOTORS,0,500,0,0,90.0,,,,,,,
45360,PERFORMING,MOTORS,0,500,0,0,90.0,,,,,,,
45361,PERFORMING,MOTORS,0,500,0,0,90.0,,,,,,,
45362,PERFORMING,MOTORS,0,500,0,0,90.0,,,,,,,
45363,PERFORMING,MOTORS,0,500,0,0,90.0,,,,,,,
45364,PERFORMING,MOTORS,0,500,0,0,90.0,,,,,,,
45366,PERFORMING,MOTORS,0,500,0,0,90.0,,,,,,,
45367,PERFORMING,MOTORS,0,500,0,0,90.0,,,,,,,
45368,PERFORMING,MOTORS,0,500,0,0,90.0,,,,,,,
45369,PERFORMING,MOTORS,0,500,0,0,90.0,,,,,,,
45370,PERFORMING,MOTORS,0,500,0,0,90.0,,,,,,,
45371,PERFORMING,MOTORS,0,500,0,0,90.0,,,,,,,
45372,PERFORMING,MOTORS,0,500,0,0,90.0,,,,,,,
45373,PERFORMING,MOTORS,0,500,0,0,90.0,,,,,,,
45374,PERFORMING,MOTORS,0,500,0,0,90.0,,,,,,,
45376,PERFORMING,MOTORS,0,500,0,0,90.0,,,,,,,
45377,PERFORMING,MOTORS,0,500,0,0,90.0,,,,,,,
45378,PERFORMING,MOTORS,0,500,0,0,90.0,,,,,,,
45379,PERFORMING,MOTORS,0,500,0,0,90.0,,,,,,,
45380,PERFORMING,MOTORS,0,500,0,0,90.0,,,,,,,
45381,PERFORMING,MOTORS,0,500,0,0,90.0,,,,,,,
45382,PERFORMING,MOTORS,0,500,0,0,90.0,,,,,,,
45383,PERFORMING,MOTORS,0,500,0,0,90.0,,,,,,,
45385,PERFORMING,MOTORS,0,500,0,0,90.0,,,,,,,
45386,PERFORMING,MOTORS,0,500,0,0,90.0,,,,,,,
45387,PERFORMING,MOTORS,0,500,0,0,90.0,,,,,,,
45388,PERFORMING,MOTORS,0,500,0,0,90.0,,,,,,,
45389,PERFORMING,MOTORS,0,500,0,0,90.0,,,,,,,
45390,PERFORMING,MOTORS,0,500,0,0,90.0,,,,,,,
45391,PERFORMING,MOTORS,0,500,0,0,90.0,,,,,,,
45392,PERFORMING,MOTORS,0,500,0,0,90.0,,,,,,,
45394,PERFORMING,MOTORS,0,500,0,0,90.0,,,,,,,
45395,PERFORMING,MOTORS,0,500,0,0,90.0,,,,,,,
45396,PERFORMING,MOTORS,0,500,0,0,90.0,,,,,,,
45397,PERFORMING,MOTORS,0,500,0,0,90.0,,,,,,,
45398,PERFORMING,MOTORS,0,500,0,0,90.0,,,,,,,
45399,PERFORMING,MOTORS,0,500,0,0,90.0,,,,,,,
45400,PERFORMING,MOTORS,0,500,0,0,90.0,,,,,,,
45401,PERFORMING,MOTORS,0,500,0,0,90.0,,,,,,,
45403,PERFORMING,MOTORS,0,500,0,0,90.0,,,,,,,
45404,PERFORMING,MOTORS,0,500,0,0,90.0,,,,,,,
45405,PERFORMING,MOTORS,0,500,0,0,90.0,,,,,,,
45406,PERFORMING,MOTORS,0,500,0,0,90.0,,,,,,,
45407,PERFORMING,MOTORS,0,500,0,0,90.0,,,,,,,
45408,PERFORMING,MOTORS,0,500,0,0,90.0,,,,,,,
45409,PERFORMING,MOTORS,0,500,0,0,90.0,,,,,,,
45410,PERFORMING,MOTORS,0,500,0,0,90.0,,,,,,,
45411,PERFORMING,MOTORS,0,500,0,0,90.0,,,,,,,
45413,PERFORMING,MOTORS,0,500,0,0,90.0,,,,,,,
45414,PERFORMING,MOTORS,0,500,0,0,90.0,,,,,,,
45415,PERFORMING,MOTORS,0,500,0,0,90.0,,,,,,,
45416,PERFORMING,MOTORS,0,500,0,0,90.0,,,,,,,
45417,PERFORMING,MOTORS,0,500,0,0,90.0,,,,,,,
45418,PERFORMING,MOTORS,0,500,0,0,90.0,,,,,,,
45420,PERFORMING,MOTORS,0,500,0,0,90.0,,,,,,,
45421,PERFORMING,MOTORS,0,500,0,0,90.0,,,,,,,
45422,PERFORMING,MOTORS,0,500,0,0,90.0,,,,,,,
45423,PERFORMING,MOTORS,0,500,0,0,90.0,,,,,,,
45424,PERFORMING,MOTORS,0,500,0,0,90.0,,,,,,,
45425,PERFORMING,MOTORS,0,500,0,0,90.0,,,,,,,
45426,PERFORMING,MOTORS,0,500,0,0,90.0,,,,,,,
45427,PERFORMING,MOTORS,0,500,0,0,90.0,,,,,,,
45429,PERFORMING,MOTORS,0,500,0,0,90.0,,,,,,,
45430,PERFORMING,MOTORS,0,500,0,0,90.0,,,,,,,
45431,PERFORMING,MOTORS,0,500,0,0,90.0,,,,,,,
45432,PERFORMING,MOTORS,0,500,0,0,90.0,,,,,,,
45433,PERFORMING,MOTORS,0,500,0,0,90.0,,,,,,,
45435,PERFORMING,MOTORS,0,500,0,0,90.0,,,,,,,
45436,PERFORMING,MOTORS,0,500,0,0,90.0,,,,,,,
45437,PERFORMING,MOTORS,0,500,0,0,90.0,,,,,,,
45438,PERFORMING,MOTORS,0,500,0,0,90.0,,,,,,,
45439,PERFORMING,MOTORS,0,500,0,0,90.0,,,,,,,
45440,PERFORMING,MOTORS,0,500,0,0,90.0,,,,,,,
45441,PERFORMING,MOTORS,0,500,0,0,90.0,,,,,,,
45442,PERFORMING,MOTORS,0,500,0,0,90.0,,,,,,,
45443,PERFORMING,MOTORS,0,500,0,0,90.0,,,,,,,
45445,PERFORMING,MOTORS,0,500,0,0,90.0,,,,,,,
45446,PERFORMING,MOTORS,0,500,0,0,90.0,,,,,,,
45447,PERFORMING,MOTORS,0,500,0,0,90.0,,,,,,,
45448,PERFORMING,MOTORS,0,500,0,0,90.0,,,,,,,
45449,PERFORMING,MOTORS,0,500,0,0,90.0,,,,,,,
45450,PERFORMING,MOTORS,0,500,0,0,90.0,,,,,,,
45451,PERFORMING,MOTORS,0,500,0,0,90.0,,,,,,,
45453,PERFORMING,MOTORS,0,500,0,0,90.0,,,,,,,
45454,PERFORMING,MOTORS,0,500,0,0,90.0,,,,,,,
45455,PERFORMING,MOTORS,0,500,0,0,90.0,,,,,,,
45456,PERFORMING,MOTORS,0,500,0,0,90.0,,,,,,,
45457,PERFORMING,MOTORS,0,500,0,0,90.0,,,,,,,
45458,PERFORMING,MOTORS,0,500,0,0,90.0,,,,,,,
45459,PERFORMING,MOTORS,0,500,0,0,90.0,,,,,,,
45460,PERFORMING,MOTORS,0,500,0,0,90.0,,,,,,,
45461,PERFORMING,MOTORS,0,500,0,0,90.0,,,,,,,
45463,PERFORMING,MOTORS,0,500,0,0,90.0,,,,,,,
45464,PERFORMING,MOTORS,0,500,0,0,90.0,,,,,,,
45465,PERFORMING,MOTORS,0,500,0,0,90.0,,,,,,,
45466,PERFORMING,MOTORS,0,500,0,0,90.0,,,,,,,
45467,PERFORMING,MOTORS,0,500,0,0,90.0,,,,,,,
45468,PERFORMING,MOTORS,0,500,0,0,90.0,,,,,,,
45469,PERFORMING,MOTORS,0,500,0,0,90.0,,,,,,,
45470,PERFORMING,MOTORS,0,500,0,0,90.0,,,,,,,
45472,PERFORMING,MOTORS,0,500,0,0,90.0,,,,,,,
45473,PERFORMING,MOTORS,0,500,0,0,90.0,,,,,,,
45474,PERFORMING,MOTORS,0,500,0,0,90.0,,,,,,,
45475,PERFORMING,MOTORS,0,500,0,0,90.0,,,,,,,
45476,PERFORMING,MOTORS,0,500,0,0,90.0,,,,,,,
45477,PERFORMING,MOTORS,0,500,0,0,90.0,,,,,,,
45478,PERFORMING,MOTORS,0,500,0,0,90.0,,,,,,,
45479,PERFORMING,MOTORS,0,500,0,0,90.0,,,,,,,
45480,PERFORMING,MOTORS,0,500,0,0,90.0,,,,,,,
45482,PERFORMING,MOTORS,0,500,0,0,90.0,,,,,,,
45483,PERFORMING,MOTORS,0,500,0,0,90.0,,,,,,,
45484,PERFORMING,MOTORS,0,500,0,0,90.0,,,,,,,
45485,PERFORMING,MOTORS,0,500,0,0,90.0,,,,,,,
45486,PERFORMING,MOTORS,0,500,0,0,90.0,,,,,,,
45487,PERFORMING,MOTORS,0,500,0,0,90.0,,,,,,,
45488,PERFORMING,MOTORS,0,500,0,0,90.0,,,,,,,
45490,PERFORMING,MOTORS,0,500,0,0,90.0,,,,,,,
45491,PERFORMING,MOTORS,0,500,0,0,90.0,,,,,,,
45492,PERFORMING,MOTORS,0,500,0,0,90.0,,,,,,,
45493,PERFORMING,MOTORS,0,500,0,0,90.0,,,,,,,
45494,PERFORMING,MOTORS,0,500,0,0,90.0,,,,,,,
45495,PERFORMING,MOTORS,0,500,0,0,90.0,,,,,,,
45496,PERFORMING,MOTORS,0,500,0,0,90.0,,,,,,,
45497,PERFORMING,MOTORS,0,500,0,0,90.0,,,,,,,
45499,PERFORMING,MOTORS,0,500,0,0,90.0,,,,,,,
45500,PERFORMING,MOTORS,0,500,0,0,90.0,,,,,,,
45501,PERFORMING,MOTORS,0,500,0,0,90.0,,,,,,,
45502,PERFORMING,MOTORS,0,500,0,0,90.0,,,,,,,
45503,PERFORMING,MOTORS,0,500,0,0,90.0,,,,,,,
45504,PERFORMING,MOTORS,0,500,0,0,90.0,,,,,,,
45505,PERFORMING,MOTORS,0,500,0,0,90.0,,,,,,,
45506,PERFORMING,MOTORS,0,500,0,0,90.0,,,,,,,
45507,PERFORMING,MOTORS,0,500,0,0,90.0,,,,,,,
45509,PERFORMING,MOTORS,0,500,0,0,90.0,,,,,,,
45510,PERFORMING,MOTORS,0,500,0,0,90.0,,,,,,,
45511,PERFORMING,MOTORS,0,500,0,0,90.0,,,,,,,
45512,PERFORMING,MOTORS,0,500,0,0,90.0,,,,,,,
45513,PERFORMING,MOTORS,0,500,0,0,90.0,,,,,,,
45514,PERFORMING,MOTORS,0,500,0,0,90.0,,,,,,,
45515,PERFORMING,MOTORS,0,500,0,0,90.0,,,,,,,
45517,PERFORMING,MOTORS,0,500,0,0,90.0,,,,,,,
45518,PERFORMING,MOTORS,0,500,0,0,90.0,,,,,,,
45519,PERFORMING,MOTORS,0,500,0,0,90.0,,,,,,,
45520,PERFORMING,MOTORS,0,500,0,0,90.0,,,,,,,
45521,PERFORMING,MOTORS,0,500,0,0,90.0,,,,,,,
45522,PERFORMING,MOTORS,0,500,0,0,90.0,,,,,,,
45523,PERFORMING,MOTORS,0,500,0,0,90.0,,,,,,,
45524,PERFORMING,MOTORS,0,500,0,0,90.0,,,,,,,
45525,PERFORMING,MOTORS,0,500,0,0,90.0,,,,,,,
45527,PERFORMING,MOTORS,0,500,0,0,90.0,,,,,,,
45528,PERFORMING,MOTORS,0,500,0,0,90.0,,,,,,,
45529,PERFORMING,MOTORS,0,500,0,0,90.0,,,,,,,
45530,PERFORMING,MOTORS,0,500,0,0,90.0,,,,,,,
45531,PERFORMING,MOTORS,0,500,0,0,90.0,,,,,,,
45532,PERFORMING,MOTORS,0,500,0,0,90.0,,,,,,,
45533,PERFORMING,MOTORS,0,500,0,0,90.0,,,,,,,
45535,PERFORMING,MOTORS,0,500,0,0,90.0,,,,,,,
45536,PERFORMING,MOTORS,0,500,0,0,90.0,,,,,,,
45537,PERFORMING,MOTORS,0,500,0,0,90.0,,,,,,,
45538,PERFORMING,MOTORS,0,500,0,0,90.0,,,,,,,
45539,PERFORMING,MOTORS,0,500,0,0,90.0,,,,,,,
45540,PERFORMING,MOTORS,0,500,0,0,90.0,,,,,,,
45542,PERFORMING,MOTORS,0,500,0,0,90.0,,,,,,,
45543,PERFORMING,MOTORS,0,500,0,0,90.0,,,,,,,
45544,PERFORMING,MOTORS,0,500,0,0,90.0,,,,,,,
45545,PERFORMING,MOTORS,0,500,0,0,90.0,,,,,,,
45546,PERFORMING,MOTORS,0,500,0,0,90.0,,,,,,,
45547,PERFORMING,MOTORS,0,500,0,0,90.0,,,,,,,
45548,PERFORMING,MOTORS,0,500,0,0,90.0,,,,,,,
45549,PERFORMING,MOTORS,0,500,0,0,90.0,,,,,,,
45551,PERFORMING,MOTORS,0,500,0,0,90.0,,,,,,,
45552,PERFORMING,MOTORS,0,500,0,0,90.0,,,,,,,
45553,PERFORMING,MOTORS,0,500,0,0,90.0,,,,,,,
45554,PERFORMING,MOTORS,0,500,0,0,90.0,,,,,,,
45555,PERFORMING,MOTORS,0,500,0,0,90.0,,,,,,,
45556,PERFORMING,MOTORS,0,500,0,0,90.0,,,,,,,
45558,PERFORMING,MOTORS,0,500,0,0,90.0,,,,,,,
45559,PERFORMING,MOTORS,0,500,0,0,90.0,,,,,,,
45560,PERFORMING,MOTORS,0,500,0,0,90.0,,,,,,,
45561,PERFORMING,MOTORS,0,500,0,0,90.0,,,,,,,
45562,PERFORMING,MOTORS,0,500,0,0,90.0,,,,,,,
45563,PERFORMING,MOTORS,0,500,0,0,90.0,,,,,,,
45564,PERFORMING,MOTORS,0,500,0,0,90.0,,,,,,,
45565,PERFORMING,MOTORS,0,500,0,0,90.0,,,,,,,
45566,PERFORMING,MOTORS,0,500,0,0,90.0,,,,,,,
45568,PERFORMING,MOTORS,0,500,0,0,90.0,,,,,,,
45569,PERFORMING,MOTORS,0,500,0,0,90.0,,,,,,,
45570,PERFORMING,MOTORS,0,500,0,0,90.0,,,,,,,
45571,PERFORMING,MOTORS,0,500,0,0,90.0,,,,,,,
45572,PERFORMING,MOTORS,0,500,0,0,90.0,,,,,,,
45573,PERFORMING,MOTORS,0,500,0,0,90.0,,,,,,,
45575,PERFORMING,MOTORS,0,500,0,0,90.0,,,,,,,
45576,PERFORMING,MOTORS,0,500,0,0,90.0,,,,,,,
45577,PERFORMING,MOTORS,0,500,0,0,90.0,,,,,,,
45578,PERFORMING,MOTORS,0,500,0,0,90.0,,,,,,,
45579,PERFORMING,MOTORS,0,500,0,0,90.0,,,,,,,
45581,PERFORMING,MOTORS,0,500,0,0,90.0,,,,,,,
45582,PERFORMING,MOTORS,0,500,0,0,90.0,,,,,,,
45583,PERFORMING,MOTORS,0,500,0,0,90.0,,,,,,,
45584,PERFORMING,MOTORS,0,500,0,0,90.0,,,,,,,
45585,PERFORMING,MOTORS,0,500,0,0,90.0,,,,,,,
45586,PERFORMING,MOTORS,0,500,0,0,90.0,,,,,,,
45587,PERFORMING,MOTORS,0,500,0,0,90.0,,,,,,,
45588,PERFORMING,MOTORS,0,500,0,0,90.0,,,,,,,
45590,PERFORMING,MOTORS,0,500,0,0,90.0,,,,,,,
45591,PERFORMING,MOTORS,0,500,0,0,90.0,,,,,,,
45592,PERFORMING,MOTORS,0,500,0,0,90.0,,,,,,,
45593,PERFORMING,MOTORS,0,500,0,0,90.0,,,,,,,
45594,PERFORMING,MOTORS,0,500,0,0,90.0,,,,,,,
45595,PERFORMING,MOTORS,0,500,0,0,90.0,,,,,,,
45597,PERFORMING,MOTORS,0,500,0,0,90.0,,,,,,,
45598,PERFORMING,MOTORS,0,500,0,0,90.0,,,,,,,
45599,PERFORMING,MOTORS,0,500,0,0,90.0,,,,,,,
45600,PERFORMING,MOTORS,0,500,0,0,90.0,,,,,,,
45601,PERFORMING,MOTORS,0,500,0,0,90.0,,,,,,,
45602,PERFORMING,MOTORS,0,500,0,0,90.0,,,,,,,
45604,PERFORMING,MOTORS,0,500,0,0,90.0,,,,,,,
45605,PERFORMING,MOTORS,0,500,0,0,90.0,,,,,,,
45606,PERFORMING,MOTORS,0,500,0,0,90.0,,,,,,,
45607,PERFORMING,MOTORS,0,500,0,0,90.0,,,,,,,
45608,PERFORMING,MOTORS,0,500,0,0,90.0,,,,,,,
45609,PERFORMING,MOTORS,0,500,0,0,90.0,,,,,,,
45610,PERFORMING,MOTORS,0,500,0,0,90.0,,,,,,,
45612,PERFORMING,MOTORS,0,500,0,0,90.0,,,,,,,
45613,PERFORMING,MOTORS,0,500,0,0,90.0,,,,,,,
45614,PERFORMING,MOTORS,0,500,0,0,90.0,,,,,,,
45615,PERFORMING,MOTORS,0,500,0,0,90.0,,,,,,,
45616,PERFORMING,MOTORS,0,500,0,0,90.0,,,,,,,
45617,PERFORMING,MOTORS,0,500,0,0,90.0,,,,,,,
45618,PERFORMING,MOTORS,0,500,0,0,90.0,,,,,,,
45620,PERFORMING,MOTORS,0,500,0,0,90.0,,,,,,,
45621,PERFORMING,MOTORS,0,500,0,0,90.0,,,,,,,
45622,PERFORMING,MOTORS,0,500,0,0,90.0,,,,,,,
45623,PERFORMING,MOTORS,0,500,0,0,90.0,,,,,,,
45624,PERFORMING,MOTORS,0,500,0,0,90.0,,,,,,,
45625,PERFORMING,MOTORS,0,500,0,0,90.0,,,,,,,
45626,PERFORMING,MOTORS,0,500,0,0,90.0,,,,,,,
45628,PERFORMING,MOTORS,0,500,0,0,90.0,,,,,,,
45629,PERFORMING,MOTORS,0,500,0,0,90.0,,,,,,,
45630,PERFORMING,MOTORS,0,500,0,0,90.0,,,,,,,
45631,PERFORMING,MOTORS,0,500,0,0,90.0,,,,,,,
45632,PERFORMING,MOTORS,0,500,0,0,90.0,,,,,,,
45633,PERFORMING,MOTORS,0,500,0,0,90.0,,,,,,,
45634,PERFORMING,MOTORS,0,500,0,0,90.0,,,,,,,
45635,PERFORMING,MOTORS,0,500,0,0,90.0,,,,,,,
45636,PERFORMING,MOTORS,0,500,0,0,90.0,,,,,,,
45638,PERFORMING,MOTORS,0,500,0,0,90.0,,,,,,,
45639,PERFORMING,MOTORS,0,500,0,0,90.0,,,,,,,
45640,PERFORMING,MOTORS,0,500,0,0,90.0,,,,,,,
45641,PERFORMING,MOTORS,0,500,0,0,90.0,,,,,,,
45642,PERFORMING,MOTORS,0,500,0,0,90.0,,,,,,,
45643,PERFORMING,MOTORS,0,500,0,0,90.0,,,,,,,
45644,PERFORMING,MOTORS,0,500,0,0,90.0,,,,,,,
45645,PERFORMING,MOTORS,0,500,0,0,90.0,,,,,,,
45647,PERFORMING,MOTORS,0,500,0,0,90.0,,,,,,,
45648,PERFORMING,MOTORS,0,500,0,0,90.0,,,,,,,
45649,PERFORMING,MOTORS,0,500,0,0,90.0,,,,,,,
45650,PERFORMING,MOTORS,0,500,0,0,90.0,,,,,,,
45651,PERFORMING,MOTORS,0,500,0,0,90.0,,,,,,,
45652,PERFORMING,MOTORS,0,500,0,0,90.0,,,,,,,
45653,PERFORMING,MOTORS,0,500,0,0,90.0,,,,,,,
45655,PERFORMING,MOTORS,0,500,0,0,90.0,,,,,,,
45656,PERFORMING,MOTORS,0,500,0,0,90.0,,,,,,,
45657,PERFORMING,MOTORS,0,500,0,0,90.0,,,,,,,
45658,PERFORMING,MOTORS,0,500,0,0,90.0,,,,,,,
45659,PERFORMING,MOTORS,0,500,0,0,90.0,,,,,,,
45660,PERFORMING,MOTORS,0,500,0,0,90.0,,,,,,,
45661,PERFORMING,MOTORS,0,500,0,0,90.0,,,,,,,
45662,PERFORMING,MOTORS,0,500,0,0,90.0,,,,,,,
45663,PERFORMING,MOTORS,0,500,0,0,90.0,,,,,,,
45665,PERFORMING,MOTORS,0,500,0,0,90.0,,,,,,,
45666,PERFORMING,MOTORS,0,500,0,0,90.0,,,,,,,
45667,PERFORMING,MOTORS,0,500,0,0,90.0,,,,,,,
45668,PERFORMING,MOTORS,0,500,0,0,90.0,,,,,,,
45669,PERFORMING,MOTORS,0,500,0,0,90.0,,,,,,,
45670,PERFORMING,MOTORS,0,500,0,0,90.0,,,,,,,
45671,PERFORMING,MOTORS,0,500,0,0,90.0,,,,,,,
45672,PERFORMING,MOTORS,0,500,0,0,90.0,,,,,,,
45674,PERFORMING,MOTORS,0,500,0,0,90.0,,,,,,,
45675,PERFORMING,MOTORS,0,500,0,0,90.0,,,,,,,
45676,PERFORMING,MOTORS,0,500,0,0,90.0,,,,,,,
45677,PERFORMING,MOTORS,0,500,0,0,90.0,,,,,,,
45678,PERFORMING,MOTORS,0,500,0,0,90.0,,,,,,,
45679,PERFORMING,MOTORS,0,500,0,0,90.0,,,,,,,
45681,PERFORMING,MOTORS,0,500,0,0,90.0,,,,,,,
45682,PERFORMING,MOTORS,0,500,0,0,90.0,,,,,,,
45683,PERFORMING,MOTORS,0,500,0,0,90.0,,,,,,,
45684,PERFORMING,MOTORS,0,500,0,0,90.0,,,,,,,
45685,PERFORMING,MOTORS,0,500,0,0,90.0,,,,,,,
45686,PERFORMING,MOTORS,0,500,0,0,90.0,,,,,,,
45687,PERFORMING,MOTORS,0,500,0,0,90.0,,,,,,,
45688,PERFORMING,MOTORS,0,500,0,0,90.0,,,,,,,
45690,PERFORMING,MOTORS,0,500,0,0,90.0,,,,,,,
45691,PERFORMING,MOTORS,0,500,0,0,90.0,,,,,,,
45692,PERFORMING,MOTORS,0,500,0,0,90.0,,,,,,,
45693,PERFORMING,MOTORS,0,500,0,0,90.0,,,,,,,
45694,PERFORMING,MOTORS,0,500,0,0,90.0,,,,,,,
45695,PERFORMING,MOTORS,0,500,0,0,90.0,,,,,,,
45696,PERFORMING,MOTORS,0,500,0,0,90.0,,,,,,,
45697,PERFORMING,MOTORS,0,500,0,0,90.0,,,,,,,
45698,PERFORMING,MOTORS,0,500,0,0,90.0,,,,,,,
45700,PERFORMING,MOTORS,0,500,0,0,90.0,,,,,,,
45701,PERFORMING,MOTORS,0,500,0,0,90.0,,,,,,,
45702,PERFORMING,MOTORS,0,500,0,0,90.0,,,,,,,
45703,PERFORMING,MOTORS,0,500,0,0,90.0,,,,,,,
45704,PERFORMING,MOTORS,0,500,0,0,90.0,,,,,,,
45705,PERFORMING,MOTORS,0,500,0,0,90.0,,,,,,,
45707,PERFORMING,MOTORS,0,500,0,0,90.0,,,,,,,
45708,PERFORMING,MOTORS,0,500,0,0,90.0,,,,,,,
45709,PERFORMING,MOTORS,0,500,0,0,90.0,,,,,,,
45710,PERFORMING,MOTORS,0,500,0,0,90.0,,,,,,,
45711,PERFORMING,MOTORS,0,500,0,0,90.0,,,,,,,
45712,PERFORMING,MOTORS,0,500,0,0,90.0,,,,,,,
45713,PERFORMING,MOTORS,0,500,0,0,90.0,,,,,,,
45714,PERFORMING,MOTORS,0,500,0,0,90.0,,,,,,,
45716,PERFORMING,MOTORS,0,500,0,0,90.0,,,,,,,
45717,PERFORMING,MOTORS,0,500,0,0,90.0,,,,,,,
45718,PERFORMING,MOTORS,0,500,0,0,90.0,,,,,,,
45719,PERFORMING,MOTORS,0,500,0,0,90.0,,,,,,,
45720,PERFORMING,MOTORS,0,500,0,0,90.0,,,,,,,
45721,PERFORMING,MOTORS,0,500,0,0,90.0,,,,,,,
45723,PERFORMING,MOTORS,0,500,0,0,90.0,,,,,,,
45724,PERFORMING,MOTORS,0,500,0,0,90.0,,,,,,,
45725,PERFORMING,MOTORS,0,500,0,0,90.0,,,,,,,
45726,PERFORMING,MOTORS,0,500,0,0,90.0,,,,,,,
45727,PERFORMING,MOTORS,0,500,0,0,90.0,,,,,,,
45728,PERFORMING,MOTORS,0,500,0,0,90.0,,,,,,,
45729,PERFORMING,MOTORS,0,500,0,0,90.0,,,,,,,
45731,PERFORMING,MOTORS,0,500,0,0,90.0,,,,,,,
45732,PERFORMING,MOTORS,0,500,0,0,90.0,,,,,,,
45733,PERFORMING,MOTORS,0,500,0,0,90.0,,,,,,,
45734,PERFORMING,MOTORS,0,500,0,0,90.0,,,,,,,
45735,PERFORMING,MOTORS,0,500,0,0,90.0,,,,,,,
45736,PERFORMING,MOTORS,0,500,0,0,90.0,,,,,,,
45737,PERFORMING,MOTORS,0,500,0,0,90.0,,,,,,,
45738,PERFORMING,MOTORS,0,500,0,0,90.0,,,,,,,
45740,PERFORMING,MOTORS,0,500,0,0,90.0,,,,,,,
45741,PERFORMING,MOTORS,0,500,0,0,90.0,,,,,,,
45742,PERFORMING,MOTORS,0,500,0,0,90.0,,,,,,,
45743,PERFORMING,MOTORS,0,500,0,0,90.0,,,,,,,
45744,PERFORMING,MOTORS,0,500,0,0,90.0,,,,,,,
45745,PERFORMING,MOTORS,0,500,0,0,90.0,,,,,,,
45746,PERFORMING,MOTORS,0,500,0,0,90.0,,,,,,,
45748,PERFORMING,MOTORS,0,500,0,0,90.0,,,,,,,
45749,PERFORMING,MOTORS,0,500,0,0,90.0,,,,,,,
45750,PERFORMING,MOTORS,0,500,0,0,90.0,,,,,,,
45751,PERFORMING,MOTORS,0,500,0,0,90.0,,,,,,,
45752,PERFORMING,MOTORS,0,500,0,0,90.0,,,,,,,
45753,PERFORMING,MOTORS,0,500,2,0,90.0,,,,,,,
45755,PERFORMING,MOTORS,0,500,6,0,90.0,,,,,,,
45756,PERFORMING,MOTORS,0,500,8,0,90.0,,,,,,,
45757,PERFORMING,MOTORS,0,500,10,0,90.0,,,,,,,
45758,PERFORMING,MOTORS,0,500,12,0,90.0,,,,,,,
45759,PERFORMING,MOTORS,0,500,14,0,90.0,,,,,,,
45760,PERFORMING,MOTORS,0,500,16,0,90.0,,,,,,,
45761,PERFORMING,MOTORS,0,500,18,0,90.0,,,,,,,
45763,PERFORMING,MOTORS,0,500,22,0,90.0,,,,,,,
45764,PERFORMING,MOTORS,0,500,24,0,90.0,,,,,,,
45765,PERFORMING,MOTORS,0,500,26,0,90.0,,,,,,,
45766,PERFORMING,MOTORS,0,500,28,0,90.0,,,,,,,
45767,PERFORMING,MOTORS,0,500,30,0,90.0,,,,,,,
45768,PERFORMING,MOTORS,0,500,32,0,90.0,,,,,,,
45769,PERFORMING,MOTORS,0,500,34,0,90.0,,,,,,,
45771,PERFORMING,MOTORS,0,500,38,0,90.0,,,,,,,
45772,PERFORMING,MOTORS,0,500,40,0,90.0,,,,,,,
45773,PERFORMING,MOTORS,0,500,42,0,90.0,,,,,,,
45774,PERFORMING,MOTORS,0,500,44,0,90.0,,,,,,,
45775,PERFORMING,MOTORS,0,500,46,0,90.0,,,,,,,
45776,PERFORMING,MOTORS,0,500,48,0,90.0,,,,,,,
45777,PERFORMING,MOTORS,0,500,50,0,90.0,,,,,,,
45779,PERFORMING,MOTORS,0,500,54,0,90.0,,,,,,,
45780,PERFORMING,MOTORS,0,500,56,0,90.0,,,,,,,
45781,PERFORMING,MOTORS,0,500,58,0,90.0,,,,,,,
45782,PERFORMING,MOTORS,0,500,60,0,90.0,,,,,,,
45783,PERFORMING,MOTORS,0,500,62,0,90.0,,,,,,,
45784,PERFORMING,MOTORS,0,500,64,0,90.0,,,,,,,
45785,PERFORMING,MOTORS,0,500,66,0,90.0,,,,,,,
45786,PERFORMING,MOTORS,0,500,68,0,90.0,,,,,,,
45788,PERFORMING,MOTORS,0,500,72,0,90.0,,,,,,,
45789,PERFORMING,MOTORS,0,500,74,0,90.0,,,,,,,
45790,PERFORMING,MOTORS,0,500,76,0,90.0,,,,,,,
45791,PERFORMING,MOTORS,0,500,78,0,90.0,,,,,,,
45792,PERFORMING,MOTORS,0,500,80,0,90.0,,,,,,,
45793,PERFORMING,MOTORS,0,500,82,0,90.0,,,,,,,
45795,PERFORMING,MOTORS,0,500,86,0,90.0,,,,,,,
45796,PERFORMING,MOTORS,0,500,88,0,90.0,,,,,,,
45797,PERFORMING,MOTORS,0,500,90,0,90.0,,,,,,,
45798,PERFORMING,MOTORS,0,500,92,0,90.0,,,,,,,
45799,PERFORMING,MOTORS,0,500,94,0,90.0,,,,,,,
45800,PERFORMING,MOTORS,0,500,96,0,90.0,,,,,,,
45802,PERFORMING,MOTORS,0,500,100,0,90.0,,,,,,,
45803,PERFORMING,MOTORS,0,500,100,0,90.0,,,,,,,
45804,PERFORMING,MOTORS,0,500,100,0,90.0,,,,,,,
45805,PERFORMING,MOTORS,0,500,100,0,90.0,,,,,,,
45806,PERFORMING,MOTORS,0,500,100,0,90.0,,,,,,,
45807,PERFORMING,MOTORS,0,500,100,0,90.0,,,,,,,
45808,PERFORMING,MOTORS,0,500,100,0,90.0,,,,,,,
45810,PERFORMING,MOTORS,0,500,100,0,90.0,,,,,,,
45811,PERFORMING,MOTORS,0,500,100,0,90.0,,,,,,,
45812,PERFORMING,MOTORS,0,500,100,0,90.0,,,,,,,
45813,PERFORMING,MOTORS,0,500,100,0,90.0,,,,,,,
45814,PERFORMING,MOTORS,0,500,100,0,90.0,,,,,,,
45815,PERFORMING,MOTORS,0,500,100,0,90.0,,,,,,,
45816,PERFORMING,MOTORS,0,500,100,0,90.0,,,,,,,
45817,PERFORMING,MOTORS,0,500,100,0,90.0,,,,,,,
45818,PERFORMING,MOTORS,0,500,100,0,90.0,,,,,,,
45820,PERFORMING,MOTORS,0,500,100,0,90.0,,,,,,,
45821,PERFORMING,MOTORS,0,500,100,0,90.0,,,,,,,
45822,PERFORMING,MOTORS,0,500,100,0,90.0,,,,,,,
45823,PERFORMING,MOTORS,0,500,100,0,90.0,,,,,,,
45824,PERFORMING,MOTORS,0,500,100,0,90.0,,,,,,,
45825,PERFORMING,MOTORS,0,500,100,0,90.0,,,,,,,
45826,PERFORMING,MOTORS,0,500,100,0,90.0,,,,,,,
45827,PERFORMING,MOTORS,0,500,100,0,90.0,,,,,,,
45828,PERFORMING,MOTORS,0,500,100,0,90.0,,,,,,,
45830,PERFORMING,MOTORS,0,500,100,0,90.0,,,,,,,
45831,PERFORMING,MOTORS,0,500,100,0,90.0,,,,,,,
45832,PERFORMING,MOTORS,0,500,100,0,90.0,,,,,,,
45833,PERFORMING,MOTORS,0,500,100,0,90.0,,,,,,,
45834,PERFORMING,MOTORS,0,500,100,0,90.0,,,,,,,
45835,PERFORMING,MOTORS,0,500,100,0,90.0,,,,,,,
45836,PERFORMING,MOTORS,0,500,100,0,90.0,,,,,,,
45838,PERFORMING,MOTORS,0,500,100,0,90.0,,,,,,,
45839,PERFORMING,MOTORS,0,500,100,0,90.0,,,,,,,
45840,PERFORMING,MOTORS,0,500,100,0,90.0,,,,,,,
45841,PERFORMING,MOTORS,0,500,100,0,90.0,,,,,,,
45842,PERFORMING,MOTORS,0,500,100,0,90.0,,,,,,,
45843,PERFORMING,MOTORS,0,500,100,0,90.0,,,,,,,
45844,PERFORMING,MOTORS,0,500,100,0,90.0,,,,,,,
45846,PERFORMING,MOTORS,0,500,100,0,90.0,,,,,,,
45847,PERFORMING,MOTORS,0,500,100,0,90.0,,,,,,,
45848,PERFORMING,MOTORS,0,500,100,0,90.0,,,,,,,
45849,PERFORMING,MOTORS,0,500,100,0,90.0,,,,,,,
45850,PERFORMING,MOTORS,0,500,100,0,90.0,,,,,,,
45851,PERFORMING,MOTORS,0,500,100,0,90.0,,,,,,,
45852,PERFORMING,MOTORS,0,500,100,0,90.0,,,,,,,
45853,PERFORMING,MOTORS,0,500,100,0,90.0,,,,,,,
45854,PERFORMING,MOTORS,0,500,100,0,90.0,,,,,,,
45855,PERFORMING,MOTORS,0,500,100,0,90.0,,,,,,,
45857,PERFORMING,MOTORS,0,500,100,0,90.0,,,,,,,
45858,PERFORMING,MOTORS,0,500,100,0,90.0,,,,,,,
45859,PERFORMING,MOTORS,0,500,100,0,90.0,,,,,,,
45860,PERFORMING,MOTORS,0,500,100,0,90.0,,,,,,,
45861,PERFORMING,MOTORS,0,500,100,0,90.0,,,,,,,
45862,PERFORMING,MOTORS,0,500,100,0,90.0,,,,,,,
45863,PERFORMING,MOTORS,0,500,100,0,90.0,,,,,,,
45865,PERFORMING,MOTORS,0,500,100,0,90.0,,,,,,,
45866,PERFORMING,MOTORS,0,500,100,0,90.0,,,,,,,
45867,PERFORMING,MOTORS,0,500,100,0,90.0,,,,,,,
45868,PERFORMING,MOTORS,0,500,100,0,90.0,,,,,,,
45869,PERFORMING,MOTORS,0,500,100,0,90.0,,,,,,,
45870,PERFORMING,MOTORS,0,500,100,0,90.0,,,,,,,
45871,PERFORMING,MOTORS,0,500,100,0,90.0,,,,,,,
45873,PERFORMING,MOTORS,0,500,100,0,90.0,,,,,,,
45874,PERFORMING,MOTORS,0,500,100,0,90.0,,,,,,,
45875,PERFORMING,MOTORS,0,500,100,0,90.0,,,,,,,
45876,PERFORMING,MOTORS,0,500,100,0,90.0,,,,,,,
45877,PERFORMING,MOTORS,0,500,100,0,90.0,,,,,,,
45878,PERFORMING,MOTORS,0,500,100,0,90.0,,,,,,,
45879,PERFORMING,MOTORS,0,500,100,0,90.0,,,,,,,
45880,PERFORMING,MOTORS,0,500,100,0,90.0,,,,,,,
45882,PERFORMING,MOTORS,0,500,100,0,90.0,,,,,,,
45883,PERFORMING,MOTORS,0,500,100,0,90.0,,,,,,,
45884,PERFORMING,MOTORS,0,500,100,0,90.0,,,,,,,
45885,PERFORMING,MOTORS,0,500,100,0,90.0,,,,,,,
45886,PERFORMING,MOTORS,0,500,100,0,90.0,,,,,,,
45887,PERFORMING,MOTORS,0,500,100,0,90.0,,,,,,,
45888,PERFORMING,MOTORS,0,500,100,0,90.0,,,,,,,
45889,PERFORMING,MOTORS,0,500,100,0,90.0,,,,,,,
45890,PERFORMING,MOTORS,0,500,100,0,90.0,,,,,,,
45891,PERFORMING,MOTORS,0,500,100,0,90.0,,,,,,,
45893,PERFORMING,MOTORS,0,500,100,0,90.0,,,,,,,
45894,PERFORMING,MOTORS,0,500,100,0,90.0,,,,,,,
45895,PERFORMING,MOTORS,0,500,100,0,90.0,,,,,,,
45896,PERFORMING,MOTORS,0,500,100,0,90.0,,,,,,,
45897,PERFORMING,MOTORS,0,500,100,0,90.0,,,,,,,
45898,PERFORMING,MOTORS,0,500,100,0,90.0,,,,,,,
45899,PERFORMING,MOTORS,0,500,100,0,90.0,,,,,,,
45900,PERFORMING,MOTORS,0,500,100,0,90.0,,,,,,,
45902,PERFORMING,MOTORS,0,500,100,0,90.0,,,,,,,
45903,PERFORMING,MOTORS,0,500,100,0,90.0,,,,,,,
45904,PERFORMING,MOTORS,0,500,100,0,90.0,,,,,,,
45905,PERFORMING,MOTORS,0,500,100,0,90.0,,,,,,,
45906,PERFORMING,MOTORS,0,500,100,0,90.0,,,,,,,
45907,PERFORMING,MOTORS,0,500,100,0,90.0,,,,,,,
45908,PERFORMING,MOTORS,0,500,100,0,90.0,,,,,,,
45910,PERFORMING,MOTORS,0,500,100,0,90.0,,,,,,,
45911,PERFORMING,MOTORS,0,500,100,0,90.0,,,,,,,
45912,PERFORMING,MOTORS,0,500,100,0,90.0,,,,,,,
45913,PERFORMING,MOTORS,0,500,100,0,90.0,,,,,,,
45914,PERFORMING,MOTORS,0,500,100,0,90.0,,,,,,,
45915,PERFORMING,MOTORS,0,500,100,0,90.0,,,,,,,
45916,PERFORMING,MOTORS,0,500,100,0,90.0,,,,,,,
45917,PERFORMING,MOTORS,0,500,100,0,90.0,,,,,,,
45918,PERFORMING,MOTORS,0,500,100,0,90.0,,,,,,,
45919,PERFORMING,MOTORS,0,500,100,0,90.0,,,,,,,
45921,PERFORMING,MOTORS,0,500,100,0,90.0,,,,,,,
45922,PERFORMING,MOTORS,0,500,100,0,90.0,,,,,,,
45923,PERFORMING,MOTORS,0,500,100,0,90.0,,,,,,,
45924,PERFORMING,MOTORS,0,500,100,0,90.0,,,,,,,
45925,PERFORMING,MOTORS,0,500,100,0,90.0,,,,,,,
45926,PERFORMING,MOTORS,0,500,100,0,90.0,,,,,,,
45927,PERFORMING,MOTORS,0,500,100,0,90.0,,,,,,,
45929,PERFORMING,MOTORS,0,500,100,0,90.0,,,,,,,
45930,PERFORMING,MOTORS,0,500,100,0,90.0,,,,,,,
45931,PERFORMING,MOTORS,0,500,100,0,90.0,,,,,,,
45932,PERFORMING,MOTORS,0,500,100,0,90.0,,,,,,,
45933,PERFORMING,MOTORS,0,500,100,0,90.0,,,,,,,
45934,PERFORMING,MOTORS,0,500,100,0,90.0,,,,,,,
45935,PERFORMING,MOTORS,0,500,100,0,90.0,,,,,,,
45937,PERFORMING,MOTORS,0,500,100,0,90.0,,,,,,,
45938,PERFORMING,MOTORS,0,500,100,0,90.0,,,,,,,
45939,PERFORMING,MOTORS,0,500,100,0,90.0,,,,,,,
45940,PERFORMING,MOTORS,0,500,100,0,90.0,,,,,,,
45941,PERFORMING,MOTORS,0,500,100,0,90.0,,,,,,,
45943,PERFORMING,MOTORS,0,500,100,0,90.0,,,,,,,
45944,PERFORMING,MOTORS,0,500,100,0,90.0,,,,,,,
45945,PERFORMING,MOTORS,0,500,100,0,90.0,,,,,,,
45946,PERFORMING,MOTORS,0,500,100,0,90.0,,,,,,,
45947,PERFORMING,MOTORS,0,500,100,0,90.0,,,,,,,
45948,PERFORMING,MOTORS,0,500,100,0,90.0,,,,,,,
45949,PERFORMING,MOTORS,0,500,100,0,90.0,,,,,,,
45950,PERFORMING,MOTORS,0,500,100,0,90.0,,,,,,,
45952,PERFORMING,MOTORS,0,500,100,0,90.0,,,,,,,
45953,PERFORMING,MOTORS,0,500,100,0,90.0,,,,,,,
45955,PERFORMING,MOTORS,0,500,100,0,90.0,,,,,,,
45956,PERFORMING,MOTORS,0,500,100,0,90.0,,,,,,,
45957,PERFORMING,MOTORS,0,500,100,0,90.0,,,,,,,
45958,PERFORMING,MOTORS,0,500,100,0,90.0,,,,,,,
45959,PERFORMING,MOTORS,0,500,100,0,90.0,,,,,,,
45960,PERFORMING,MOTORS,0,500,100,0,90.0,,,,,,,
45961,PERFORMING,MOTORS,0,500,100,0,90.0,,,,,,,
45962,PERFORMING,MOTORS,0,500,100,0,90.0,,,,,,,
45964,PERFORMING,MOTORS,0,500,100,0,90.0,,,,,,,
45965,PERFORMING,MOTORS,0,500,100,0,90.0,,,,,,,
45966,PERFORMING,MOTORS,0,500,100,0,90.0,,,,,,,
45967,PERFORMING,MOTORS,0,500,100,0,90.0,,,,,,,
45968,PERFORMING,MOTORS,0,500,100,0,90.0,,,,,,,
45969,PERFORMING,MOTORS,0,500,100,0,90.0,,,,,,,
45970,PERFORMING,MOTORS,0,500,100,0,90.0,,,,,,,
45972,PERFORMING,MOTORS,0,500,100,0,90.0,,,,,,,
45973,PERFORMING,MOTORS,0,500,100,0,90.0,,,,,,,
45974,PERFORMING,MOTORS,0,500,100,0,90.0,,,,,,,
45975,PERFORMING,MOTORS,0,500,100,0,90.0,,,,,,,
45976,PERFORMING,MOTORS,0,500,100,0,90.0,,,,,,,
45977,PERFORMING,MOTORS,0,500,100,0,90.0,,,,,,,
45978,PERFORMING,MOTORS,0,500,100,0,90.0,,,,,,,
45979,PERFORMING,MOTORS,0,500,100,0,90.0,,,,,,,
45981,PERFORMING,MOTORS,0,500,100,0,90.0,,,,,,,
45982,PERFORMING,MOTORS,0,500,100,0,90.0,,,,,,,
45983,PERFORMING,MOTORS,0,500,100,0,90.0,,,,,,,
45984,PERFORMING,MOTORS,0,500,100,0,90.0,,,,,,,
45985,PERFORMING,MOTORS,0,500,100,0,90.0,,,,,,,
45986,PERFORMING,MOTORS,0,500,100,0,90.0,,,,,,,
45987,PERFORMING,MOTORS,0,500,100,0,90.0,,,,,,,
45989,PERFORMING,MOTORS,0,500,100,0,90.0,,,,,,,
45990,PERFORMING,MOTORS,0,500,100,0,90.0,,,,,,,
45991,PERFORMING,MOTORS,0,500,100,0,90.0,,,,,,,
45992,PERFORMING,MOTORS,0,500,100,0,90.0,,,,,,,
45993,PERFORMING,MOTORS,0,500,100,0,90.0,,,,,,,
45995,PERFORMING,MOTORS,0,500,100,0,90.0,,,,,,,
45996,PERFORMING,MOTORS,0,500,100,0,90.0,,,,,,,
45997,PERFORMING,MOTORS,0,500,100,0,90.0,,,,,,,
45998,PERFORMING,MOTORS,0,500,100,0,90.0,,,,,,,
45999,PERFORMING,MOTORS,0,500,100,0,90.0,,,,,,,
46000,PERFORMING,MOTORS,0,500,100,0,90.0,,,,,,,
46002,PERFORMING,MOTORS,0,500,100,0,90.0,,,,,,,
46003,PERFORMING,MOTORS,0,500,100,0,90.0,,,,,,,
46004,PERFORMING,MOTORS,0,500,100,0,90.0,,,,,,,
46005,PERFORMING,MOTORS,0,500,100,0,90.0,,,,,,,
46006,PERFORMING,MOTORS,0,500,100,0,90.0,,,,,,,
46007,PERFORMING,MOTORS,0,500,100,0,90.0,,,,,,,
46008,PERFORMING,MOTORS,0,500,100,0,90.0,,,,,,,
46009,PERFORMING,MOTORS,0,500,100,0,90.0,,,,,,,
46011,PERFORMING,MOTORS,0,500,100,0,90.0,,,,,,,
46012,PERFORMING,MOTORS,0,500,100,0,90.0,,,,,,,
46013,PERFORMING,MOTORS,0,500,100,0,90.0,,,,,,,
46014,PERFORMING,MOTORS,0,500,100,0,90.0,,,,,,,
46015,PERFORMING,MOTORS,0,500,100,0,90.0,,,,,,,
46016,PERFORMING,MOTORS,0,500,100,0,90.0,,,,,,,
46018,PERFORMING,MOTORS,0,500,100,0,90.0,,,,,,,
46019,PERFORMING,MOTORS,0,500,100,0,90.0,,,,,,,
46020,PERFORMING,MOTORS,0,500,100,0,90.0,,,,,,,
46021,PERFORMING,MOTORS,0,500,100,0,90.0,,,,,,,
46022,PERFORMING,MOTORS,0,500,100,0,90.0,,,,,,,
46023,PERFORMING,MOTORS,0,500,100,0,90.0,,,,,,,
46024,PERFORMING,MOTORS,0,500,100,0,90.0,,,,,,,
46025,PERFORMING,MOTORS,0,500,100,0,90.0,,,,,,,
46027,PERFORMING,MOTORS,0,500,100,0,90.0,,,,,,,
46028,PERFORMING,MOTORS,0,500,100,0,90.0,,,,,,,
46029,PERFORMING,MOTORS,0,500,100,0,90.0,,,,,,,
46030,PERFORMING,MOTORS,0,500,100,0,90.0,,,,,,,
46031,PERFORMING,MOTORS,0,500,100,0,90.0,,,,,,,
46032,PERFORMING,MOTORS,0,500,100,0,90.0,,,,,,,
46033,PERFORMING,MOTORS,0,500,100,0,90.0,,,,,,,
46034,PERFORMING,MOTORS,0,500,100,0,90.0,,,,,,,
46035,PERFORMING,MOTORS,0,500,100,0,90.0,,,,,,,
46037,PERFORMING,MOTORS,0,500,100,0,90.0,,,,,,,
46038,PERFORMING,MOTORS,0,500,100,0,90.0,,,,,,,
46039,PERFORMING,MOTORS,0,500,100,0,90.0,,,,,,,
46040,PERFORMING,MOTORS,0,500,100,0,90.0,,,,,,,
46041,PERFORMING,MOTORS,0,500,100,0,90.0,,,,,,,
46042,PERFORMING,MOTORS,0,500,100,0,90.0,,,,,,,
46043,PERFORMING,MOTORS,0,500,100,0,90.0,,,,,,,
46044,PERFORMING,MOTORS,0,500,100,0,90.0,,,,,,,
46045,PERFORMING,MOTORS,0,500,100,0,90.0,,,,,,,
46047,PERFORMING,MOTORS,0,500,100,0,90.0,,,,,,,
46048,PERFORMING,MOTORS,0,500,100,0,90.0,,,,,,,
46049,PERFORMING,MOTORS,0,500,100,0,90.0,,,,,,,
46050,PERFORMING,MOTORS,0,500,100,0,90.0,,,,,,,
46051,PERFORMING,MOTORS,0,500,100,0,90.0,,,,,,,
46052,PERFORMING,MOTORS,0,500,100,0,90.0,,,,,,,
46053,PERFORMING,MOTORS,0,500,100,0,90.0,,,,,,,
46055,PERFORMING,MOTORS,0,500,100,0,90.0,,,,,,,
46056,PERFORMING,MOTORS,0,500,100,0,90.0,,,,,,,
46057,PERFORMING,MOTORS,0,500,100,0,90.0,,,,,,,
46058,PERFORMING,MOTORS,0,500,100,0,90.0,,,,,,,
46059,PERFORMING,MOTORS,0,500,100,0,90.0,,,,,,,
46060,PERFORMING,MOTORS,0,500,100,0,90.0,,,,,,,
46061,PERFORMING,MOTORS,0,500,100,0,90.0,,,,,,,
46063,PERFORMING,MOTORS,0,500,100,0,90.0,,,,,,,
46064,PERFORMING,MOTORS,0,500,100,0,90.0,,,,,,,
46065,PERFORMING,MOTORS,0,500,100,0,90.0,,,,,,,
46066,PERFORMING,MOTORS,0,500,100,0,90.0,,,,,,,
46067,PERFORMING,MOTORS,0,500,100,0,90.0,,,,,,,
46068,PERFORMING,MOTORS,0,500,100,0,90.0,,,,,,,
46069,PERFORMING,MOTORS,0,500,100,0,90.0,,,,,,,
46070,PERFORMING,MOTORS,0,500,100,0,90.0,,,,,,,
46072,PERFORMING,MOTORS,0,500,100,0,90.0,,,,,,,
46073,PERFORMING,MOTORS,0,500,100,0,90.0,,,,,,,
46074,PERFORMING,MOTORS,0,500,100,0,90.0,,,,,,,
46075,PERFORMING,MOTORS,0,500,100,0,90.0,,,,,,,
46076,PERFORMING,MOTORS,0,500,100,0,90.0,,,,,,,
46077,PERFORMING,MOTORS,0,500,100,0,90.0,,,,,,,
46078,PERFORMING,MOTORS,0,500,100,0,90.0,,,,,,,
46080,PERFORMING,MOTORS,0,500,100,0,90.0,,,,,,,
46081,PERFORMING,MOTORS,0,500,100,0,90.0,,,,,,,
46082,PERFORMING,MOTORS,0,500,100,0,90.0,,,,,,,
46083,PERFORMING,MOTORS,0,500,100,0,90.0,,,,,,,
46084,PERFORMING,MOTORS,0,500,100,0,90.0,,,,,,,
46085,PERFORMING,MOTORS,0,500,100,0,90.0,,,,,,,
46087,PERFORMING,MOTORS,0,500,100,0,90.0,,,,,,,
46088,PERFORMING,MOTORS,0,500,100,0,90.0,,,,,,,
46089,PERFORMING,MOTORS,0,500,100,0,90.0,,,,,,,
46090,PERFORMING,MOTORS,0,500,100,0,90.0,,,,,,,
46091,PERFORMING,MOTORS,0,500,100,0,90.0,,,,,,,
46092,PERFORMING,MOTORS,0,500,100,0,90.0,,,,,,,
46094,PERFORMING,MOTORS,0,500,100,0,90.0,,,,,,,
46095,PERFORMING,MOTORS,0,500,100,0,90.0,,,,,,,
46096,PERFORMING,MOTORS,0,500,100,0,90.0,,,,,,,
46097,PERFORMING,MOTORS,0,500,100,0,90.0,,,,,,,
46098,PERFORMING,MOTORS,0,500,100,0,90.0,,,,,,,
46099,PERFORMING,MOTORS,0,500,100,0,90.0,,,,,,,
46100,PERFORMING,MOTORS,0,500,100,0,90.0,,,,,,,
46101,PERFORMING,MOTORS,0,500,100,0,90.0,,,,,,,
46103,PERFORMING,MOTORS,0,500,100,0,90.0,,,,,,,
46104,PERFORMING,MOTORS,0,500,100,0,90.0,,,,,,,
46105,PERFORMING,MOTORS,0,500,100,0,90.0,,,,,,,
46106,PERFORMING,MOTORS,0,500,100,0,90.0,,,,,,,
46107,PERFORMING,MOTORS,0,500,100,0,90.0,,,,,,,
46108,PERFORMING,MOTORS,0,500,100,0,90.0,,,,,,,
46109,PERFORMING,MOTORS,0,500,100,0,90.0,,,,,,,
46111,PERFORMING,MOTORS,0,500,100,0,90.0,,,,,,,
46112,PERFORMING,MOTORS,0,500,100,0,90.0,,,,,,,
46113,PERFORMING,MOTORS,0,500,100,0,90.0,,,,,,,
46114,PERFORMING,MOTORS,0,500,100,0,90.0,,,,,,,
46115,PERFORMING,MOTORS,0,500,100,0,90.0,,,,,,,
46116,PERFORMING,MOTORS,0,500,100,0,90.0,,,,,,,
46117,PERFORMING,MOTORS,0,500,100,0,90.0,,,,,,,
46118,PERFORMING,MOTORS,0,500,100,0,90.0,,,,,,,
46119,PERFORMING,MOTORS,0,500,100,0,90.0,,,,,,,
46120,PERFORMING,MOTORS,0,500,100,0,90.0,,,,,,,
46122,PERFORMING,MOTORS,0,500,100,0,90.0,,,,,,,
46123,PERFORMING,MOTORS,0,500,100,0,90.0,,,,,,,
46124,PERFORMING,MOTORS,0,500,100,0,90.0,,,,,,,
46125,PERFORMING,MOTORS,0,500,100,0,90.0,,,,,,,
46126,PERFORMING,MOTORS,0,500,100,0,90.0,,,,,,,
46127,PERFORMING,MOTORS,0,500,100,0,90.0,,,,,,,
46128,PERFORMING,MOTORS,0,500,100,0,90.0,,,,,,,
46130,PERFORMING,MOTORS,0,500,100,0,90.0,,,,,,,
46131,PERFORMING,MOTORS,0,500,100,0,90.0,,,,,,,
46132,PERFORMING,MOTORS,0,500,100,0,90.0,,,,,,,
46133,PERFORMING,MOTORS,0,500,100,0,90.0,,,,,,,
46134,PERFORMING,MOTORS,0,500,100,0,90.0,,,,,,,
46135,PERFORMING,MOTORS,0,500,100,0,90.0,,,,,,,
46136,PERFORMING,MOTORS,0,500,100,0,90.0,,,,,,,
46138,PERFORMING,MOTORS,0,500,100,0,90.0,,,,,,,
46139,PERFORMING,MOTORS,0,500,100,0,90.0,,,,,,,
46140,PERFORMING,MOTORS,0,500,100,0,90.0,,,,,,,
46141,PERFORMING,MOTORS,0,500,100,0,90.0,,,,,,,
46142,PERFORMING,MOTORS,0,500,100,0,90.0,,,,,,,
46144,PERFORMING,MOTORS,0,500,100,0,90.0,,,,,,,
46145,PERFORMING,MOTORS,0,500,100,0,90.0,,,,,,,
46146,PERFORMING,MOTORS,0,500,100,0,90.0,,,,,,,
46147,PERFORMING,MOTORS,0,500,100,0,90.0,,,,,,,
46148,PERFORMING,MOTORS,0,500,100,0,90.0,,,,,,,
46149,PERFORMING,MOTORS,0,500,100,0,90.0,,,,,,,
46150,PERFORMING,MOTORS,0,500,100,0,90.0,,,,,,,
46151,PERFORMING,MOTORS,0,500,100,0,90.0,,,,,,,
46152,PERFORMING,MOTORS,0,500,100,0,90.0,,,,,,,
46154,PERFORMING,MOTORS,0,500,100,0,90.0,,,,,,,
46155,PERFORMING,MOTORS,0,500,100,0,90.0,,,,,,,
46156,PERFORMING,MOTORS,0,500,100,0,90.0,,,,,,,
46157,PERFORMING,MOTORS,0,500,100,0,90.0,,,,,,,
46158,PERFORMING,MOTORS,0,500,100,0,90.0,,,,,,,
46159,PERFORMING,MOTORS,0,500,100,0,90.0,,,,,,,
46160,PERFORMING,MOTORS,0,500,100,0,90.0,,,,,,,
46161,PERFORMING,MOTORS,0,500,100,0,90.0,,,,,,,
46163,PERFORMING,MOTORS,0,500,100,0,90.0,,,,,,,
46164,PERFORMING,MOTORS,0,500,100,0,90.0,,,,,,,
46165,PERFORMING,MOTORS,0,500,100,0,90.0,,,,,,,
46166,PERFORMING,MOTORS,0,500,100,0,90.0,,,,,,,
46167,PERFORMING,MOTORS,0,500,100,0,90.0,,,,,,,
46168,PERFORMING,MOTORS,0,500,100,0,90.0,,,,,,,
46169,PERFORMING,MOTORS,0,500,100,0,90.0,,,,,,,
46171,PERFORMING,MOTORS,0,500,100,0,90.0,,,,,,,
46172,PERFORMING,MOTORS,0,500,100,0,90.0,,,,,,,
46173,PERFORMING,MOTORS,0,500,100,0,90.0,,,,,,,
46174,PERFORMING,MOTORS,0,500,100,0,90.0,,,,,,,
46175,PERFORMING,MOTORS,0,500,100,0,90.0,,,,,,,
46176,PERFORMING,MOTORS,0,500,100,0,90.0,,,,,,,
46177,PERFORMING,MOTORS,0,500,100,0,90.0,,,,,,,
46178,PERFORMING,MOTORS,0,500,100,0,90.0,,,,,,,
46180,PERFORMING,MOTORS,0,500,100,0,90.0,,,,,,,
46181,PERFORMING,MOTORS,0,500,100,0,90.0,,,,,,,
46182,PERFORMING,MOTORS,0,500,100,0,90.0,,,,,,,
46183,PERFORMING,MOTORS,0,500,100,0,90.0,,,,,,,
46184,PERFORMING,MOTORS,0,500,100,0,90.0,,,,,,,
46185,PERFORMING,MOTORS,0,500,100,0,90.0,,,,,,,
46186,PERFORMING,MOTORS,0,500,100,0,90.0,,,,,,,
46187,PERFORMING,MOTORS,0,500,100,0,90.0,,,,,,,
46189,PERFORMING,MOTORS,0,500,100,0,90.0,,,,,,,
46190,PERFORMING,MOTORS,0,500,100,0,90.0,,,,,,,
46191,PERFORMING,MOTORS,0,500,100,0,90.0,,,,,,,
46192,PERFORMING,MOTORS,0,500,100,0,90.0,,,,,,,
46193,PERFORMING,MOTORS,0,500,100,0,90.0,,,,,,,
46194,PERFORMING,MOTORS,0,500,100,0,90.0,,,,,,,
46195,PERFORMING,MOTORS,0,500,100,0,90.0,,,,,,,
46196,PERFORMING,MOTORS,0,500,100,0,90.0,,,,,,,
46198,PERFORMING,MOTORS,0,500,100,0,90.0,,,,,,,
46199,PERFORMING,MOTORS,0,500,100,0,90.0,,,,,,,
46200,PERFORMING,MOTORS,0,500,100,0,90.0,,,,,,,
46201,PERFORMING,MOTORS,0,500,100,0,90.0,,,,,,,
46202,PERFORMING,MOTORS,0,500,100,0,90.0,,,,,,,
46203,PERFORMING,MOTORS,0,500,100,0,90.0,,,,,,,
46204,PERFORMING,MOTORS,0,500,100,0,90.0,,,,,,,
46206,PERFORMING,MOTORS,0,500,100,0,90.0,,,,,,,
46207,PERFORMING,MOTORS,0,500,100,0,90.0,,,,,,,
46208,PERFORMING,MOTORS,0,500,100,0,90.0,,,,,,,
46209,PERFORMING,MOTORS,0,500,100,0,90.0,,,,,,,
46210,PERFORMING,MOTORS,0,500,100,0,90.0,,,,,,,
46211,PERFORMING,MOTORS,0,500,100,0,90.0,,,,,,,
46213,PERFORMING,MOTORS,0,500,100,0,90.0,,,,,,,
46214,PERFORMING,MOTORS,0,500,100,0,90.0,,,,,,,
46215,PERFORMING,MOTORS,0,500,100,0,90.0,,,,,,,
46216,PERFORMING,MOTORS,0,500,100,0,90.0,,,,,,,
46217,PERFORMING,MOTORS,0,500,100,0,90.0,,,,,,,
46218,PERFORMING,MOTORS,0,500,100,0,90.0,,,,,,,
46219,PERFORMING,MOTORS,0,500,100,0,90.0,,,,,,,
46221,PERFORMING,MOTORS,0,500,100,0,90.0,,,,,,,
46222,PERFORMING,MOTORS,0,500,100,0,90.0,,,,,,,
46223,PERFORMING,MOTORS,0,500,100,0,90.0,,,,,,,
46224,PERFORMING,MOTORS,0,500,100,0,90.0,,,,,,,
46225,PERFORMING,MOTORS,0,500,100,0,90.0,,,,,,,
46226,PERFORMING,MOTORS,0,500,100,0,90.0,,,,,,,
46228,PERFORMING,MOTORS,0,500,100,0,90.0,,,,,,,
46229,PERFORMING,MOTORS,0,500,100,0,90.0,,,,,,,
46230,PERFORMING,MOTORS,0,500,100,0,90.0,,,,,,,
46231,PERFORMING,MOTORS,0,500,100,0,90.0,,,,,,,
46232,PERFORMING,MOTORS,0,500,100,0,90.0,,,,,,,
46233,PERFORMING,MOTORS,0,500,100,0,90.0,,,,,,,
46235,PERFORMING,MOTORS,0,500,100,0,90.0,,,,,,,
46236,PERFORMING,MOTORS,0,500,100,0,90.0,,,,,,,
46237,PERFORMING,MOTORS,0,500,100,0,90.0,,,,,,,
46238,PERFORMING,MOTORS,0,500,100,0,90.0,,,,,,,
46239,PERFORMING,MOTORS,0,500,100,0,90.0,,,,,,,
46240,PERFORMING,MOTORS,0,500,100,0,90.0,,,,,,,
46241,PERFORMING,MOTORS,0,500,100,0,90.0,,,,,,,
46243,PERFORMING,MOTORS,0,500,100,0,90.0,,,,,,,
46244,PERFORMING,MOTORS,0,500,100,0,90.0,,,,,,,
46245,PERFORMING,MOTORS,0,500,100,0,90.0,,,,,,,
46246,PERFORMING,MOTORS,0,500,100,0,90.0,,,,,,,
46247,PERFORMING,MOTORS,0,500,100,0,90.0,,,,,,,
46248,PERFORMING,MOTORS,0,500,100,0,90.0,,,,,,,
46249,PERFORMING,MOTORS,0,500,100,0,90.0,,,,,,,
46251,PERFORMING,MOTORS,0,500,100,0,90.0,,,,,,,
46252,PERFORMING,MOTORS,0,500,100,0,90.0,,,,,,,
46253,PERFORMING,MOTORS,0,500,100,0,90.0,,,,,,,
46254,PERFORMING,MOTORS,0,500,100,0,90.0,,,,,,,
46255,PERFORMING,MOTORS,0,500,100,0,90.0,,,,,,,
46256,PERFORMING,MOTORS,0,500,100,0,90.0,,,,,,,
46258,PERFORMING,MOTORS,0,500,100,0,90.0,,,,,,,
46259,PERFORMING,MOTORS,0,500,100,0,90.0,,,,,,,
46260,PERFORMING,MOTORS,0,500,100,0,90.0,,,,,,,
46261,PERFORMING,MOTORS,0,500,100,0,90.0,,,,,,,
46262,PERFORMING,MOTORS,0,500,100,0,90.0,,,,,,,
46263,PERFORMING,MOTORS,0,500,100,0,90.0,,,,,,,
46264,PERFORMING,MOTORS,0,500,100,0,90.0,,,,,,,
46266,PERFORMING,MOTORS,0,500,100,0,90.0,,,,,,,
46267,PERFORMING,MOTORS,0,500,100,0,90.0,,,,,,,
46268,PERFORMING,MOTORS,0,500,100,0,90.0,,,,,,,
46269,PERFORMING,MOTORS,0,500,100,0,90.0,,,,,,,
46270,PERFORMING,MOTORS,0,500,100,0,90.0,,,,,,,
46271,PERFORMING,MOTORS,0,500,100,0,90.0,,,,,,,
46272,PERFORMING,MOTORS,0,500,100,0,90.0,,,,,,,
46273,PERFORMING,MOTORS,0,500,100,0,90.0,,,,,,,
46275,PERFORMING,MOTORS,0,500,100,0,90.0,,,,,,,
46276,PERFORMING,MOTORS,0,500,100,0,90.0,,,,,,,
46277,PERFORMING,MOTORS,0,500,100,0,90.0,,,,,,,
46278,PERFORMING,MOTORS,0,500,100,0,90.0,,,,,,,
46279,PERFORMING,MOTORS,0,500,100,0,90.0,,,,,,,
46280,PERFORMING,MOTORS,0,500,100,0,90.0,,,,,,,
46281,PERFORMING,MOTORS,0,500,100,0,90.0,,,,,,,
46283,PERFORMING,MOTORS,0,500,100,0,90.0,,,,,,,
46284,PERFORMING,MOTORS,0,500,100,0,90.0,,,,,,,
46285,PERFORMING,MOTORS,0,500,100,0,90.0,,,,,,,
46286,PERFORMING,MOTORS,0,500,100,0,90.0,,,,,,,
46287,PERFORMING,MOTORS,0,500,100,0,90.0,,,,,,,
46288,PERFORMING,MOTORS,0,500,100,0,90.0,,,,,,,
46289,PERFORMING,MOTORS,0,500,100,0,90.0,,,,,,,
46290,PERFORMING,MOTORS,0,500,100,0,90.0,,,,,,,
46292,PERFORMING,MOTORS,0,500,100,0,90.0,,,,,,,
46293,PERFORMING,MOTORS,0,500,100,0,90.0,,,,,,,
46294,PERFORMING,MOTORS,0,500,100,0,90.0,,,,,,,
46295,PERFORMING,MOTORS,0,500,100,0,90.0,,,,,,,
46296,PERFORMING,MOTORS,0,500,100,0,90.0,,,,,,,
46297,PERFORMING,MOTORS,0,500,100,0,90.0,,,,,,,
46299,PERFORMING,MOTORS,0,500,100,0,90.0,,,,,,,
46300,PERFORMING,MOTORS,0,500,100,0,90.0,,,,,,,
46304,PERFORMING,MOTORS,0,500,100,0,90.0,,,,,,,
46305,PERFORMING,MOTORS,0,500,100,0,90.0,,,,,,,
46306,PERFORMING,MOTORS,0,500,100,0,90.0,,,,,,,
46307,PERFORMING,MOTORS,0,500,100,0,90.0,,,,,,,
46309,PERFORMING,MOTORS,0,500,100,0,90.0,,,,,,,
46310,PERFORMING,MOTORS,0,500,100,0,90.0,,,,,,,
46311,PERFORMING,MOTORS,0,500,100,0,90.0,,,,,,,
46312,PERFORMING,MOTORS,0,500,100,0,90.0,,,,,,,
46313,PERFORMING,MOTORS,0,500,100,0,90.0,,,,,,,
46314,PERFORMING,MOTORS,0,500,100,0,90.0,,,,,,,
46315,PERFORMING,MOTORS,0,500,100,0,90.0,,,,,,,
46317,PERFORMING,MOTORS,0,500,100,0,90.0,,,,,,,
46318,PERFORMING,MOTORS,0,500,100,0,90.0,,,,,,,
46319,PERFORMING,MOTORS,0,500,100,0,90.0,,,,,,,
46320,PERFORMING,MOTORS,0,500,100,0,90.0,,,,,,,
46321,PERFORMING,MOTORS,0,500,100,0,90.0,,,,,,,
46323,PERFORMING,MOTORS,0,500,100,0,90.0,,,,,,,
46324,PERFORMING,MOTORS,0,500,100,0,90.0,,,,,,,
46325,PERFORMING,MOTORS,0,500,100,0,90.0,,,,,,,
46326,PERFORMING,MOTORS,0,500,100,0,90.0,,,,,,,
46327,PERFORMING,MOTORS,0,500,100,0,90.0,,,,,,,
46328,PERFORMING,MOTORS,0,500,100,0,90.0,,,,,,,
46330,PERFORMING,MOTORS,0,500,100,0,90.0,,,,,,,
46331,PERFORMING,MOTORS,0,500,100,0,90.0,,,,,,,
46332,PERFORMING,MOTORS,0,500,100,0,90.0,,,,,,,
46333,PERFORMING,MOTORS,0,500,100,0,90.0,,,,,,,
46334,PERFORMING,MOTORS,0,500,100,0,90.0,,,,,,,
46335,PERFORMING,MOTORS,0,500,100,0,90.0,,,,,,,
46336,PERFORMING,MOTORS,0,500,100,0,90.0,,,,,,,
46338,PERFORMING,MOTORS,0,500,100,0,90.0,,,,,,,
46339,PERFORMING,MOTORS,0,500,100,0,90.0,,,,,,,
46340,PERFORMING,MOTORS,0,500,100,0,90.0,,,,,,,
46341,PERFORMING,MOTORS,0,500,100,0,90.0,,,,,,,
46342,PERFORMING,MOTORS,0,500,100,0,90.0,,,,,,,
46343,PERFORMING,MOTORS,0,500,100,0,90.0,,,,,,,
46344,PERFORMING,MOTORS,0,500,100,0,90.0,,,,,,,
46346,PERFORMING,MOTORS,0,500,100,0,90.0,,,,,,,
46347,PERFORMING,MOTORS,0,500,100,0,90.0,,,,,,,
46348,PERFORMING,MOTORS,0,500,100,0,90.0,,,,,,,
46349,PERFORMING,MOTORS,0,500,100,0,90.0,,,,,,,
46350,PERFORMING,MOTORS,0,500,100,0,90.0,,,,,,,
46351,PERFORMING,MOTORS,0,500,100,0,90.0,,,,,,,
46353,PERFORMING,MOTORS,0,500,100,0,90.0,,,,,,,
46354,PERFORMING,MOTORS,0,500,100,0,90.0,,,,,,,
46355,PERFORMING,MOTORS,0,500,100,0,90.0,,,,,,,
46356,PERFORMING,MOTORS,0,500,100,0,90.0,,,,,,,
46357,PERFORMING,MOTORS,0,500,100,0,90.0,,,,,,,
46358,PERFORMING,MOTORS,0,500,100,0,90.0,,,,,,,
46359,PERFORMING,MOTORS,0,500,100,0,90.0,,,,,,,
46360,PERFORMING,MOTORS,0,500,100,0,90.0,,,,,,,
46362,PERFORMING,MOTORS,0,500,100,0,90.0,,,,,,,
46363,PERFORMING,MOTORS,0,500,100,0,90.0,,,,,,,
46364,PERFORMING,MOTORS,0,500,100,0,90.0,,,,,,,
46365,PERFORMING,MOTORS,0,500,100,0,90.0,,,,,,,
46366,PERFORMING,MOTORS,0,500,100,0,90.0,,,,,,,
46367,PERFORMING,MOTORS,0,500,100,0,90.0,,,,,,,
46368,PERFORMING,MOTORS,0,500,100,0,90.0,,,,,,,
46369,PERFORMING,MOTORS,0,500,100,0,90.0,,,,,,,
46370,PERFORMING,MOTORS,0,500,100,0,90.0,,,,,,,
46372,PERFORMING,MOTORS,0,500,100,0,90.0,,,,,,,
46373,PERFORMING,MOTORS,0,500,100,0,90.0,,,,,,,
46374,PERFORMING,MOTORS,0,500,100,0,90.0,,,,,,,
46375,PERFORMING,MOTORS,0,500,100,0,90.0,,,,,,,
46376,PERFORMING,MOTORS,0,500,100,0,90.0,,,,,,,
46377,PERFORMING,MOTORS,0,500,100,0,90.0,,,,,,,
46378,PERFORMING,MOTORS,0,500,100,0,90.0,,,,,,,
46379,PERFORMING,MOTORS,0,500,100,0,90.0,,,,,,,
46381,PERFORMING,MOTORS,0,500,100,0,90.0,,,,,,,
46382,PERFORMING,MOTORS,0,500,100,0,90.0,,,,,,,
46383,PERFORMING,MOTORS,0,500,100,0,90.0,,,,,,,
46384,PERFORMING,MOTORS,0,500,100,0,90.0,,,,,,,
46385,PERFORMING,MOTORS,0,500,100,0,90.0,,,,,,,
46386,PERFORMING,MOTORS,0,500,100,0,90.0,,,,,,,
46387,PERFORMING,MOTORS,0,500,100,0,90.0,,,,,,,
46388,PERFORMING,MOTORS,0,500,100,0,90.0,,,,,,,
46389,PERFORMING,MOTORS,0,500,100,0,90.0,,,,,,,
46391,PERFORMING,MOTORS,0,500,100,0,90.0,,,,,,,
46392,PERFORMING,MOTORS,0,500,100,0,90.0,,,,,,,
46393,PERFORMING,MOTORS,0,500,100,0,90.0,,,,,,,
46394,PERFORMING,MOTORS,0,500,100,0,90.0,,,,,,,
46395,PERFORMING,MOTORS,0,500,100,0,90.0,,,,,,,
46396,PERFORMING,MOTORS,0,500,100,0,90.0,,,,,,,
46397,PERFORMING,MOTORS,0,500,100,0,90.0,,,,,,,
46398,PERFORMING,MOTORS,0,500,100,0,90.0,,,,,,,
46400,PERFORMING,MOTORS,0,500,100,0,90.0,,,,,,,
46401,PERFORMING,MOTORS,0,500,100,0,90.0,,,,,,,
46402,PERFORMING,MOTORS,0,500,100,0,90.0,,,,,,,
46403,PERFORMING,MOTORS,0,500,100,0,90.0,,,,,,,
46404,PERFORMING,MOTORS,0,500,100,0,90.0,,,,,,,
46405,PERFORMING,MOTORS,0,500,100,0,90.0,,,,,,,
46406,PERFORMING,MOTORS,0,500,100,0,90.0,,,,,,,
46408,PERFORMING,MOTORS,0,500,100,0,90.0,,,,,,,
46409,PERFORMING,MOTORS,0,500,100,0,90.0,,,,,,,
46410,PERFORMING,MOTORS,0,500,100,0,90.0,,,,,,,
46411,PERFORMING,MOTORS,0,500,100,0,90.0,,,,,,,
46412,PERFORMING,MOTORS,0,500,100,0,90.0,,,,,,,
46413,PERFORMING,MOTORS,0,500,100,0,90.0,,,,,,,
46414,PERFORMING,MOTORS,0,500,100,0,90.0,,,,,,,
46415,PERFORMING,MOTORS,0,500,100,0,90.0,,,,,,,
46416,PERFORMING,MOTORS,0,500,100,0,90.0,,,,,,,
46418,PERFORMING,MOTORS,0,500,100,0,90.0,,,,,,,
46419,PERFORMING,MOTORS,0,500,100,0,90.0,,,,,,,
46420,PERFORMING,MOTORS,0,500,100,0,90.0,,,,,,,
46421,PERFORMING,MOTORS,0,500,100,0,90.0,,,,,,,
46422,PERFORMING,MOTORS,0,500,100,0,90.0,,,,,,,
46423,PERFORMING,MOTORS,0,500,100,0,90.0,,,,,,,
46424,PERFORMING,MOTORS,0,500,100,0,90.0,,,,,,,
46425,PERFORMING,MOTORS,0,500,100,0,90.0,,,,,,,
46427,PERFORMING,MOTORS,0,500,100,0,90.0,,,,,,,
46428,PERFORMING,MOTORS,0,500,100,0,90.0,,,,,,,
46429,PERFORMING,MOTORS,0,500,100,0,90.0,,,,,,,
46430,PERFORMING,MOTORS,0,500,100,0,90.0,,,,,,,
46431,PERFORMING,MOTORS,0,500,100,0,90.0,,,,,,,
46432,PERFORMING,MOTORS,0,500,100,0,90.0,,,,,,,
46434,PERFORMING,MOTORS,0,500,100,0,90.0,,,,,,,
46435,PERFORMING,MOTORS,0,500,100,0,90.0,,,,,,,
46436,PERFORMING,MOTORS,0,500,100,0,90.0,,,,,,,
46437,PERFORMING,MOTORS,0,500,100,0,90.0,,,,,,,
46438,PERFORMING,MOTORS,0,500,100,0,90.0,,,,,,,
46439,PERFORMING,MOTORS,0,500,100,0,90.0,,,,,,,
46440,PERFORMING,MOTORS,0,500,100,0,90.0,,,,,,,
46442,PERFORMING,MOTORS,0,500,100,0,90.0,,,,,,,
46443,PERFORMING,MOTORS,0,500,100,0,90.0,,,,,,,
46444,PERFORMING,MOTORS,0,500,100,0,90.0,,,,,,,
46445,PERFORMING,MOTORS,0,500,100,0,90.0,,,,,,,
46446,PERFORMING,MOTORS,0,500,100,0,90.0,,,,,,,
46447,PERFORMING,MOTORS,0,500,100,0,90.0,,,,,,,
46449,PERFORMING,MOTORS,0,500,100,0,90.0,,,,,,,
46450,PERFORMING,MOTORS,0,500,100,0,90.0,,,,,,,
46451,PERFORMING,MOTORS,0,500,100,0,90.0,,,,,,,
46452,PERFORMING,MOTORS,0,500,100,0,90.0,,,,,,,
46453,PERFORMING,MOTORS,0,500,100,0,90.0,,,,,,,
46454,PERFORMING,MOTORS,0,500,100,0,90.0,,,,,,,
46455,PERFORMING,MOTORS,0,500,100,0,90.0,,,,,,,
46456,PERFORMING,MOTORS,0,500,100,0,90.0,,,,,,,
46458,PERFORMING,MOTORS,0,500,100,0,90.0,,,,,,,
46459,PERFORMING,MOTORS,0,500,100,0,90.0,,,,,,,
46460,PERFORMING,MOTORS,0,500,100,0,90.0,,,,,,,
46461,PERFORMING,MOTORS,0,500,100,0,90.0,,,,,,,
46462,PERFORMING,MOTORS,0,500,100,0,90.0,,,,,,,
46463,PERFORMING,MOTORS,0,500,100,0,90.0,,,,,,,
46464,PERFORMING,MOTORS,0,500,100,0,90.0,,,,,,,
46466,PERFORMING,MOTORS,0,500,100,0,90.0,,,,,,,
46467,PERFORMING,MOTORS,0,500,100,0,90.0,,,,,,,
46468,PERFORMING,MOTORS,0,500,100,0,90.0,,,,,,,
46469,PERFORMING,MOTORS,0,500,100,0,90.0,,,,,,,
46470,PERFORMING,MOTORS,0,500,100,0,90.0,,,,,,,
46471,PERFORMING,MOTORS,0,500,100,0,90.0,,,,,,,
46472,PERFORMING,MOTORS,0,500,100,0,90.0,,,,,,,
46473,PERFORMING,MOTORS,0,500,100,0,90.0,,,,,,,
46474,PERFORMING,MOTORS,0,500,100,0,90.0,,,,,,,
46476,PERFORMING,MOTORS,0,500,100,0,90.0,,,,,,,
46477,PERFORMING,MOTORS,0,500,100,0,90.0,,,,,,,
46478,PERFORMING,MOTORS,0,500,100,0,90.0,,,,,,,
46479,PERFORMING,MOTORS,0,500,100,0,90.0,,,,,,,
46480,PERFORMING,MOTORS,0,500,100,0,90.0,,,,,,,
46481,PERFORMING,MOTORS,0,500,100,0,90.0,,,,,,,
46482,PERFORMING,MOTORS,0,500,100,0,90.0,,,,,,,
46483,PERFORMING,MOTORS,0,500,100,0,90.0,,,,,,,
46485,PERFORMING,MOTORS,0,500,100,0,90.0,,,,,,,
46486,PERFORMING,MOTORS,0,500,100,0,90.0,,,,,,,
46487,PERFORMING,MOTORS,0,500,100,0,90.0,,,,,,,
46488,PERFORMING,MOTORS,0,500,100,0,90.0,,,,,,,
46489,PERFORMING,MOTORS,0,500,100,0,90.0,,,,,,,
46490,PERFORMING,MOTORS,0,500,100,0,90.0,,,,,,,
46491,PERFORMING,MOTORS,0,500,100,0,90.0,,,,,,,
46492,PERFORMING,MOTORS,0,500,100,0,90.0,,,,,,,
46493,PERFORMING,MOTORS,0,500,100,0,90.0,,,,,,,
46494,PERFORMING,MOTORS,0,500,100,0,90.0,,,,,,,
46496,PERFORMING,MOTORS,0,500,100,0,90.0,,,,,,,
46497,PERFORMING,MOTORS,0,500,100,0,90.0,,,,,,,
46498,PERFORMING,MOTORS,0,500,100,0,90.0,,,,,,,
46499,PERFORMING,MOTORS,0,500,100,0,90.0,,,,,,,
46500,PERFORMING,MOTORS,0,500,100,0,90.0,,,,,,,
46501,PERFORMING,MOTORS,0,500,100,0,90.0,,,,,,,
46503,PERFORMING,MOTORS,0,500,100,0,90.0,,,,,,,
46504,PERFORMING,MOTORS,0,500,100,0,90.0,,,,,,,
46505,PERFORMING,MOTORS,0,500,100,0,90.0,,,,,,,
46506,PERFORMING,MOTORS,0,500,100,0,90.0,,,,,,,
46507,PERFORMING,MOTORS,0,500,100,0,90.0,,,,,,,
46508,PERFORMING,MOTORS,0,500,100,0,90.0,,,,,,,
46510,PERFORMING,MOTORS,0,500,100,0,90.0,,,,,,,
46511,PERFORMING,MOTORS,0,500,100,0,90.0,,,,,,,
46512,PERFORMING,MOTORS,0,500,100,0,90.0,,,,,,,
46513,PERFORMING,MOTORS,0,500,100,0,90.0,,,,,,,
46514,PERFORMING,MOTORS,0,500,100,0,90.0,,,,,,,
46515,PERFORMING,MOTORS,0,500,100,0,90.0,,,,,,,
46517,PERFORMING,MOTORS,0,500,100,0,90.0,,,,,,,
46518,PERFORMING,MOTORS,0,500,100,0,90.0,,,,,,,
46519,PERFORMING,MOTORS,0,500,100,0,90.0,,,,,,,
46520,PERFORMING,MOTORS,0,500,100,0,90.0,,,,,,,
46521,PERFORMING,MOTORS,0,500,100,0,90.0,,,,,,,
46522,PERFORMING,MOTORS,0,500,100,0,90.0,,,,,,,
46523,PERFORMING,MOTORS,0,500,100,0,90.0,,,,,,,
46524,PERFORMING,MOTORS,0,500,100,0,90.0,,,,,,,
46526,PERFORMING,MOTORS,0,500,100,0,90.0,,,,,,,
46527,PERFORMING,MOTORS,0,500,100,0,90.0,,,,,,,
46528,PERFORMING,MOTORS,0,500,100,0,90.0,,,,,,,
46529,PERFORMING,MOTORS,0,500,100,0,90.0,,,,,,,
46530,PERFORMING,MOTORS,0,500,100,0,90.0,,,,,,,
46531,PERFORMING,MOTORS,0,500,100,0,90.0,,,,,,,
46532,PERFORMING,MOTORS,0,500,100,0,90.0,,,,,,,
46533,PERFORMING,MOTORS,0,500,100,0,90.0,,,,,,,
46534,PERFORMING,MOTORS,0,500,100,0,90.0,,,,,,,
46536,PERFORMING,MOTORS,0,500,100,0,90.0,,,,,,,
46537,PERFORMING,MOTORS,0,500,100,0,90.0,,,,,,,
46538,PERFORMING,MOTORS,0,500,100,0,90.0,,,,,,,
46539,PERFORMING,MOTORS,0,500,100,0,90.0,,,,,,,
46540,PERFORMING,MOTORS,0,500,100,0,90.0,,,,,,,
46541,PERFORMING,MOTORS,0,500,100,0,90.0,,,,,,,
46542,PERFORMING,MOTORS,0,500,100,0,90.0,,,,,,,
46544,PERFORMING,MOTORS,0,500,100,0,90.0,,,,,,,
46545,PERFORMING,MOTORS,0,500,100,0,90.0,,,,,,,
46546,PERFORMING,MOTORS,0,500,100,0,90.0,,,,,,,
46547,PERFORMING,MOTORS,0,500,100,0,90.0,,,,,,,
46548,PERFORMING,MOTORS,0,500,100,0,90.0,,,,,,,
46549,PERFORMING,MOTORS,0,500,100,0,90.0,,,,,,,
46550,PERFORMING,MOTORS,0,500,100,0,90.0,,,,,,,
46552,PERFORMING,MOTORS,0,500,100,0,90.0,,,,,,,
46553,PERFORMING,MOTORS,0,500,100,0,90.0,,,,,,,
46554,PERFORMING,MOTORS,0,500,100,0,90.0,,,,,,,
46555,PERFORMING,MOTORS,0,500,100,0,90.0,,,,,,,
46556,PERFORMING,MOTORS,0,500,100,0,90.0,,,,,,,
46557,PERFORMING,MOTORS,0,500,100,0,90.0,,,,,,,
46558,PERFORMING,MOTORS,0,500,100,0,90.0,,,,,,,
46560,PERFORMING,MOTORS,0,500,100,0,90.0,,,,,,,
46561,PERFORMING,MOTORS,0,500,100,0,90.0,,,,,,,
46562,PERFORMING,MOTORS,0,500,100,0,90.0,,,,,,,
46563,PERFORMING,MOTORS,0,500,100,0,90.0,,,,,,,
46564,PERFORMING,MOTORS,0,500,100,0,90.0,,,,,,,
46566,PERFORMING,MOTORS,0,500,100,0,90.0,,,,,,,
46567,PERFORMING,MOTORS,0,500,100,0,90.0,,,,,,,
46568,PERFORMING,MOTORS,0,500,100,0,90.0,,,,,,,
46569,PERFORMING,MOTORS,0,500,100,0,90.0,,,,,,,
46570,PERFORMING,MOTORS,0,500,100,0,90.0,,,,,,,
46571,PERFORMING,MOTORS,0,500,100,0,90.0,,,,,,,
46572,PERFORMING,MOTORS,0,500,100,0,90.0,,,,,,,
46574,PERFORMING,MOTORS,0,500,100,0,90.0,,,,,,,
46575,PERFORMING,MOTORS,0,500,100,0,90.0,,,,,,,
46576,PERFORMING,MOTORS,0,500,100,0,90.0,,,,,,,
46577,PERFORMING,MOTORS,0,500,100,0,90.0,,,,,,,
46578,PERFORMING,MOTORS,0,500,100,0,90.0,,,,,,,
46579,PERFORMING,MOTORS,0,500,100,0,90.0,,,,,,,
46580,PERFORMING,MOTORS,0,500,100,0,90.0,,,,,,,
46582,PERFORMING,MOTORS,0,500,100,0,90.0,,,,,,,
46583,PERFORMING,MOTORS,0,500,100,0,90.0,,,,,,,
46584,PERFORMING,MOTORS,0,500,100,0,90.0,,,,,,,
46585,PERFORMING,MOTORS,0,500,100,0,90.0,,,,,,,
46586,PERFORMING,MOTORS,0,500,100,0,90.0,,,,,,,
46587,PERFORMING,MOTORS,0,500,100,0,90.0,,,,,,,
46588,PERFORMING,MOTORS,0,500,100,0,90.0,,,,,,,
46589,PERFORMING,MOTORS,0,500,100,0,90.0,,,,,,,
46590,PERFORMING,MOTORS,0,500,100,0,90.0,,,,,,,
46592,PERFORMING,MOTORS,0,500,100,0,90.0,,,,,,,
46593,PERFORMING,MOTORS,0,500,100,0,90.0,,,,,,,
46594,PERFORMING,MOTORS,0,500,100,0,90.0,,,,,,,
46595,PERFORMING,MOTORS,0,500,100,0,90.0,,,,,,,
46596,PERFORMING,MOTORS,0,500,100,0,90.0,,,,,,,
46597,PERFORMING,MOTORS,0,500,100,0,90.0,,,,,,,
46598,PERFORMING,MOTORS,0,500,100,0,90.0,,,,,,,
46599,PERFORMING,MOTORS,0,500,100,0,90.0,,,,,,,
46600,PERFORMING,MOTORS,0,500,100,0,90.0,,,,,,,
46602,PERFORMING,MOTORS,0,500,100,0,90.0,,,,,,,
46603,PERFORMING,MOTORS,0,500,100,0,90.0,,,,,,,
46604,PERFORMING,MOTORS,0,500,100,0,90.0,,,,,,,
46605,PERFORMING,MOTORS,0,500,100,0,90.0,,,,,,,
46606,PERFORMING,MOTORS,0,500,100,0,90.0,,,,,,,
46607,PERFORMING,MOTORS,0,500,100,0,90.0,,,,,,,
46608,PERFORMING,MOTORS,0,500,100,0,90.0,,,,,,,
46609,PERFORMING,MOTORS,0,500,100,0,90.0,,,,,,,
46610,PERFORMING,MOTORS,0,500,100,0,90.0,,,,,,,
46611,PERFORMING,MOTORS,0,500,100,0,90.0,,,,,,,
46613,PERFORMING,MOTORS,0,500,100,0,90.0,,,,,,,
46614,PERFORMING,MOTORS,0,500,100,0,90.0,,,,,,,
46615,PERFORMING,MOTORS,0,500,100,0,90.0,,,,,,,
46616,PERFORMING,MOTORS,0,500,100,0,90.0,,,,,,,
46617,PERFORMING,MOTORS,0,500,100,0,90.0,,,,,,,
46618,PERFORMING,MOTORS,0,500,100,0,90.0,,,,,,,
46619,PERFORMING,MOTORS,0,500,100,0,90.0,,,,,,,
46621,PERFORMING,MOTORS,0,500,100,0,90.0,,,,,,,
46622,PERFORMING,MOTORS,0,500,100,0,90.0,,,,,,,
46623,PERFORMING,MOTORS,0,500,100,0,90.0,,,,,,,
46624,PERFORMING,MOTORS,0,500,100,0,90.0,,,,,,,
46625,PERFORMING,MOTORS,0,500,100,0,90.0,,,,,,,
46626,PERFORMING,MOTORS,0,500,100,0,90.0,,,,,,,
46628,PERFORMING,MOTORS,0,500,100,0,90.0,,,,,,,
46629,PERFORMING,MOTORS,0,500,100,0,90.0,,,,,,,
46630,PERFORMING,MOTORS,0,500,100,0,90.0,,,,,,,
46631,PERFORMING,MOTORS,0,500,100,0,90.0,,,,,,,
46632,PERFORMING,MOTORS,0,500,100,0,90.0,,,,,,,
46633,PERFORMING,MOTORS,0,500,100,0,90.0,,,,,,,
46634,PERFORMING,MOTORS,0,500,100,0,90.0,,,,,,,
46635,PERFORMING,MOTORS,0,500,100,0,90.0,,,,,,,
46637,PERFORMING,MOTORS,0,500,100,0,90.0,,,,,,,
46638,PERFORMING,MOTORS,0,500,100,0,90.0,,,,,,,
46639,PERFORMING,MOTORS,0,500,100,0,90.0,,,,,,,
46640,PERFORMING,MOTORS,0,500,100,0,90.0,,,,,,,
46641,PERFORMING,MOTORS,0,500,100,0,90.0,,,,,,,
46642,PERFORMING,MOTORS,0,500,100,0,90.0,,,,,,,
46643,PERFORMING,MOTORS,0,500,100,0,90.0,,,,,,,
46644,PERFORMING,MOTORS,0,500,100,0,90.0,,,,,,,
46645,PERFORMING,MOTORS,0,500,100,0,90.0,,,,,,,
46647,PERFORMING,MOTORS,0,500,100,0,90.0,,,,,,,
46648,PERFORMING,MOTORS,0,500,100,0,90.0,,,,,,,
46649,PERFORMING,MOTORS,0,500,100,0,90.0,,,,,,,
46650,PERFORMING,MOTORS,0,500,100,0,90.0,,,,,,,
46651,PERFORMING,MOTORS,0,500,100,2,90.0,,,,,,,
46652,PERFORMING,MOTORS,0,500,100,4,90.0,,,,,,,
46654,PERFORMING,MOTORS,0,500,100,8,90.0,,,,,,,
46655,PERFORMING,MOTORS,0,500,100,10,90.0,,,,,,,
46656,PERFORMING,MOTORS,0,500,100,12,90.0,,,,,,,
46657,PERFORMING,MOTORS,0,500,100,14,90.0,,,,,,,
46658,PERFORMING,MOTORS,0,500,100,16,90.0,,,,,,,
46659,PERFORMING,MOTORS,0,500,100,18,90.0,,,,,,,
46660,PERFORMING,MOTORS,0,500,100,20,90.0,,,,,,,
46661,PERFORMING,MOTORS,0,500,100,22,90.0,,,,,,,
46663,PERFORMING,MOTORS,0,500,100,26,90.0,,,,,,,
46664,PERFORMING,MOTORS,0,500,100,28,90.0,,,,,,,
46665,PERFORMING,MOTORS,0,500,100,30,90.0,,,,,,,
46666,PERFORMING,MOTORS,0,500,100,32,90.0,,,,,,,
46667,PERFORMING,MOTORS,0,500,100,34,90.0,,,,,,,
46668,PERFORMING,MOTORS,0,500,100,36,90.0,,,,,,,
46669,PERFORMING,MOTORS,0,500,100,38,90.0,,,,,,,
46671,PERFORMING,MOTORS,0,500,100,42,90.0,,,,,,,
46672,PERFORMING,MOTORS,0,500,100,44,90.0,,,,,,,
46673,PERFORMING,MOTORS,0,500,100,46,90.0,,,,,,,
46674,PERFORMING,MOTORS,0,500,100,48,90.0,,,,,,,
46675,PERFORMING,MOTORS,0,500,100,50,90.0,,,,,,,
46676,PERFORMING,MOTORS,0,500,100,52,90.0,,,,,,,
46678,PERFORMING,MOTORS,0,500,100,56,90.0,,,,,,,
46679,PERFORMING,MOTORS,0,500,100,58,90.0,,,,,,,
46680,PERFORMING,MOTORS,0,500,100,60,90.0,,,,,,,
46681,PERFORMING,MOTORS,0,500,100,62,90.0,,,,,,,
46682,PERFORMING,MOTORS,0,500,100,64,90.0,,,,,,,
46683,PERFORMING,MOTORS,0,500,100,66,90.0,,,,,,,
46685,PERFORMING,MOTORS,0,500,100,70,90.0,,,,,,,
46686,PERFORMING,MOTORS,0,500,100,72,90.0,,,,,,,
46687,PERFORMING,MOTORS,0,500,100,74,90.0,,,,,,,
46688,PERFORMING,MOTORS,0,500,100,76,90.0,,,,,,,
46689,PERFORMING,MOTORS,0,500,100,78,90.0,,,,,,,
46690,PERFORMING,MOTORS,0,500,100,80,90.0,,,,,,,
46692,PERFORMING,MOTORS,0,500,100,84,90.0,,,,,,,
46693,PERFORMING,MOTORS,0,500,100,86,90.0,,,,,,,
46694,PERFORMING,MOTORS,0,500,100,88,90.0,,,,,,,
46695,PERFORMING,MOTORS,0,500,100,90,90.0,,,,,,,
46696,PERFORMING,MOTORS,0,500,100,92,90.0,,,,,,,
46697,PERFORMING,MOTORS,0,500,100,94,90.0,,,,,,,
46698,PERFORMING,MOTORS,0,500,100,96,90.0,,,,,,,
46699,PERFORMING,MOTORS,0,500,100,98,90.0,,,,,,,
46701,PERFORMING,MOTORS,0,500,100,102,90.0,,,,,,,
46702,PERFORMING,MOTORS,0,500,100,104,90.0,,,,,,,
46703,PERFORMING,MOTORS,0,500,100,106,90.0,,,,,,,
46704,PERFORMING,MOTORS,0,500,100,108,90.0,,,,,,,
46705,PERFORMING,MOTORS,0,500,100,110,90.0,,,,,,,
46706,PERFORMING,MOTORS,0,500,100,112,90.0,,,,,,,
46707,PERFORMING,MOTORS,0,500,100,114,90.0,,,,,,,
46708,PERFORMING,MOTORS,0,500,100,116,90.0,,,,,,,
46710,PERFORMING,MOTORS,0,500,100,120,90.0,,,,,,,
46711,PERFORMING,MOTORS,0,500,100,122,90.0,,,,,,,
46712,PERFORMING,MOTORS,0,500,100,124,90.0,,,,,,,
46713,PERFORMING,MOTORS,0,500,100,126,90.0,,,,,,,
46714,PERFORMING,MOTORS,0,500,100,128,90.0,,,,,,,
46715,PERFORMING,MOTORS,0,500,100,130,90.0,,,,,,,
46716,PERFORMING,MOTORS,0,500,100,132,90.0,,,,,,,
46717,PERFORMING,MOTORS,0,500,100,134,90.0,,,,,,,
46719,PERFORMING,MOTORS,0,500,100,138,90.0,,,,,,,
46720,PERFORMING,MOTORS,0,500,100,140,90.0,,,,,,,
46721,PERFORMING,MOTORS,0,500,100,142,90.0,,,,,,,
46722,PERFORMING,MOTORS,0,500,100,144,90.0,,,,,,,
46723,PERFORMING,MOTORS,0,500,100,146,90.0,,,,,,,
46724,PERFORMING,MOTORS,0,500,100,148,90.0,,,,,,,
46725,PERFORMING,MOTORS,0,500,100,150,90.0,,,,,,,
46726,PERFORMING,MOTORS,0,500,100,152,90.0,,,,,,,
46728,PERFORMING,MOTORS,0,500,100,156,90.0,,,,,,,
46729,PERFORMING,MOTORS,0,500,100,158,90.0,,,,,,,
46730,PERFORMING,MOTORS,0,500,100,160,90.0,,,,,,,
46731,PERFORMING,MOTORS,0,500,100,162,90.0,,,,,,,
46732,PERFORMING,MOTORS,0,500,100,164,90.0,,,,,,,
46733,PERFORMING,MOTORS,0,500,100,166,90.0,,,,,,,
46734,PERFORMING,MOTORS,0,500,100,168,90.0,,,,,,,
46736,PERFORMING,MOTORS,0,500,100,172,90.0,,,,,,,
46737,PERFORMING,MOTORS,0,500,100,174,90.0,,,,,,,
46738,PERFORMING,MOTORS,0,500,100,176,90.0,,,,,,,
46739,PERFORMING,MOTORS,0,500,100,178,90.0,,,,,,,
46740,PERFORMING,MOTORS,0,500,100,180,90.0,,,,,,,
46741,PERFORMING,MOTORS,0,500,100,182,90.0,,,,,,,
46742,PERFORMING,MOTORS,0,500,100,184,90.0,,,,,,,
46744,PERFORMING,MOTORS,0,500,100,188,90.0,,,,,,,
46745,PERFORMING,MOTORS,0,500,100,190,90.0,,,,,,,
46746,PERFORMING,MOTORS,0,500,100,192,90.0,,,,,,,
46747,PERFORMING,MOTORS,0,500,100,194,90.0,,,,,,,
46748,PERFORMING,MOTORS,0,500,100,196,90.0,,,,,,,
46749,PERFORMING,MOTORS,0,500,100,198,90.0,,,,,,,
46750,PERFORMING,MOTORS,0,500,100,200,90.0,,,,,,,
46752,PERFORMING,MOTORS,0,500,100,200,90.0,,,,,,,
46753,PERFORMING,MOTORS,0,500,100,200,90.0,,,,,,,
46754,PERFORMING,MOTORS,0,500,100,200,90.0,,,,,,,
46755,PERFORMING,MOTORS,0,500,100,200,90.0,,,,,,,
46756,PERFORMING,MOTORS,0,500,100,200,90.0,,,,,,,
46757,PERFORMING,MOTORS,0,500,100,200,90.0,,,,,,,
46758,PERFORMING,MOTORS,0,500,100,200,90.0,,,,,,,
46760,PERFORMING,MOTORS,0,500,100,200,90.0,,,,,,,
46761,PERFORMING,MOTORS,0,500,100,200,90.0,,,,,,,
46762,PERFORMING,MOTORS,0,500,100,200,90.0,,,,,,,
46763,PERFORMING,MOTORS,0,500,100,200,90.0,,,,,,,
46764,PERFORMING,MOTORS,0,500,100,200,90.0,,,,,,,
46765,PERFORMING,MOTORS,0,500,100,200,90.0,,,,,,,
46767,PERFORMING,MOTORS,0,500,100,200,90.0,,,,,,,
46768,PERFORMING,MOTORS,0,500,100,200,90.0,,,,,,,
46769,PERFORMING,MOTORS,0,500,100,200,90.0,,,,,,,
46770,PERFORMING,MOTORS,0,500,100,200,90.0,,,,,,,
46771,PERFORMING,MOTORS,0,500,100,200,90.0,,,,,,,
46772,PERFORMING,MOTORS,0,500,100,200,90.0,,,,,,,
46774,PERFORMING,MOTORS,0,500,100,200,90.0,,,,,,,
46775,PERFORMING,MOTORS,0,500,100,200,90.0,,,,,,,
46776,PERFORMING,MOTORS,0,500,100,200,90.0,,,,,,,
46777,PERFORMING,MOTORS,0,500,100,200,90.0,,,,,,,
46778,PERFORMING,MOTORS,0,500,100,200,90.0,,,,,,,
46779,PERFORMING,MOTORS,0,500,100,200,90.0,,,,,,,
46780,PERFORMING,MOTORS,0,500,100,200,90.0,,,,,,,
46781,PERFORMING,MOTORS,0,500,100,200,90.0,,,,,,,
46782,PERFORMING,MOTORS,0,500,100,200,90.0,,,,,,,
46783,PERFORMING,MOTORS,0,500,100,200,90.0,,,,,,,
46785,PERFORMING,MOTORS,0,500,100,200,90.0,,,,,,,
46786,PERFORMING,MOTORS,0,500,100,200,90.0,,,,,,,
46787,PERFORMING,MOTORS,0,500,100,200,90.0,,,,,,,
46788,PERFORMING,MOTORS,0,500,100,200,90.0,,,,,,,
46789,PERFORMING,MOTORS,0,500,100,200,90.0,,,,,,,
46790,PERFORMING,MOTORS,0,500,100,200,90.0,,,,,,,
46791,PERFORMING,MOTORS,0,500,100,200,90.0,,,,,,,
46793,PERFORMING,MOTORS,0,500,100,200,90.0,,,,,,,
46794,PERFORMING,MOTORS,0,500,100,200,90.0,,,,,,,
46795,PERFORMING,MOTORS,0,500,100,200,90.0,,,,,,,
46796,PERFORMING,MOTORS,0,500,100,200,90.0,,,,,,,
46797,PERFORMING,MOTORS,0,500,100,200,90.0,,,,,,,
46798,PERFORMING,MOTORS,0,500,100,200,90.0,,,,,,,
46799,PERFORMING,MOTORS,0,500,100,200,90.0,,,,,,,
46801,PERFORMING,MOTORS,0,500,100,200,90.0,,,,,,,
46802,PERFORMING,MOTORS,0,500,100,200,90.0,,,,,,,
46803,PERFORMING,MOTORS,0,500,100,200,90.0,,,,,,,
46804,PERFORMING,MOTORS,0,500,100,200,90.0,,,,,,,
46805,PERFORMING,MOTORS,0,500,100,200,90.0,,,,,,,
46806,PERFORMING,MOTORS,0,500,100,200,90.0,,,,,,,
46808,PERFORMING,MOTORS,0,500,100,200,90.0,,,,,,,
46809,PERFORMING,MOTORS,0,500,100,200,90.0,,,,,,,
46810,PERFORMING,MOTORS,0,500,100,200,90.0,,,,,,,
46811,PERFORMING,MOTORS,0,500,100,200,90.0,,,,,,,
46812,PERFORMING,MOTORS,0,500,100,200,90.0,,,,,,,
46813,PERFORMING,MOTORS,0,500,100,200,90.0,,,,,,,
46814,PERFORMING,MOTORS,0,500,100,200,90.0,,,,,,,
46816,PERFORMING,MOTORS,0,500,100,200,90.0,,,,,,,
46817,PERFORMING,MOTORS,0,500,100,200,90.0,,,,,,,
46818,PERFORMING,MOTORS,0,500,100,200,90.0,,,,,,,
46819,PERFORMING,MOTORS,0,500,100,200,90.0,,,,,,,
46820,PERFORMING,MOTORS,0,500,100,200,90.0,,,,,,,
46821,PERFORMING,MOTORS,0,500,100,200,90.0,,,,,,,
46823,PERFORMING,MOTORS,0,500,100,200,90.0,,,,,,,
46824,PERFORMING,MOTORS,0,500,100,200,90.0,,,,,,,
46825,PERFORMING,MOTORS,0,500,100,200,90.0,,,,,,,
46826,PERFORMING,MOTORS,0,500,100,200,90.0,,,,,,,
46827,PERFORMING,MOTORS,0,500,100,200,90.0,,,,,,,
46828,PERFORMING,MOTORS,0,500,100,200,90.0,,,,,,,
46830,PERFORMING,MOTORS,0,500,100,200,90.0,,,,,,,
46831,PERFORMING,MOTORS,0,500,100,200,90.0,,,,,,,
46832,PERFORMING,MOTORS,0,500,100,200,90.0,,,,,,,
46833,PERFORMING,MOTORS,0,500,100,200,90.0,,,,,,,
46834,PERFORMING,MOTORS,0,500,100,200,90.0,,,,,,,
46835,PERFORMING,MOTORS,0,500,100,200,90.0,,,,,,,
46836,PERFORMING,MOTORS,0,500,100,200,90.0,,,,,,,
46837,PERFORMING,MOTORS,0,500,100,200,90.0,,,,,,,
46839,PERFORMING,MOTORS,0,500,100,200,90.0,,,,,,,
46840,PERFORMING,MOTORS,0,500,100,200,90.0,,,,,,,
46841,PERFORMING,MOTORS,0,500,100,200,90.0,,,,,,,
46842,PERFORMING,MOTORS,0,500,100,200,90.0,,,,,,,
46843,PERFORMING,MOTORS,0,500,100,200,90.0,,,,,,,
46844,PERFORMING,MOTORS,0,500,100,200,90.0,,,,,,,
46846,PERFORMING,MOTORS,0,500,100,200,90.0,,,,,,,
46847,PERFORMING,MOTORS,0,500,100,200,90.0,,,,,,,
46848,PERFORMING,MOTORS,0,500,100,200,90.0,,,,,,,
46849,PERFORMING,MOTORS,0,500,100,200,90.0,,,,,,,
46850,PERFORMING,MOTORS,0,500,100,200,90.0,,,,,,,
46851,PERFORMING,MOTORS,0,500,100,200,90.0,,,,,,,
46852,PERFORMING,MOTORS,0,500,100,200,90.0,,,,,,,
46854,PERFORMING,MOTORS,0,500,100,200,90.0,,,,,,,
46855,PERFORMING,MOTORS,0,500,100,200,90.0,,,,,,,
46856,PERFORMING,MOTORS,0,500,100,200,90.0,,,,,,,
46857,PERFORMING,MOTORS,0,500,100,200,90.0,,,,,,,
46858,PERFORMING,MOTORS,0,500,100,200,90.0,,,,,,,
46859,PERFORMING,MOTORS,0,500,100,200,90.0,,,,,,,
46861,PERFORMING,MOTORS,0,500,100,200,90.0,,,,,,,
46862,PERFORMING,MOTORS,0,500,100,200,90.0,,,,,,,
46863,PERFORMING,MOTORS,0,500,100,200,90.0,,,,,,,
46864,PERFORMING,MOTORS,0,500,100,200,90.0,,,,,,,
46865,PERFORMING,MOTORS,0,500,100,200,90.0,,,,,,,
46866,PERFORMING,MOTORS,0,500,100,200,90.0,,,,,,,
46867,PERFORMING,MOTORS,0,500,100,200,90.0,,,,,,,
46868,PERFORMING,MOTORS,0,500,100,200,90.0,,,,,,,
46870,PERFORMING,MOTORS,0,500,100,200,90.0,,,,,,,
46871,PERFORMING,MOTORS,0,500,100,200,90.0,,,,,,,
46872,PERFORMING,MOTORS,0,500,100,200,90.0,,,,,,,
46873,PERFORMING,MOTORS,0,500,100,200,90.0,,,,,,,
46874,PERFORMING,MOTORS,0,500,100,200,90.0,,,,,,,
46875,PERFORMING,MOTORS,0,500,100,200,90.0,,,,,,,
46877,PERFORMING,MOTORS,0,500,100,200,90.0,,,,,,,
46878,PERFORMING,MOTORS,0,500,100,200,90.0,,,,,,,
46879,PERFORMING,MOTORS,0,500,100,200,90.0,,,,,,,
46880,PERFORMING,MOTORS,0,500,100,200,90.0,,,,,,,
46881,PERFORMING,MOTORS,0,500,100,200,90.0,,,,,,,
46882,PERFORMING,MOTORS,0,500,100,200,90.0,,,,,,,
46884,PERFORMING,MOTORS,0,500,100,200,90.0,,,,,,,
46885,PERFORMING,MOTORS,0,500,100,200,90.0,,,,,,,
46886,PERFORMING,MOTORS,0,500,100,200,90.0,,,,,,,
46887,PERFORMING,MOTORS,0,500,100,200,90.0,,,,,,,
46888,PERFORMING,MOTORS,0,500,100,200,90.0,,,,,,,
46889,PERFORMING,MOTORS,0,500,100,200,90.0,,,,,,,
46890,PERFORMING,MOTORS,0,500,100,200,90.0,,,,,,,
46892,PERFORMING,MOTORS,0,500,100,200,90.0,,,,,,,
46893,PERFORMING,MOTORS,0,500,100,200,90.0,,,,,,,
46894,PERFORMING,MOTORS,0,500,100,200,90.0,,,,,,,
46895,PERFORMING,MOTORS,0,500,100,200,90.0,,,,,,,
46896,PERFORMING,MOTORS,0,500,100,200,90.0,,,,,,,
46897,PERFORMING,MOTORS,0,500,100,200,90.0,,,,,,,
46899,PERFORMING,MOTORS,0,500,100,200,90.0,,,,,,,
46900,PERFORMING,MOTORS,0,500,100,200,90.0,,,,,,,
46901,PERFORMING,MOTORS,0,500,100,200,90.0,,,,,,,
46902,PERFORMING,MOTORS,0,500,100,200,90.0,,,,,,,
46903,PERFORMING,MOTORS,0,500,100,200,90.0,,,,,,,
46904,PERFORMING,MOTORS,0,500,100,200,90.0,,,,,,,
46906,PERFORMING,MOTORS,0,500,100,200,90.0,,,,,,,
46907,PERFORMING,MOTORS,0,500,100,200,90.0,,,,,,,
46908,PERFORMING,MOTORS,0,500,100,200,90.0,,,,,,,
46909,PERFORMING,MOTORS,0,500,100,200,90.0,,,,,,,
46910,PERFORMING,MOTORS,0,500,100,200,90.0,,,,,,,
46912,PERFORMING,MOTORS,0,500,100,200,90.0,,,,,,,
46913,PERFORMING,MOTORS,0,500,100,200,90.0,,,,,,,
46914,PERFORMING,MOTORS,0,500,100,200,90.0,,,,,,,
46915,PERFORMING,MOTORS,0,500,100,200,90.0,,,,,,,
46916,PERFORMING,MOTORS,0,500,100,200,90.0,,,,,,,
46917,PERFORMING,MOTORS,0,500,100,200,90.0,,,,,,,
46918,PERFORMING,MOTORS,0,500,100,200,90.0,,,,,,,
46919,PERFORMING,MOTORS,0,500,100,200,90.0,,,,,,,
46921,PERFORMING,MOTORS,0,500,100,200,90.0,,,,,,,
46922,PERFORMING,MOTORS,0,500,100,200,90.0,,,,,,,
46923,PERFORMING,MOTORS,0,500,100,200,90.0,,,,,,,
46924,PERFORMING,MOTORS,0,500,100,200,90.0,,,,,,,
46925,PERFORMING,MOTORS,0,500,100,200,90.0,,,,,,,
46926,PERFORMING,MOTORS,0,500,100,200,90.0,,,,,,,
46928,PERFORMING,MOTORS,0,500,100,200,90.0,,,,,,,
46929,PERFORMING,MOTORS,0,500,100,200,90.0,,,,,,,
46930,PERFORMING,MOTORS,0,500,100,200,90.0,,,,,,,
46931,PERFORMING,MOTORS,0,500,100,200,90.0,,,,,,,
46932,PERFORMING,MOTORS,0,500,100,200,90.0,,,,,,,
46934,PERFORMING,MOTORS,0,500,100,200,90.0,,,,,,,
46935,PERFORMING,MOTORS,0,500,100,200,90.0,,,,,,,
46936,PERFORMING,MOTORS,0,500,100,200,90.0,,,,,,,
46937,PERFORMING,MOTORS,0,500,100,200,90.0,,,,,,,
46939,PERFORMING,MOTORS,0,500,100,200,90.0,,,,,,,
46940,PERFORMING,MOTORS,0,500,100,200,90.0,,,,,,,
46941,PERFORMING,MOTORS,0,500,100,200,90.0,,,,,,,
46942,PERFORMING,MOTORS,0,500,100,200,90.0,,,,,,,
46943,PERFORMING,MOTORS,0,500,100,200,90.0,,,,,,,
46944,PERFORMING,MOTORS,0,500,100,200,90.0,,,,,,,
46946,PERFORMING,MOTORS,0,500,100,200,90.0,,,,,,,
46947,PERFORMING,MOTORS,0,500,100,200,90.0,,,,,,,
46948,PERFORMING,MOTORS,0,500,100,200,90.0,,,,,,,
46949,PERFORMING,MOTORS,0,500,100,200,90.0,,,,,,,
46950,PERFORMING,MOTORS,0,500,100,200,90.0,,,,,,,
46951,PERFORMING,MOTORS,0,500,100,200,90.0,,,,,,,
46952,PERFORMING,MOTORS,0,500,100,200,90.0,,,,,,,
46953,PERFORMING,MOTORS,0,500,100,200,90.0,,,,,,,
46954,PERFORMING,MOTORS,0,500,100,200,90.0,,,,,,,
46956,PERFORMING,MOTORS,0,500,100,200,90.0,,,,,,,
46957,PERFORMING,MOTORS,0,500,100,200,90.0,,,,,,,
46958,PERFORMING,MOTORS,0,500,100,200,90.0,,,,,,,
46959,PERFORMING,MOTORS,0,500,100,200,90.0,,,,,,,
46960,PERFORMING,MOTORS,0,500,100,200,90.0,,,,,,,
46961,PERFORMING,MOTORS,0,500,100,200,90.0,,,,,,,
46963,PERFORMING,MOTORS,0,500,100,200,90.0,,,,,,,
46964,PERFORMING,MOTORS,0,500,100,200,90.0,,,,,,,
46965,PERFORMING,MOTORS,0,500,100,200,90.0,,,,,,,
46966,PERFORMING,MOTORS,0,500,100,200,90.0,,,,,,,
46967,PERFORMING,MOTORS,0,500,100,200,90.0,,,,,,,
46968,PERFORMING,MOTORS,0,500,100,200,90.0,,,,,,,
46970,PERFORMING,MOTORS,0,500,100,200,90.0,,,,,,,
46971,PERFORMING,MOTORS,0,500,100,200,90.0,,,,,,,
46972,PERFORMING,MOTORS,0,500,100,200,90.0,,,,,,,
46973,PERFORMING,MOTORS,0,500,100,200,90.0,,,,,,,
46974,PERFORMING,MOTORS,0,500,100,200,90.0,,,,,,,
46975,PERFORMING,MOTORS,0,500,100,200,90.0,,,,,,,
46976,PERFORMING,MOTORS,0,500,100,200,90.0,,,,,,,
46978,PERFORMING,MOTORS,0,500,100,200,90.0,,,,,,,
46979,PERFORMING,MOTORS,0,500,100,200,90.0,,,,,,,
46980,PERFORMING,MOTORS,0,500,100,200,90.0,,,,,,,
46981,PERFORMING,MOTORS,0,500,100,200,90.0,,,,,,,
46982,PERFORMING,MOTORS,0,500,100,200,90.0,,,,,,,
46983,PERFORMING,MOTORS,0,500,100,200,90.0,,,,,,,
46984,PERFORMING,MOTORS,0,500,100,200,90.0,,,,,,,
46986,PERFORMING,MOTORS,0,500,100,200,90.0,,,,,,,
46987,PERFORMING,MOTORS,0,500,100,200,90.0,,,,,,,
46988,PERFORMING,MOTORS,0,500,100,200,90.0,,,,,,,
46989,PERFORMING,MOTORS,0,500,100,200,90.0,,,,,,,
46990,PERFORMING,MOTORS,0,500,100,200,90.0,,,,,,,
46991,PERFORMING,MOTORS,0,500,100,200,90.0,,,,,,,
46992,PERFORMING,MOTORS,0,500,100,200,90.0,,,,,,,
46993,PERFORMING,MOTORS,0,500,100,200,90.0,,,,,,,
46995,PERFORMING,MOTORS,0,500,100,200,90.0,,,,,,,
46996,PERFORMING,MOTORS,0,500,100,200,90.0,,,,,,,
46997,PERFORMING,MOTORS,0,500,100,200,90.0,,,,,,,
46998,PERFORMING,MOTORS,0,500,100,200,90.0,,,,,,,
46999,PERFORMING,MOTORS,0,500,100,200,90.0,,,,,,,
47000,PERFORMING,MOTORS,0,500,100,200,90.0,,,,,,,
47001,PERFORMING,MOTORS,0,500,100,200,90.0,,,,,,,
47003,PERFORMING,MOTORS,0,500,100,200,90.0,,,,,,,
47004,PERFORMING,MOTORS,0,500,100,200,90.0,,,,,,,
47005,PERFORMING,MOTORS,0,500,100,200,90.0,,,,,,,
47006,PERFORMING,MOTORS,0,500,100,200,90.0,,,,,,,
47007,PERFORMING,MOTORS,0,500,100,200,90.0,,,,,,,
47008,PERFORMING,MOTORS,0,500,100,200,90.0,,,,,,,
47009,PERFORMING,MOTORS,0,500,100,200,90.0,,,,,,,
47010,PERFORMING,MOTORS,0,500,100,200,90.0,,,,,,,
47011,PERFORMING,MOTORS,0,500,100,200,90.0,,,,,,,
47013,PERFORMING,MOTORS,0,500,100,200,90.0,,,,,,,
47014,PERFORMING,MOTORS,0,500,100,200,90.0,,,,,,,
47015,PERFORMING,MOTORS,0,500,100,200,90.0,,,,,,,
47016,PERFORMING,MOTORS,0,500,100,200,90.0,,,,,,,
47017,PERFORMING,MOTORS,0,500,100,200,90.0,,,,,,,
47018,PERFORMING,MOTORS,0,500,100,200,90.0,,,,,,,
47019,PERFORMING,MOTORS,0,500,100,200,90.0,,,,,,,
47020,PERFORMING,MOTORS,0,500,100,200,90.0,,,,,,,
47022,PERFORMING,MOTORS,0,500,100,200,90.0,,,,,,,
47023,PERFORMING,MOTORS,0,500,100,200,90.0,,,,,,,
47024,PERFORMING,MOTORS,0,500,100,200,90.0,,,,,,,
47025,PERFORMING,MOTORS,0,500,100,200,90.0,,,,,,,
47026,PERFORMING,MOTORS,0,500,100,200,90.0,,,,,,,
47027,PERFORMING,MOTORS,0,500,100,200,90.0,,,,,,,
47029,PERFORMING,MOTORS,0,500,100,200,90.0,,,,,,,
47030,PERFORMING,MOTORS,0,500,100,200,90.0,,,,,,,
47031,PERFORMING,MOTORS,0,500,100,200,90.0,,,,,,,
47032,PERFORMING,MOTORS,0,500,100,200,90.0,,,,,,,
47033,PERFORMING,MOTORS,0,500,100,200,90.0,,,,,,,
47034,PERFORMING,MOTORS,0,500,100,200,90.0,,,,,,,
47035,PERFORMING,MOTORS,0,500,100,200,90.0,,,,,,,
47036,PERFORMING,MOTORS,0,500,100,200,90.0,,,,,,,
47038,PERFORMING,MOTORS,0,500,100,200,90.0,,,,,,,
47039,PERFORMING,MOTORS,0,500,100,200,90.0,,,,,,,
47040,PERFORMING,MOTORS,0,500,100,200,90.0,,,,,,,
47041,PERFORMING,MOTORS,0,500,100,200,90.0,,,,,,,
47042,PERFORMING,MOTORS,0,500,100,200,90.0,,,,,,,
47043,PERFORMING,MOTORS,0,500,100,200,90.0,,,,,,,
47044,PERFORMING,MOTORS,0,500,100,200,90.0,,,,,,,
47045,PERFORMING,MOTORS,0,500,100,200,90.0,,,,,,,
47046,PERFORMING,MOTORS,0,500,100,200,90.0,,,,,,,
47047,PERFORMING,MOTORS,0,500,100,200,90.0,,,,,,,
47049,PERFORMING,MOTORS,0,500,100,200,90.0,,,,,,,
47050,PERFORMING,MOTORS,0,500,100,200,90.0,,,,,,,
47051,PERFORMING,MOTORS,0,500,100,200,90.0,,,,,,,
47052,PERFORMING,MOTORS,0,500,100,200,90.0,,,,,,,
47053,PERFORMING,MOTORS,0,500,100,200,90.0,,,,,,,
47054,PERFORMING,MOTORS,0,500,100,200,90.0,,,,,,,
47056,PERFORMING,MOTORS,0,500,100,200,90.0,,,,,,,
47057,PERFORMING,MOTORS,0,500,100,200,90.0,,,,,,,
47058,PERFORMING,MOTORS,0,500,100,200,90.0,,,,,,,
47059,PERFORMING,MOTORS,0,500,100,200,90.0,,,,,,,
47060,PERFORMING,MOTORS,0,500,100,200,90.0,,,,,,,
47061,PERFORMING,MOTORS,0,500,100,200,90.0,,,,,,,
47062,PERFORMING,MOTORS,0,500,100,200,90.0,,,,,,,
47064,PERFORMING,MOTORS,0,500,100,200,90.0,,,,,,,
47065,PERFORMING,MOTORS,0,500,100,200,90.0,,,,,,,
47066,PERFORMING,MOTORS,0,500,100,200,90.0,,,,,,,
47067,PERFORMING,MOTORS,0,500,100,200,90.0,,,,,,,
47068,PERFORMING,MOTORS,0,500,100,200,90.0,,,,,,,
47069,PERFORMING,MOTORS,0,500,100,200,90.0,,,,,,,
47071,PERFORMING,MOTORS,0,500,100,200,90.0,,,,,,,
47072,PERFORMING,MOTORS,0,500,100,200,90.0,,,,,,,
47073,PERFORMING,MOTORS,0,500,100,200,90.0,,,,,,,
47074,PERFORMING,MOTORS,0,500,100,200,90.0,,,,,,,
47075,PERFORMING,MOTORS,0,500,100,200,90.0,,,,,,,
47076,PERFORMING,MOTORS,0,500,100,200,90.0,,,,,,,
47077,PERFORMING,MOTORS,0,500,100,200,90.0,,,,,,,
47079,PERFORMING,MOTORS,0,500,100,200,90.0,,,,,,,
47080,PERFORMING,MOTORS,0,500,100,200,90.0,,,,,,,
47081,PERFORMING,MOTORS,0,500,100,200,90.0,,,,,,,
47082,PERFORMING,MOTORS,0,500,100,200,90.0,,,,,,,
47083,PERFORMING,MOTORS,0,500,100,200,90.0,,,,,,,
47084,PERFORMING,MOTORS,0,500,100,200,90.0,,,,,,,
47085,PERFORMING,MOTORS,0,500,100,200,90.0,,,,,,,
47086,PERFORMING,MOTORS,0,500,100,200,90.0,,,,,,,
47088,PERFORMING,MOTORS,0,500,100,200,90.0,,,,,,,
47089,PERFORMING,MOTORS,0,500,100,200,90.0,,,,,,,
47090,PERFORMING,MOTORS,0,500,100,200,90.0,,,,,,,
47091,PERFORMING,MOTORS,0,500,100,200,90.0,,,,,,,
47092,PERFORMING,MOTORS,0,500,100,200,90.0,,,,,,,
47093,PERFORMING,MOTORS,0,500,100,200,90.0,,,,,,,
47094,PERFORMING,MOTORS,0,500,100,200,90.0,,,,,,,
47095,PERFORMING,MOTORS,0,500,100,200,90.0,,,,,,,
47096,PERFORMING,MOTORS,0,500,100,200,90.0,,,,,,,
47098,PERFORMING,MOTORS,0,500,100,200,90.0,,,,,,,
47099,PERFORMING,MOTORS,0,500,100,200,90.0,,,,,,,
47100,PERFORMING,MOTORS,0,500,100,200,90.0,,,,,,,
47101,PERFORMING,MOTORS,0,500,100,200,90.0,,,,,,,
47102,PERFORMING,MOTORS,0,500,100,200,90.0,,,,,,,
47103,PERFORMING,MOTORS,0,500,100,200,90.0,,,,,,,
47105,PERFORMING,MOTORS,0,500,100,200,90.0,,,,,,,
47106,PERFORMING,MOTORS,0,500,100,200,90.0,,,,,,,
47107,PERFORMING,MOTORS,0,500,100,200,90.0,,,,,,,
47108,PERFORMING,MOTORS,0,500,100,200,90.0,,,,,,,
47109,PERFORMING,MOTORS,0,500,100,200,90.0,,,,,,,
47110,PERFORMING,MOTORS,0,500,100,200,90.0,,,,,,,
47112,PERFORMING,MOTORS,0,500,100,200,90.0,,,,,,,
47113,PERFORMING,MOTORS,0,500,100,200,90.0,,,,,,,
47114,PERFORMING,MOTORS,0,500,100,200,90.0,,,,,,,
47115,PERFORMING,MOTORS,0,500,100,200,90.0,,,,,,,
47116,PERFORMING,MOTORS,0,500,100,200,90.0,,,,,,,
47117,PERFORMING,MOTORS,0,500,100,200,90.0,,,,,,,
47118,PERFORMING,MOTORS,0,500,100,200,90.0,,,,,,,
47119,PERFORMING,MOTORS,0,500,100,200,90.0,,,,,,,
47121,PERFORMING,MOTORS,0,500,100,200,90.0,,,,,,,
47122,PERFORMING,MOTORS,0,500,100,200,90.0,,,,,,,
47123,PERFORMING,MOTORS,0,500,100,200,90.0,,,,,,,
47124,PERFORMING,MOTORS,0,500,100,200,90.0,,,,,,,
47125,PERFORMING,MOTORS,0,500,100,200,90.0,,,,,,,
47126,PERFORMING,MOTORS,0,500,100,200,90.0,,,,,,,
47128,PERFORMING,MOTORS,0,500,100,200,90.0,,,,,,,
47129,PERFORMING,MOTORS,0,500,100,200,90.0,,,,,,,
47130,PERFORMING,MOTORS,0,500,100,200,90.0,,,,,,,
47131,PERFORMING,MOTORS,0,500,100,200,90.0,,,,,,,
47132,PERFORMING,MOTORS,0,500,100,200,90.0,,,,,,,
47133,PERFORMING,MOTORS,0,500,100,200,90.0,,,,,,,
47135,PERFORMING,MOTORS,0,500,100,200,90.0,,,,,,,
47136,PERFORMING,MOTORS,0,500,100,200,90.0,,,,,,,
47137,PERFORMING,MOTORS,0,500,100,200,90.0,,,,,,,
47138,PERFORMING,MOTORS,0,500,100,200,90.0,,,,,,,
47139,PERFORMING,MOTORS,0,500,100,200,90.0,,,,,,,
47140,PERFORMING,MOTORS,0,500,100,200,90.0,,,,,,,
47141,PERFORMING,MOTORS,0,500,100,200,90.0,,,,,,,
47143,PERFORMING,MOTORS,0,500,100,200,90.0,,,,,,,
47144,PERFORMING,MOTORS,0,500,100,200,90.0,,,,,,,
47145,PERFORMING,MOTORS,0,500,100,200,90.0,,,,,,,
47146,PERFORMING,MOTORS,0,500,100,200,90.0,,,,,,,
47147,PERFORMING,MOTORS,0,500,100,200,90.0,,,,,,,
47148,PERFORMING,MOTORS,0,500,100,200,90.0,,,,,,,
47149,PERFORMING,MOTORS,0,500,100,200,90.0,,,,,,,
47151,PERFORMING,MOTORS,0,500,100,200,90.0,,,,,,,
47152,PERFORMING,MOTORS,0,500,100,200,90.0,,,,,,,
47153,PERFORMING,MOTORS,0,500,100,200,90.0,,,,,,,
47154,PERFORMING,MOTORS,0,500,100,200,90.0,,,,,,,
47155,PERFORMING,MOTORS,0,500,100,200,90.0,,,,,,,
47156,PERFORMING,MOTORS,0,500,100,200,90.0,,,,,,,
47157,PERFORMING,MOTORS,0,500,100,200,90.0,,,,,,,
47159,PERFORMING,MOTORS,0,500,100,200,90.0,,,,,,,
47160,PERFORMING,MOTORS,0,500,100,200,90.0,,,,,,,
47161,PERFORMING,MOTORS,0,500,100,200,90.0,,,,,,,
47162,PERFORMING,MOTORS,0,500,100,200,90.0,,,,,,,
47163,PERFORMING,MOTORS,0,500,100,200,90.0,,,,,,,
47164,PERFORMING,MOTORS,0,500,100,200,90.0,,,,,,,
47165,PERFORMING,MOTORS,0,500,100,200,90.0,,,,,,,
47166,PERFORMING,MOTORS,0,500,100,200,90.0,,,,,,,
47167,PERFORMING,MOTORS,0,500,100,200,90.0,,,,,,,
47169,PERFORMING,MOTORS,0,500,100,200,90.0,,,,,,,
47170,PERFORMING,MOTORS,0,500,100,200,90.0,,,,,,,
47171,PERFORMING,MOTORS,0,500,100,200,90.0,,,,,,,
47172,PERFORMING,MOTORS,0,500,100,200,90.0,,,,,,,
47173,PERFORMING,MOTORS,0,500,100,200,90.0,,,,,,,
47174,PERFORMING,MOTORS,0,500,100,200,90.0,,,,,,,
47175,PERFORMING,MOTORS,0,500,100,200,90.0,,,,,,,
47176,PERFORMING,MOTORS,0,500,100,200,90.0,,,,,,,
47177,PERFORMING,MOTORS,0,500,100,200,90.0,,,,,,,
47179,PERFORMING,MOTORS,0,500,100,200,90.0,,,,,,,
47180,PERFORMING,MOTORS,0,500,100,200,90.0,,,,,,,
47181,PERFORMING,MOTORS,0,500,100,200,90.0,,,,,,,
47182,PERFORMING,MOTORS,0,500,100,200,90.0,,,,,,,
47183,PERFORMING,MOTORS,0,500,100,200,90.0,,,,,,,
47184,PERFORMING,MOTORS,0,500,100,200,90.0,,,,,,,
47185,PERFORMING,MOTORS,0,500,100,200,90.0,,,,,,,
47186,PERFORMING,MOTORS,0,500,100,200,90.0,,,,,,,
47187,PERFORMING,MOTORS,0,500,100,200,90.0,,,,,,,
47189,PERFORMING,MOTORS,0,500,100,200,90.0,,,,,,,
47190,PERFORMING,MOTORS,0,500,100,200,90.0,,,,,,,
47191,PERFORMING,MOTORS,0,500,100,200,90.0,,,,,,,
47192,PERFORMING,MOTORS,0,500,100,200,90.0,,,,,,,
47193,PERFORMING,MOTORS,0,500,100,200,90.0,,,,,,,
47194,PERFORMING,MOTORS,0,500,100,200,90.0,,,,,,,
47196,PERFORMING,MOTORS,0,500,100,200,90.0,,,,,,,
47197,PERFORMING,MOTORS,0,500,100,200,90.0,,,,,,,
47198,PERFORMING,MOTORS,0,500,100,200,90.0,,,,,,,
47199,PERFORMING,MOTORS,0,500,100,200,90.0,,,,,,,
47200,PERFORMING,MOTORS,0,500,100,200,90.0,,,,,,,
47201,PERFORMING,MOTORS,0,500,100,200,90.0,,,,,,,
47203,PERFORMING,MOTORS,0,500,100,200,90.0,,,,,,,
47204,PERFORMING,MOTORS,0,500,100,200,90.0,,,,,,,
47205,PERFORMING,MOTORS,0,500,100,200,90.0,,,,,,,
47206,PERFORMING,MOTORS,0,500,100,200,90.0,,,,,,,
47207,PERFORMING,MOTORS,0,500,100,200,90.0,,,,,,,
47208,PERFORMING,MOTORS,0,500,100,200,90.0,,,,,,,
47209,PERFORMING,MOTORS,0,500,100,200,90.0,,,,,,,
47210,PERFORMING,MOTORS,0,500,100,200,90.0,,,,,,,
47212,PERFORMING,MOTORS,0,500,100,200,90.0,,,,,,,
47213,PERFORMING,MOTORS,0,500,100,200,90.0,,,,,,,
47214,PERFORMING,MOTORS,0,500,100,200,90.0,,,,,,,
47215,PERFORMING,MOTORS,0,500,100,200,90.0,,,,,,,
47216,PERFORMING,MOTORS,0,500,100,200,90.0,,,,,,,
47217,PERFORMING,MOTORS,0,500,100,200,90.0,,,,,,,
47218,PERFORMING,MOTORS,0,500,100,200,90.0,,,,,,,
47220,PERFORMING,MOTORS,0,500,100,200,90.0,,,,,,,
47221,PERFORMING,MOTORS,0,500,100,200,90.0,,,,,,,
47222,PERFORMING,MOTORS,0,500,100,200,90.0,,,,,,,
47223,PERFORMING,MOTORS,0,500,100,200,90.0,,,,,,,
47224,PERFORMING,MOTORS,0,500,100,200,90.0,,,,,,,
47225,PERFORMING,MOTORS,0,500,100,200,90.0,,,,,,,
47227,PERFORMING,MOTORS,0,500,100,200,90.0,,,,,,,
47228,PERFORMING,MOTORS,0,500,100,200,90.0,,,,,,,
47229,PERFORMING,MOTORS,0,500,100,200,90.0,,,,,,,
47230,PERFORMING,MOTORS,0,500,100,200,90.0,,,,,,,
47231,PERFORMING,MOTORS,0,500,100,200,90.0,,,,,,,
47232,PERFORMING,MOTORS,0,500,100,200,90.0,,,,,,,
47234,PERFORMING,MOTORS,0,500,100,200,90.0,,,,,,,
47235,PERFORMING,MOTORS,0,500,100,200,90.0,,,,,,,
47236,PERFORMING,MOTORS,0,500,100,200,90.0,,,,,,,
47237,PERFORMING,MOTORS,0,500,100,200,90.0,,,,,,,
47238,PERFORMING,MOTORS,0,500,100,200,90.0,,,,,,,
47239,PERFORMING,MOTORS,0,500,100,200,90.0,,,,,,,
47240,PERFORMING,MOTORS,0,500,100,200,90.0,,,,,,,
47242,PERFORMING,MOTORS,0,500,100,200,90.0,,,,,,,
47244,PERFORMING,MOTORS,0,500,100,200,90.0,,,,,,,
47245,PERFORMING,MOTORS,0,500,100,200,90.0,,,,,,,
47246,PERFORMING,MOTORS,0,500,100,200,90.0,,,,,,,
47247,PERFORMING,MOTORS,0,500,100,200,90.0,,,,,,,
47248,PERFORMING,MOTORS,0,500,100,200,90.0,,,,,,,
47250,PERFORMING,MOTORS,0,500,100,200,90.0,,,,,,,
47251,PERFORMING,MOTORS,0,500,100,200,90.0,,,,,,,
47252,PERFORMING,MOTORS,0,500,100,200,90.0,,,,,,,
47253,PERFORMING,MOTORS,0,500,100,200,90.0,,,,,,,
47254,PERFORMING,MOTORS,0,500,100,200,90.0,,,,,,,
47255,PERFORMING,MOTORS,0,500,100,200,90.0,,,,,,,
47256,PERFORMING,MOTORS,0,500,100,200,90.0,,,,,,,
47257,PERFORMING,MOTORS,0,500,100,200,90.0,,,,,,,
47259,PERFORMING,MOTORS,0,500,100,200,90.0,,,,,,,
47260,PERFORMING,MOTORS,0,500,100,200,90.0,,,,,,,
47261,PERFORMING,MOTORS,0,500,100,200,90.0,,,,,,,
47262,PERFORMING,MOTORS,0,500,100,200,90.0,,,,,,,
47263,PERFORMING,MOTORS,0,500,100,200,90.0,,,,,,,
47264,PERFORMING,MOTORS,0,500,100,200,90.0,,,,,,,
47266,PERFORMING,MOTORS,0,500,100,200,90.0,,,,,,,
47267,PERFORMING,MOTORS,0,500,100,200,90.0,,,,,,,
47268,PERFORMING,MOTORS,0,500,100,200,90.0,,,,,,,
47269,PERFORMING,MOTORS,0,500,100,200,90.0,,,,,,,
47270,PERFORMING,MOTORS,0,500,100,200,90.0,,,,,,,
47271,PERFORMING,MOTORS,0,500,100,200,90.0,,,,,,,
47273,PERFORMING,MOTORS,0,500,100,200,90.0,,,,,,,
47274,PERFORMING,MOTORS,0,500,100,200,90.0,,,,,,,
47275,PERFORMING,MOTORS,0,500,100,200,90.0,,,,,,,
47276,PERFORMING,MOTORS,0,500,100,200,90.0,,,,,,,
47277,PERFORMING,MOTORS,0,500,100,200,90.0,,,,,,,
47278,PERFORMING,MOTORS,0,500,100,200,90.0,,,,,,,
47280,PERFORMING,MOTORS,0,500,100,200,90.0,,,,,,,
47281,PERFORMING,MOTORS,0,500,100,200,90.0,,,,,,,
47282,PERFORMING,MOTORS,0,500,100,200,90.0,,,,,,,
47283,PERFORMING,MOTORS,0,500,100,200,90.0,,,,,,,
47284,PERFORMING,MOTORS,0,500,100,200,90.0,,,,,,,
47285,PERFORMING,MOTORS,0,500,100,200,90.0,,,,,,,
47286,PERFORMING,MOTORS,0,500,100,200,90.0,,,,,,,
47288,PERFORMING,MOTORS,0,500,100,200,90.0,,,,,,,
47289,PERFORMING,MOTORS,0,500,100,200,90.0,,,,,,,
47290,PERFORMING,MOTORS,0,500,100,200,90.0,,,,,,,
47291,PERFORMING,MOTORS,0,500,100,200,90.0,,,,,,,
47292,PERFORMING,MOTORS,0,500,100,200,90.0,,,,,,,
47294,PERFORMING,MOTORS,0,500,100,200,90.0,,,,,,,
47295,PERFORMING,MOTORS,0,500,100,200,90.0,,,,,,,
47296,PERFORMING,MOTORS,0,500,100,200,90.0,,,,,,,
47297,PERFORMING,MOTORS,0,500,100,200,90.0,,,,,,,
47298,PERFORMING,MOTORS,0,500,100,200,90.0,,,,,,,
47299,PERFORMING,MOTORS,0,500,100,200,90.0,,,,,,,
47300,PERFORMING,MOTORS,0,500,100,200,90.0,,,,,,,
47302,PERFORMING,MOTORS,0,500,100,200,90.0,,,,,,,
47303,PERFORMING,MOTORS,0,500,100,200,90.0,,,,,,,
47304,PERFORMING,MOTORS,0,500,100,200,90.0,,,,,,,
47305,PERFORMING,MOTORS,0,500,100,200,90.0,,,,,,,
47306,PERFORMING,MOTORS,0,500,100,200,90.0,,,,,,,
47307,PERFORMING,MOTORS,0,500,100,200,90.0,,,,,,,
47308,PERFORMING,MOTORS,0,500,100,200,90.0,,,,,,,
47310,PERFORMING,MOTORS,0,500,100,200,90.0,,,,,,,
47311,PERFORMING,MOTORS,0,500,100,200,90.0,,,,,,,
47312,PERFORMING,MOTORS,0,500,100,200,90.0,,,,,,,
47313,PERFORMING,MOTORS,0,500,100,200,90.0,,,,,,,
47314,PERFORMING,MOTORS,0,500,100,200,90.0,,,,,,,
47315,PERFORMING,MOTORS,0,500,100,200,90.0,,,,,,,
47316,PERFORMING,MOTORS,0,500,100,200,90.0,,,,,,,
47318,PERFORMING,MOTORS,0,500,100,200,90.0,,,,,,,
47319,PERFORMING,MOTORS,0,500,100,200,90.0,,,,,,,
47320,PERFORMING,MOTORS,0,500,100,200,90.0,,,,,,,
47321,PERFORMING,MOTORS,0,500,100,200,90.0,,,,,,,
47322,PERFORMING,MOTORS,0,500,100,200,90.0,,,,,,,
47323,PERFORMING,MOTORS,0,500,100,200,90.0,,,,,,,
47325,PERFORMING,MOTORS,0,500,100,200,90.0,,,,,,,
47326,PERFORMING,MOTORS,0,500,100,200,90.0,,,,,,,
47327,PERFORMING,MOTORS,0,500,100,200,90.0,,,,,,,
47328,PERFORMING,MOTORS,0,500,100,200,90.0,,,,,,,
47329,PERFORMING,MOTORS,0,500,100,200,90.0,,,,,,,
47330,PERFORMING,MOTORS,0,500,100,200,90.0,,,,,,,
47331,PERFORMING,MOTORS,0,500,100,200,90.0,,,,,,,
47333,PERFORMING,MOTORS,0,500,100,200,90.0,,,,,,,
47334,PERFORMING,MOTORS,0,500,100,200,90.0,,,,,,,
47335,PERFORMING,MOTORS,0,500,100,200,90.0,,,,,,,
47336,PERFORMING,MOTORS,0,500,100,200,90.0,,,,,,,
47337,PERFORMING,MOTORS,0,500,100,200,90.0,,,,,,,
47338,PERFORMING,MOTORS,0,500,100,200,90.0,,,,,,,
47340,PERFORMING,MOTORS,0,500,100,200,90.0,,,,,,,
47341,PERFORMING,MOTORS,0,500,100,200,90.0,,,,,,,
47342,PERFORMING,MOTORS,0,500,100,200,90.0,,,,,,,
47343,PERFORMING,MOTORS,0,500,100,200,90.0,,,,,,,
47344,PERFORMING,MOTORS,0,500,100,200,90.0,,,,,,,
47345,PERFORMING,MOTORS,0,500,100,200,90.0,,,,,,,
47347,PERFORMING,MOTORS,0,500,100,200,90.0,,,,,,,
47348,PERFORMING,MOTORS,0,500,100,200,90.0,,,,,,,
47349,PERFORMING,MOTORS,0,500,100,200,90.0,,,,,,,
47350,PERFORMING,MOTORS,0,500,100,200,90.0,,,,,,,
47351,PERFORMING,MOTORS,0,500,100,200,90.0,,,,,,,
47352,PERFORMING,MOTORS,0,500,100,200,90.0,,,,,,,
47354,PERFORMING,MOTORS,0,500,100,200,90.0,,,,,,,
47355,PERFORMING,MOTORS,0,500,100,200,90.0,,,,,,,
47356,PERFORMING,MOTORS,0,500,100,200,90.0,,,,,,,
47357,PERFORMING,MOTORS,0,500,100,200,90.0,,,,,,,
47358,PERFORMING,MOTORS,0,500,100,200,90.0,,,,,,,
47359,PERFORMING,MOTORS,0,500,100,200,90.0,,,,,,,
47360,PERFORMING,MOTORS,0,500,100,200,90.0,,,,,,,
47362,PERFORMING,MOTORS,0,500,100,200,90.0,,,,,,,
47363,PERFORMING,MOTORS,0,500,100,200,90.0,,,,,,,
47364,PERFORMING,MOTORS,0,500,100,200,90.0,,,,,,,
47365,PERFORMING,MOTORS,0,500,100,200,90.0,,,,,,,
47366,PERFORMING,MOTORS,0,500,100,200,90.0,,,,,,,
47367,PERFORMING,MOTORS,0,500,100,200,90.0,,,,,,,
47368,PERFORMING,MOTORS,0,500,100,200,90.0,,,,,,,
47370,PERFORMING,MOTORS,0,500,100,200,90.0,,,,,,,
47371,PERFORMING,MOTORS,0,500,100,200,90.0,,,,,,,
47372,PERFORMING,MOTORS,0,500,100,200,90.0,,,,,,,
47373,PERFORMING,MOTORS,0,500,100,200,90.0,,,,,,,
47374,PERFORMING,MOTORS,0,500,100,200,90.0,,,,,,,
47375,PERFORMING,MOTORS,0,500,100,200,90.0,,,,,,,
47377,PERFORMING,MOTORS,0,500,100,200,90.0,,,,,,,
47378,PERFORMING,MOTORS,0,500,100,200,90.0,,,,,,,
47379,PERFORMING,MOTORS,0,500,100,200,90.0,,,,,,,
47380,PERFORMING,MOTORS,0,500,100,200,90.0,,,,,,,
47381,PERFORMING,MOTORS,0,500,100,200,90.0,,,,,,,
47382,PERFORMING,MOTORS,0,500,100,200,90.0,,,,,,,
47383,PERFORMING,MOTORS,0,500,100,200,90.0,,,,,,,
47385,PERFORMING,MOTORS,0,500,100,200,90.0,,,,,,,
47386,PERFORMING,MOTORS,0,500,100,200,90.0,,,,,,,
47387,PERFORMING,MOTORS,0,500,100,200,90.0,,,,,,,
47388,PERFORMING,MOTORS,0,500,100,200,90.0,,,,,,,
47389,PERFORMING,MOTORS,0,500,100,200,90.0,,,,,,,
47390,PERFORMING,MOTORS,0,500,100,200,90.0,,,,,,,
47392,PERFORMING,MOTORS,0,500,100,200,90.0,,,,,,,
47393,PERFORMING,MOTORS,0,500,100,200,90.0,,,,,,,
47394,PERFORMING,MOTORS,0,500,100,200,90.0,,,,,,,
47395,PERFORMING,MOTORS,0,500,100,200,90.0,,,,,,,
47396,PERFORMING,MOTORS,0,500,100,200,90.0,,,,,,,
47397,PERFORMING,MOTORS,0,500,100,200,90.0,,,,,,,
47398,PERFORMING,MOTORS,0,500,100,200,90.0,,,,,,,
47400,PERFORMING,MOTORS,0,500,100,200,90.0,,,,,,,
47401,PERFORMING,MOTORS,0,500,100,200,90.0,,,,,,,
47402,PERFORMING,MOTORS,0,500,100,200,90.0,,,,,,,
47403,PERFORMING,MOTORS,0,500,100,200,90.0,,,,,,,
47404,PERFORMING,MOTORS,0,500,100,200,90.0,,,,,,,
47405,PERFORMING,MOTORS,0,500,100,200,90.0,,,,,,,
47406,PERFORMING,MOTORS,0,500,100,200,90.0,,,,,,,
47408,PERFORMING,MOTORS,0,500,100,200,90.0,,,,,,,
47409,PERFORMING,MOTORS,0,500,100,200,90.0,,,,,,,
47410,PERFORMING,MOTORS,0,500,100,200,90.0,,,,,,,
47411,PERFORMING,MOTORS,0,500,100,200,90.0,,,,,,,
47412,PERFORMING,MOTORS,0,500,100,200,90.0,,,,,,,
47413,PERFORMING,MOTORS,0,500,100,200,90.0,,,,,,,
47414,PERFORMING,MOTORS,0,500,100,200,90.0,,,,,,,
47415,PERFORMING,MOTORS,0,500,100,200,90.0,,,,,,,
47417,PERFORMING,MOTORS,0,500,100,200,90.0,,,,,,,
47418,PERFORMING,MOTORS,0,500,100,200,90.0,,,,,,,
47419,PERFORMING,MOTORS,0,500,100,200,90.0,,,,,,,
47420,PERFORMING,MOTORS,0,500,100,200,90.0,,,,,,,
47421,PERFORMING,MOTORS,0,500,100,200,90.0,,,,,,,
47423,PERFORMING,MOTORS,0,500,100,200,90.0,,,,,,,
47424,PERFORMING,MOTORS,0,500,100,200,90.0,,,,,,,
47425,PERFORMING,MOTORS,0,500,100,200,90.0,,,,,,,
47426,PERFORMING,MOTORS,0,500,100,200,90.0,,,,,,,
47427,PERFORMING,MOTORS,0,500,100,200,90.0,,,,,,,
47429,PERFORMING,MOTORS,0,500,100,200,90.0,,,,,,,
47430,PERFORMING,MOTORS,0,500,100,200,90.0,,,,,,,
47431,PERFORMING,MOTORS,0,500,100,200,90.0,,,,,,,
47432,PERFORMING,MOTORS,0,500,100,200,90.0,,,,,,,
47433,PERFORMING,MOTORS,0,500,100,200,90.0,,,,,,,
47434,PERFORMING,MOTORS,0,500,100,200,90.0,,,,,,,
47436,PERFORMING,MOTORS,0,500,100,200,90.0,,,,,,,
47437,PERFORMING,MOTORS,0,500,100,200,90.0,,,,,,,
47438,PERFORMING,MOTORS,0,500,100,200,90.0,,,,,,,
47439,PERFORMING,MOTORS,0,500,100,200,90.0,,,,,,,
47440,PERFORMING,MOTORS,0,500,100,200,90.0,,,,,,,
47441,PERFORMING,MOTORS,0,500,100,200,90.0,,,,,,,
47442,PERFORMING,MOTORS,0,500,100,200,90.0,,,,,,,
47444,PERFORMING,MOTORS,0,500,100,200,90.0,,,,,,,
47445,PERFORMING,MOTORS,0,500,100,200,90.0,,,,,,,
47446,PERFORMING,MOTORS,0,500,100,200,90.0,,,,,,,
47447,PERFORMING,MOTORS,0,500,100,200,90.0,,,,,,,
47448,PERFORMING,MOTORS,0,500,100,200,90.0,,,,,,,
47449,PERFORMING,MOTORS,0,500,100,200,90.0,,,,,,,
47451,PERFORMING,MOTORS,0,500,100,200,90.0,,,,,,,
47452,PERFORMING,MOTORS,0,500,100,200,90.0,,,,,,,
47453,PERFORMING,MOTORS,0,500,100,200,90.0,,,,,,,
47454,PERFORMING,MOTORS,0,500,100,200,90.0,,,,,,,
47455,PERFORMING,MOTORS,0,500,100,200,90.0,,,,,,,
47456,PERFORMING,MOTORS,0,500,100,200,90.0,,,,,,,
47458,PERFORMING,MOTORS,0,500,100,200,90.0,,,,,,,
47459,PERFORMING,MOTORS,0,500,100,200,90.0,,,,,,,
47460,PERFORMING,MOTORS,0,500,100,200,90.0,,,,,,,
47461,PERFORMING,MOTORS,0,500,100,200,90.0,,,,,,,
47462,PERFORMING,MOTORS,0,500,100,200,90.0,,,,,,,
47463,PERFORMING,MOTORS,0,500,100,200,90.0,,,,,,,
47465,PERFORMING,MOTORS,0,500,100,200,90.0,,,,,,,
47466,PERFORMING,MOTORS,0,500,100,200,90.0,,,,,,,
47467,PERFORMING,MOTORS,0,500,100,200,90.0,,,,,,,
47468,PERFORMING,MOTORS,0,500,100,200,90.0,,,,,,,
47469,PERFORMING,MOTORS,0,500,100,200,90.0,,,,,,,
47470,PERFORMING,MOTORS,0,500,100,200,90.0,,,,,,,
47471,PERFORMING,MOTORS,0,500,100,200,90.0,,,,,,,
47472,PERFORMING,MOTORS,0,500,100,200,90.0,,,,,,,
47473,PERFORMING,MOTORS,0,500,100,200,90.0,,,,,,,
47475,PERFORMING,MOTORS,0,500,100,200,90.0,,,,,,,
47476,PERFORMING,MOTORS,0,500,100,200,90.0,,,,,,,
47477,PERFORMING,MOTORS,0,500,100,200,90.0,,,,,,,
47478,PERFORMING,MOTORS,0,500,100,200,90.0,,,,,,,
47479,PERFORMING,MOTORS,0,500,100,200,90.0,,,,,,,
47480,PERFORMING,MOTORS,0,500,100,200,90.0,,,,,,,
47481,PERFORMING,MOTORS,0,500,100,200,90.0,,,,,,,
47482,PERFORMING,MOTORS,0,500,100,200,90.0,,,,,,,
47484,PERFORMING,MOTORS,0,500,100,200,90.0,,,,,,,
47485,PERFORMING,MOTORS,0,500,100,200,90.0,,,,,,,
47486,PERFORMING,MOTORS,0,500,100,200,90.0,,,,,,,
47487,PERFORMING,MOTORS,0,500,100,200,90.0,,,,,,,
47488,PERFORMING,MOTORS,0,500,100,200,90.0,,,,,,,
47489,PERFORMING,MOTORS,0,500,100,200,90.0,,,,,,,
47490,PERFORMING,MOTORS,0,500,100,200,90.0,,,,,,,
47491,PERFORMING,MOTORS,0,500,100,200,90.0,,,,,,,
47493,PERFORMING,MOTORS,0,500,100,200,90.0,,,,,,,
47494,PERFORMING,MOTORS,0,500,100,200,90.0,,,,,,,
47495,PERFORMING,MOTORS,0,500,100,200,90.0,,,,,,,
47496,PERFORMING,MOTORS,0,500,100,200,90.0,,,,,,,
47497,PERFORMING,MOTORS,0,500,100,200,90.0,,,,,,,
47498,PERFORMING,MOTORS,0,500,100,200,90.0,,,,,,,
47499,PERFORMING,MOTORS,0,500,100,200,90.0,,,,,,,
47501,PERFORMING,MOTORS,0,500,100,200,90.0,,,,,,,
47502,PERFORMING,MOTORS,0,500,100,200,90.0,,,,,,,
47503,PERFORMING,MOTORS,0,500,100,200,90.0,,,,,,,
47504,PERFORMING,MOTORS,0,500,100,200,90.0,,,,,,,
47505,PERFORMING,MOTORS,0,500,100,200,90.0,,,,,,,
47506,PERFORMING,MOTORS,0,500,100,200,90.0,,,,,,,
47507,PERFORMING,MOTORS,0,500,100,200,90.0,,,,,,,
47508,PERFORMING,MOTORS,0,500,100,200,90.0,,,,,,,
47510,PERFORMING,MOTORS,0,500,100,200,90.0,,,,,,,
47511,PERFORMING,MOTORS,0,500,100,200,90.0,,,,,,,
47512,PERFORMING,MOTORS,0,500,100,200,90.0,,,,,,,
47513,PERFORMING,MOTORS,0,500,100,200,90.0,,,,,,,
47514,PERFORMING,MOTORS,0,500,100,200,90.0,,,,,,,
47515,PERFORMING,MOTORS,0,500,100,200,90.0,,,,,,,
47516,PERFORMING,MOTORS,0,500,100,200,90.0,,,,,,,
47517,PERFORMING,MOTORS,0,500,100,200,90.0,,,,,,,
47519,PERFORMING,MOTORS,0,500,100,200,90.0,,,,,,,
47520,PERFORMING,MOTORS,0,500,100,200,90.0,,,,,,,
47521,PERFORMING,MOTORS,0,500,100,200,90.0,,,,,,,
47522,PERFORMING,MOTORS,0,500,100,200,90.0,,,,,,,
47523,PERFORMING,MOTORS,0,500,100,200,90.0,,,,,,,
47524,PERFORMING,MOTORS,0,500,100,200,90.0,,,,,,,
47525,PERFORMING,MOTORS,0,500,100,200,90.0,,,,,,,
47526,PERFORMING,MOTORS,0,500,100,200,90.0,,,,,,,
47527,PERFORMING,MOTORS,0,500,100,200,90.0,,,,,,,
47529,PERFORMING,MOTORS,0,500,100,200,90.0,,,,,,,
47530,PERFORMING,MOTORS,0,500,100,200,90.0,,,,,,,
47531,PERFORMING,MOTORS,0,500,100,200,90.0,,,,,,,
47532,PERFORMING,MOTORS,0,500,100,200,90.0,,,,,,,
47533,PERFORMING,MOTORS,0,500,100,200,90.0,,,,,,,
47534,PERFORMING,MOTORS,0,500,100,200,90.0,,,,,,,
47535,PERFORMING,MOTORS,0,500,100,200,90.0,,,,,,,
47536,PERFORMING,MOTORS,0,500,100,200,90.0,,,,,,,
47538,PERFORMING,MOTORS,0,500,100,200,90.0,,,,,,,
47539,PERFORMING,MOTORS,0,500,100,200,90.0,,,,,,,
47540,PERFORMING,MOTORS,0,500,100,200,90.0,,,,,,,
47541,PERFORMING,MOTORS,0,500,100,200,90.0,,,,,,,
47542,PERFORMING,MOTORS,0,500,100,200,90.0,,,,,,,
47543,PERFORMING,MOTORS,0,500,100,200,90.0,,,,,,,
47544,PERFORMING,MOTORS,0,500,100,200,90.0,,,,,,,
47545,PERFORMING,MOTORS,0,500,100,200,90.0,,,,,,,
47547,PERFORMING,MOTORS,0,500,100,200,90.0,,,,,,,
47548,PERFORMING,MOTORS,0,500,100,200,90.0,,,,,,,
47549,PERFORMING,MOTORS,0,500,100,200,90.0,,,,,,,
47550,PERFORMING,MOTORS,0,500,100,200,90.0,,,,,,,
47551,PERFORMING,MOTORS,0,500,100,200,90.0,,,,,,,
47552,PERFORMING,MOTORS,0,498,100,200,90.0,,,,,,,
47553,PERFORMING,MOTORS,0,496,100,200,90.0,,,,,,,
47554,PERFORMING,MOTORS,0,494,100,200,90.0,,,,,,,
47556,PERFORMING,MOTORS,0,490,100,200,90.0,,,,,,,
47557,PERFORMING,MOTORS,0,488,100,200,90.0,,,,,,,
47558,PERFORMING,MOTORS,0,486,100,200,90.0,,,,,,,
47559,PERFORMING,MOTORS,0,484,100,200,90.0,,,,,,,
47560,PERFORMING,MOTORS,0,482,100,200,90.0,,,,,,,
47561,PERFORMING,MOTORS,0,480,100,200,90.0,,,,,,,
47563,PERFORMING,MOTORS,0,476,100,200,90.0,,,,,,,
47564,PERFORMING,MOTORS,0,474,100,200,90.0,,,,,,,
47565,PERFORMING,MOTORS,0,472,100,200,90.0,,,,,,,
47566,PERFORMING,MOTORS,0,470,100,200,90.0,,,,,,,
47567,PERFORMING,MOTORS,0,468,100,200,90.0,,,,,,,
47568,PERFORMING,MOTORS,0,466,100,200,90.0,,,,,,,
47569,PERFORMING,MOTORS,0,464,100,200,90.0,,,,,,,
47570,PERFORMING,MOTORS,0,462,100,200,90.0,,,,,,,
47572,PERFORMING,MOTORS,0,458,100,200,90.0,,,,,,,
47573,PERFORMING,MOTORS,0,456,100,200,90.0,,,,,,,
47574,PERFORMING,MOTORS,0,454,100,200,90.0,,,,,,,
47575,PERFORMING,MOTORS,0,452,100,200,90.0,,,,,,,
47576,PERFORMING,MOTORS,0,450,100,200,90.0,,,,,,,
47577,PERFORMING,MOTORS,0,450,100,200,90.0,,,,,,,
47579,PERFORMING,MOTORS,0,450,100,200,90.0,,,,,,,
47580,PERFORMING,MOTORS,0,450,100,200,90.0,,,,,,,
47581,PERFORMING,MOTORS,0,450,100,200,90.0,,,,,,,
47582,PERFORMING,MOTORS,0,450,100,200,90.0,,,,,,,
47583,PERFORMING,MOTORS,0,450,100,200,90.0,,,,,,,
47584,PERFORMING,MOTORS,0,450,100,200,90.0,,,,,,,
47586,PERFORMING,MOTORS,0,450,100,200,90.0,,,,,,,
47587,PERFORMING,MOTORS,0,450,100,200,90.0,,,,,,,
47588,PERFORMING,MOTORS,0,450,100,200,90.0,,,,,,,
47589,PERFORMING,MOTORS,0,450,100,200,90.0,,,,,,,
47590,PERFORMING,MOTORS,0,450,100,200,90.0,,,,,,,
47591,PERFORMING,MOTORS,0,450,100,200,90.0,,,,,,,
47592,PERFORMING,MOTORS,0,450,100,200,90.0,,,,,,,
47594,PERFORMING,MOTORS,0,450,100,200,90.0,,,,,,,
47595,PERFORMING,MOTORS,0,450,100,200,90.0,,,,,,,
47596,PERFORMING,MOTORS,0,450,100,200,90.0,,,,,,,
47597,PERFORMING,MOTORS,0,450,100,200,90.0,,,,,,,
47598,PERFORMING,MOTORS,0,450,100,200,90.0,,,,,,,
47599,PERFORMING,MOTORS,0,450,100,200,90.0,,,,,,,
47600,PERFORMING,MOTORS,0,450,100,200,90.0,,,,,,,
47602,PERFORMING,MOTORS,0,450,100,200,90.0,,,,,,,
47603,PERFORMING,MOTORS,0,450,100,200,90.0,,,,,,,
47604,PERFORMING,MOTORS,0,450,100,200,90.0,,,,,,,
47605,PERFORMING,MOTORS,0,450,100,200,90.0,,,,,,,
47606,PERFORMING,MOTORS,0,450,100,200,90.0,,,,,,,
47607,PERFORMING,MOTORS,0,450,100,200,90.0,,,,,,,
47608,PERFORMING,MOTORS,0,450,100,200,90.0,,,,,,,
47610,PERFORMING,MOTORS,0,450,100,200,90.0,,,,,,,
47611,PERFORMING,MOTORS,0,450,100,200,90.0,,,,,,,
47612,PERFORMING,MOTORS,0,450,100,200,90.0,,,,,,,
47613,PERFORMING,MOTORS,0,450,100,200,90.0,,,,,,,
47614,PERFORMING,MOTORS,0,450,100,200,90.0,,,,,,,
47615,PERFORMING,MOTORS,0,450,100,200,90.0,,,,,,,
47616,PERFORMING,MOTORS,0,450,100,200,90.0,,,,,,,
47618,PERFORMING,MOTORS,0,450,100,200,90.0,,,,,,,
47619,PERFORMING,MOTORS,0,450,100,200,90.0,,,,,,,
47620,PERFORMING,MOTORS,0,450,100,200,90.0,,,,,,,
47621,PERFORMING,MOTORS,0,450,100,200,90.0,,,,,,,
47622,PERFORMING,MOTORS,0,450,100,200,90.0,,,,,,,
47623,PERFORMING,MOTORS,0,450,100,200,90.0,,,,,,,
47624,PERFORMING,MOTORS,0,450,100,200,90.0,,,,,,,
47626,PERFORMING,MOTORS,0,450,100,200,90.0,,,,,,,
47627,PERFORMING,MOTORS,0,450,100,200,90.0,,,,,,,
47628,PERFORMING,MOTORS,0,450,100,200,90.0,,,,,,,
47629,PERFORMING,MOTORS,0,450,100,200,90.0,,,,,,,
47630,PERFORMING,MOTORS,0,450,100,200,90.0,,,,,,,
47631,PERFORMING,MOTORS,0,450,100,200,90.0,,,,,,,
47633,PERFORMING,MOTORS,0,450,100,200,90.0,,,,,,,
47634,PERFORMING,MOTORS,0,450,100,200,90.0,,,,,,,
47635,PERFORMING,MOTORS,0,450,100,200,90.0,,,,,,,
47636,PERFORMING,MOTORS,0,450,100,200,90.0,,,,,,,
47637,PERFORMING,MOTORS,0,450,100,200,90.0,,,,,,,
47638,PERFORMING,MOTORS,0,450,100,200,90.0,,,,,,,
47639,PERFORMING,MOTORS,0,450,100,200,90.0,,,,,,,
47640,PERFORMING,MOTORS,0,450,100,200,90.0,,,,,,,
47641,PERFORMING,MOTORS,0,450,100,200,90.0,,,,,,,
47643,PERFORMING,MOTORS,0,450,100,200,90.0,,,,,,,
47644,PERFORMING,MOTORS,0,450,100,200,90.0,,,,,,,
47645,PERFORMING,MOTORS,0,450,100,200,90.0,,,,,,,
47646,PERFORMING,MOTORS,0,450,100,200,90.0,,,,,,,
47647,PERFORMING,MOTORS,0,450,100,200,90.0,,,,,,,
47648,PERFORMING,MOTORS,0,450,100,200,90.0,,,,,,,
47649,PERFORMING,MOTORS,0,450,100,200,90.0,,,,,,,
47650,PERFORMING,MOTORS,0,450,100,200,90.0,,,,,,,
47652,PERFORMING,MOTORS,0,450,100,200,90.0,,,,,,,
47653,PERFORMING,MOTORS,0,450,100,200,90.0,,,,,,,
47654,PERFORMING,MOTORS,0,450,100,200,90.0,,,,,,,
47655,PERFORMING,MOTORS,0,450,100,200,90.0,,,,,,,
47656,PERFORMING,MOTORS,0,450,100,200,90.0,,,,,,,
47657,PERFORMING,MOTORS,0,450,100,200,90.0,,,,,,,
47658,PERFORMING,MOTORS,0,450,100,200,90.0,,,,,,,
47659,PERFORMING,MOTORS,0,450,100,200,90.0,,,,,,,
47661,PERFORMING,MOTORS,0,450,100,200,90.0,,,,,,,
47662,PERFORMING,MOTORS,0,450,100,200,90.0,,,,,,,
47663,PERFORMING,MOTORS,0,450,100,200,90.0,,,,,,,
47664,PERFORMING,MOTORS,0,450,100,200,90.0,,,,,,,
47665,PERFORMING,MOTORS,0,450,100,200,90.0,,,,,,,
47666,PERFORMING,MOTORS,0,450,100,200,90.0,,,,,,,
47667,PERFORMING,MOTORS,0,450,100,200,90.0,,,,,,,
47669,PERFORMING,MOTORS,0,450,100,200,90.0,,,,,,,
47670,PERFORMING,MOTORS,0,450,100,200,90.0,,,,,,,
47671,PERFORMING,MOTORS,0,450,100,200,90.0,,,,,,,
47672,PERFORMING,MOTORS,0,450,100,200,90.0,,,,,,,
47673,PERFORMING,MOTORS,0,450,100,200,90.0,,,,,,,
47674,PERFORMING,MOTORS,0,450,100,200,90.0,,,,,,,
47675,PERFORMING,MOTORS,0,450,100,200,90.0,,,,,,,
47677,PERFORMING,MOTORS,0,450,100,200,90.0,,,,,,,
47678,PERFORMING,MOTORS,0,450,100,200,90.0,,,,,,,
47679,PERFORMING,MOTORS,0,450,100,200,90.0,,,,,,,
47680,PERFORMING,MOTORS,0,450,100,200,90.0,,,,,,,
47681,PERFORMING,MOTORS,0,450,100,200,90.0,,,,,,,
47682,PERFORMING,MOTORS,0,450,100,200,90.0,,,,,,,
47683,PERFORMING,MOTORS,0,450,100,200,90.0,,,,,,,
47684,PERFORMING,MOTORS,0,450,100,200,90.0,,,,,,,
47685,PERFORMING,MOTORS,0,450,100,200,90.0,,,,,,,
47687,PERFORMING,MOTORS,0,450,100,200,90.0,,,,,,,
47688,PERFORMING,MOTORS,0,450,100,200,90.0,,,,,,,
47689,PERFORMING,MOTORS,0,450,100,200,90.0,,,,,,,
47690,PERFORMING,MOTORS,0,450,100,200,90.0,,,,,,,
47691,PERFORMING,MOTORS,0,450,100,200,90.0,,,,,,,
47692,PERFORMING,MOTORS,0,450,100,200,90.0,,,,,,,
47693,PERFORMING,MOTORS,0,450,100,200,90.0,,,,,,,
47694,PERFORMING,MOTORS,0,450,100,200,90.0,,,,,,,
47696,PERFORMING,MOTORS,0,450,100,200,90.0,,,,,,,
47697,PERFORMING,MOTORS,0,450,100,200,90.0,,,,,,,
47698,PERFORMING,MOTORS,0,450,100,200,90.0,,,,,,,
47699,PERFORMING,MOTORS,0,450,100,200,90.0,,,,,,,
47700,PERFORMING,MOTORS,0,450,100,200,90.0,,,,,,,
47701,PERFORMING,MOTORS,0,450,100,200,90.0,,,,,,,
47703,PERFORMING,MOTORS,0,450,100,200,90.0,,,,,,,
47704,PERFORMING,MOTORS,0,450,100,200,90.0,,,,,,,
47705,PERFORMING,MOTORS,0,450,100,200,90.0,,,,,,,
47706,PERFORMING,MOTORS,0,450,100,200,90.0,,,,,,,
47707,PERFORMING,MOTORS,0,450,100,200,90.0,,,,,,,
47708,PERFORMING,MOTORS,0,450,100,200,90.0,,,,,,,
47709,PERFORMING,MOTORS,0,450,100,200,90.0,,,,,,,
47711,PERFORMING,MOTORS,0,450,100,200,90.0,,,,,,,
47712,PERFORMING,MOTORS,0,450,100,200,90.0,,,,,,,
47713,PERFORMING,MOTORS,0,450,100,200,90.0,,,,,,,
47714,PERFORMING,MOTORS,0,450,100,200,90.0,,,,,,,
47715,PERFORMING,MOTORS,0,450,100,200,90.0,,,,,,,
47716,PERFORMING,MOTORS,0,450,100,200,90.0,,,,,,,
47717,PERFORMING,MOTORS,0,450,100,200,90.0,,,,,,,
47719,PERFORMING,MOTORS,0,450,100,200,90.0,,,,,,,
47720,PERFORMING,MOTORS,0,450,100,200,90.0,,,,,,,
47721,PERFORMING,MOTORS,0,450,100,200,90.0,,,,,,,
47722,PERFORMING,MOTORS,0,450,100,200,90.0,,,,,,,
47723,PERFORMING,MOTORS,0,450,100,200,90.0,,,,,,,
47724,PERFORMING,MOTORS,0,450,100,200,90.0,,,,,,,
47725,PERFORMING,MOTORS,0,450,100,200,90.0,,,,,,,
47726,PERFORMING,MOTORS,0,450,100,200,90.0,,,,,,,
47727,PERFORMING,MOTORS,0,450,100,200,90.0,,,,,,,
47729,PERFORMING,MOTORS,0,450,100,200,90.0,,,,,,,
47730,PERFORMING,MOTORS,0,450,100,200,90.0,,,,,,,
47731,PERFORMING,MOTORS,0,450,100,200,90.0,,,,,,,
47732,PERFORMING,MOTORS,0,450,100,200,90.0,,,,,,,
47733,PERFORMING,MOTORS,0,450,100,200,90.0,,,,,,,
47734,PERFORMING,MOTORS,0,450,100,200,90.0,,,,,,,
47735,PERFORMING,MOTORS,0,450,100,200,90.0,,,,,,,
47737,PERFORMING,MOTORS,0,450,100,200,90.0,,,,,,,
47738,PERFORMING,MOTORS,0,450,100,200,90.0,,,,,,,
47739,PERFORMING,MOTORS,0,450,100,200,90.0,,,,,,,
47740,PERFORMING,MOTORS,0,450,100,200,90.0,,,,,,,
47741,PERFORMING,MOTORS,0,450,100,200,90.0,,,,,,,
47742,PERFORMING,MOTORS,0,450,100,200,90.0,,,,,,,
47743,PERFORMING,MOTORS,0,450,100,200,90.0,,,,,,,
47745,PERFORMING,MOTORS,0,450,100,200,90.0,,,,,,,
47746,PERFORMING,MOTORS,0,450,100,200,90.0,,,,,,,
47747,PERFORMING,MOTORS,0,450,100,200,90.0,,,,,,,
47748,PERFORMING,MOTORS,0,450,100,200,90.0,,,,,,,
47749,PERFORMING,MOTORS,0,450,100,200,90.0,,,,,,,
47750,PERFORMING,MOTORS,0,450,100,200,90.0,,,,,,,
47752,PERFORMING,MOTORS,0,450,100,200,90.0,,,,,,,
47753,PERFORMING,MOTORS,0,450,100,200,90.0,,,,,,,
47754,PERFORMING,MOTORS,0,450,100,200,90.0,,,,,,,
47755,PERFORMING,MOTORS,0,450,100,200,90.0,,,,,,,
47756,PERFORMING,MOTORS,0,450,100,200,90.0,,,,,,,
47758,PERFORMING,MOTORS,0,450,100,200,90.0,,,,,,,
47759,PERFORMING,MOTORS,0,450,100,200,90.0,,,,,,,
47760,PERFORMING,MOTORS,0,450,100,200,90.0,,,,,,,
47761,PERFORMING,MOTORS,0,450,100,200,90.0,,,,,,,
47762,PERFORMING,MOTORS,0,450,100,200,90.0,,,,,,,
47763,PERFORMING,MOTORS,0,450,100,200,90.0,,,,,,,
47765,PERFORMING,MOTORS,0,450,100,200,90.0,,,,,,,
47766,PERFORMING,MOTORS,0,450,100,200,90.0,,,,,,,
47767,PERFORMING,MOTORS,0,450,100,200,90.0,,,,,,,
47768,PERFORMING,MOTORS,0,450,100,200,90.0,,,,,,,
47769,PERFORMING,MOTORS,0,450,100,200,90.0,,,,,,,
47770,PERFORMING,MOTORS,0,450,100,200,90.0,,,,,,,
47771,PERFORMING,MOTORS,0,450,100,200,90.0,,,,,,,
47772,PERFORMING,MOTORS,0,450,100,200,90.0,,,,,,,
47774,PERFORMING,MOTORS,0,450,100,200,90.0,,,,,,,
47775,PERFORMING,MOTORS,0,450,100,200,90.0,,,,,,,
47776,PERFORMING,MOTORS,0,450,100,200,90.0,,,,,,,
47777,PERFORMING,MOTORS,0,450,100,200,90.0,,,,,,,
47778,PERFORMING,MOTORS,0,450,100,200,90.0,,,,,,,
47779,PERFORMING,MOTORS,0,450,100,200,90.0,,,,,,,
47780,PERFORMING,MOTORS,0,450,100,200,90.0,,,,,,,
47781,PERFORMING,MOTORS,0,450,100,200,90.0,,,,,,,
47782,PERFORMING,MOTORS,0,450,100,200,90.0,,,,,,,
47784,PERFORMING,MOTORS,0,450,100,200,90.0,,,,,,,
47785,PERFORMING,MOTORS,0,450,100,200,90.0,,,,,,,
47786,PERFORMING,MOTORS,0,450,100,200,90.0,,,,,,,
47787,PERFORMING,MOTORS,0,450,100,200,90.0,,,,,,,
47788,PERFORMING,MOTORS,0,450,100,200,90.0,,,,,,,
47789,PERFORMING,MOTORS,0,450,100,200,90.0,,,,,,,
47790,PERFORMING,MOTORS,0,450,100,200,90.0,,,,,,,
47791,PERFORMING,MOTORS,0,450,100,200,90.0,,,,,,,
47793,PERFORMING,MOTORS,0,450,100,200,90.0,,,,,,,
47794,PERFORMING,MOTORS,0,450,100,200,90.0,,,,,,,
47795,PERFORMING,MOTORS,0,450,100,200,90.0,,,,,,,
47796,PERFORMING,MOTORS,0,450,100,200,90.0,,,,,,,
47797,PERFORMING,MOTORS,0,450,100,200,90.0,,,,,,,
47798,PERFORMING,MOTORS,0,450,100,200,90.0,,,,,,,
47799,PERFORMING,MOTORS,0,450,100,200,90.0,,,,,,,
47800,PERFORMING,MOTORS,0,450,100,200,90.0,,,,,,,
47801,PERFORMING,MOTORS,0,450,100,200,90.0,,,,,,,
47803,PERFORMING,MOTORS,0,450,100,200,90.0,,,,,,,
47804,PERFORMING,MOTORS,0,450,100,200,90.0,,,,,,,
47805,PERFORMING,MOTORS,0,450,100,200,90.0,,,,,,,
47806,PERFORMING,MOTORS,0,450,100,200,90.0,,,,,,,
47807,PERFORMING,MOTORS,0,450,100,200,90.0,,,,,,,
47808,PERFORMING,MOTORS,0,450,100,200,90.0,,,,,,,
47809,PERFORMING,MOTORS,0,450,100,200,90.0,,,,,,,
47810,PERFORMING,MOTORS,0,450,100,200,90.0,,,,,,,
47812,PERFORMING,MOTORS,0,450,100,200,90.0,,,,,,,
47813,PERFORMING,MOTORS,0,450,100,200,90.0,,,,,,,
47814,PERFORMING,MOTORS,0,450,100,200,90.0,,,,,,,
47815,PERFORMING,MOTORS,0,450,100,200,90.0,,,,,,,
47816,PERFORMING,MOTORS,0,450,100,200,90.0,,,,,,,
47817,PERFORMING,MOTORS,0,450,100,200,90.0,,,,,,,
47818,PERFORMING,MOTORS,0,450,100,200,90.0,,,,,,,
47820,PERFORMING,MOTORS,0,450,100,200,90.0,,,,,,,
47821,PERFORMING,MOTORS,0,450,100,200,90.0,,,,,,,
47822,PERFORMING,MOTORS,0,450,100,200,90.0,,,,,,,
47823,PERFORMING,MOTORS,0,450,100,200,90.0,,,,,,,
47824,PERFORMING,MOTORS,0,450,100,200,90.0,,,,,,,
47826,PERFORMING,MOTORS,0,450,100,200,90.0,,,,,,,
47827,PERFORMING,MOTORS,0,450,100,200,90.0,,,,,,,
47828,PERFORMING,MOTORS,0,450,100,200,90.0,,,,,,,
47829,PERFORMING,MOTORS,0,450,100,200,90.0,,,,,,,
47830,PERFORMING,MOTORS,0,450,100,200,90.0,,,,,,,
47831,PERFORMING,MOTORS,0,450,100,200,90.0,,,,,,,
47832,PERFORMING,MOTORS,0,450,100,200,90.0,,,,,,,
47834,PERFORMING,MOTORS,0,450,100,200,90.0,,,,,,,
47835,PERFORMING,MOTORS,0,450,100,200,90.0,,,,,,,
47836,PERFORMING,MOTORS,0,450,100,200,90.0,,,,,,,
47837,PERFORMING,MOTORS,0,450,100,200,90.0,,,,,,,
47838,PERFORMING,MOTORS,0,450,100,200,90.0,,,,,,,
47839,PERFORMING,MOTORS,0,450,100,200,90.0,,,,,,,
47840,PERFORMING,MOTORS,0,450,100,200,90.0,,,,,,,
47841,PERFORMING,MOTORS,0,450,100,200,90.0,,,,,,,
47842,PERFORMING,MOTORS,0,450,100,200,90.0,,,,,,,
47844,PERFORMING,MOTORS,0,450,100,200,90.0,,,,,,,
47845,PERFORMING,MOTORS,0,450,100,200,90.0,,,,,,,
47846,PERFORMING,MOTORS,0,450,100,200,90.0,,,,,,,
47847,PERFORMING,MOTORS,0,450,100,200,90.0,,,,,,,
47848,PERFORMING,MOTORS,0,450,100,200,90.0,,,,,,,
47849,PERFORMING,MOTORS,0,450,100,200,90.0,,,,,,,
47850,PERFORMING,MOTORS,0,450,100,200,90.0,,,,,,,
47852,PERFORMING,MOTORS,0,450,100,200,90.0,,,,,,,
47853,PERFORMING,MOTORS,0,450,100,200,90.0,,,,,,,
47854,PERFORMING,MOTORS,0,450,100,200,90.0,,,,,,,
47855,PERFORMING,MOTORS,0,450,100,200,90.0,,,,,,,
47856,PERFORMING,MOTORS,0,450,100,200,90.0,,,,,,,
47857,PERFORMING,MOTORS,0,450,100,200,90.0,,,,,,,
47859,PERFORMING,MOTORS,0,450,100,200,90.0,,,,,,,
47860,PERFORMING,MOTORS,0,450,100,200,90.0,,,,,,,
47861,PERFORMING,MOTORS,0,450,100,200,90.0,,,,,,,
47862,PERFORMING,MOTORS,0,450,100,200,90.0,,,,,,,
47863,PERFORMING,MOTORS,0,450,100,200,90.0,,,,,,,
47864,PERFORMING,MOTORS,0,450,100,200,90.0,,,,,,,
47865,PERFORMING,MOTORS,0,450,100,200,90.0,,,,,,,
47866,PERFORMING,MOTORS,0,450,100,200,90.0,,,,,,,
47868,PERFORMING,MOTORS,0,450,100,200,90.0,,,,,,,
47869,PERFORMING,MOTORS,0,450,100,200,90.0,,,,,,,
47870,PERFORMING,MOTORS,0,450,100,200,90.0,,,,,,,
47871,PERFORMING,MOTORS,0,450,100,200,90.0,,,,,,,
47872,PERFORMING,MOTORS,0,450,100,200,90.0,,,,,,,
47873,PERFORMING,MOTORS,0,450,100,200,90.0,,,,,,,
47874,PERFORMING,MOTORS,0,450,100,200,90.0,,,,,,,
47876,PERFORMING,MOTORS,0,450,100,200,90.0,,,,,,,
47877,PERFORMING,MOTORS,0,450,100,200,90.0,,,,,,,
47878,PERFORMING,MOTORS,0,450,100,200,90.0,,,,,,,
47879,PERFORMING,MOTORS,0,450,100,200,90.0,,,,,,,
47880,PERFORMING,MOTORS,0,450,100,200,90.0,,,,,,,
47881,PERFORMING,MOTORS,0,450,100,200,90.0,,,,,,,
47882,PERFORMING,MOTORS,0,450,100,200,90.0,,,,,,,
47883,PERFORMING,MOTORS,0,450,100,200,90.0,,,,,,,
47884,PERFORMING,MOTORS,0,450,100,200,90.0,,,,,,,
47886,PERFORMING,MOTORS,0,450,100,200,90.0,,,,,,,
47887,PERFORMING,MOTORS,0,450,100,200,90.0,,,,,,,
47888,PERFORMING,MOTORS,0,450,100,200,90.0,,,,,,,
47889,PERFORMING,MOTORS,0,450,100,200,90.0,,,,,,,
47890,PERFORMING,MOTORS,0,450,100,200,90.0,,,,,,,
47891,PERFORMING,MOTORS,0,450,100,200,90.0,,,,,,,
47892,PERFORMING,MOTORS,0,450,100,200,90.0,,,,,,,
47893,PERFORMING,MOTORS,0,450,100,200,90.0,,,,,,,
47895,PERFORMING,MOTORS,0,450,100,200,90.0,,,,,,,
47896,PERFORMING,MOTORS,0,450,100,200,90.0,,,,,,,
47897,PERFORMING,MOTORS,0,450,100,200,90.0,,,,,,,
47898,PERFORMING,MOTORS,0,450,100,200,90.0,,,,,,,
47899,PERFORMING,MOTORS,0,450,100,200,90.0,,,,,,,
47900,PERFORMING,MOTORS,0,450,100,200,90.0,,,,,,,
47901,PERFORMING,MOTORS,0,450,100,200,90.0,,,,,,,
47903,PERFORMING,MOTORS,0,450,100,200,90.0,,,,,,,
47904,PERFORMING,MOTORS,0,450,100,200,90.0,,,,,,,
47905,PERFORMING,MOTORS,0,450,100,200,90.0,,,,,,,
47906,PERFORMING,MOTORS,0,450,100,200,90.0,,,,,,,
47907,PERFORMING,MOTORS,0,450,100,200,90.0,,,,,,,
47908,PERFORMING,MOTORS,0,450,100,200,90.0,,,,,,,
47910,PERFORMING,MOTORS,0,450,100,200,90.0,,,,,,,
47911,PERFORMING,MOTORS,0,450,100,200,90.0,,,,,,,
47912,PERFORMING,MOTORS,0,450,100,200,90.0,,,,,,,
47913,PERFORMING,MOTORS,0,450,100,200,90.0,,,,,,,
47914,PERFORMING,MOTORS,0,450,100,200,90.0,,,,,,,
47915,PERFORMING,MOTORS,0,450,100,200,90.0,,,,,,,
47916,PERFORMING,MOTORS,0,450,100,200,90.0,,,,,,,
47917,PERFORMING,MOTORS,0,450,100,200,90.0,,,,,,,
47919,PERFORMING,MOTORS,0,450,100,200,90.0,,,,,,,
47920,PERFORMING,MOTORS,0,450,100,200,90.0,,,,,,,
47921,PERFORMING,MOTORS,0,450,100,200,90.0,,,,,,,
47922,PERFORMING,MOTORS,0,450,100,200,90.0,,,,,,,
47923,PERFORMING,MOTORS,0,450,100,200,90.0,,,,,,,
47924,PERFORMING,MOTORS,0,450,100,200,90.0,,,,,,,
47925,PERFORMING,MOTORS,0,450,100,200,90.0,,,,,,,
47926,PERFORMING,MOTORS,0,450,100,200,90.0,,,,,,,
47927,PERFORMING,MOTORS,0,450,100,200,90.0,,,,,,,
47929,PERFORMING,MOTORS,0,450,100,200,90.0,,,,,,,
47930,PERFORMING,MOTORS,0,450,100,200,90.0,,,,,,,
47931,PERFORMING,MOTORS,0,450,100,200,90.0,,,,,,,
47932,PERFORMING,MOTORS,0,450,100,200,90.0,,,,,,,
47933,PERFORMING,MOTORS,0,450,100,200,90.0,,,,,,,
47934,PERFORMING,MOTORS,0,450,100,200,90.0,,,,,,,
47936,PERFORMING,MOTORS,0,450,100,200,90.0,,,,,,,
47937,PERFORMING,MOTORS,0,450,100,200,90.0,,,,,,,
47938,PERFORMING,MOTORS,0,450,100,200,90.0,,,,,,,
47939,PERFORMING,MOTORS,0,450,100,200,90.0,,,,,,,
47940,PERFORMING,MOTORS,0,450,100,200,90.0,,,,,,,
47941,PERFORMING,MOTORS,0,450,100,200,90.0,,,,,,,
47943,PERFORMING,MOTORS,0,450,100,200,90.0,,,,,,,
47944,PERFORMING,MOTORS,0,450,100,200,90.0,,,,,,,
47945,PERFORMING,MOTORS,0,450,100,200,90.0,,,,,,,
47946,PERFORMING,MOTORS,0,450,100,200,90.0,,,,,,,
47947,PERFORMING,MOTORS,0,450,100,200,90.0,,,,,,,
47948,PERFORMING,MOTORS,0,450,100,200,90.0,,,,,,,
47949,PERFORMING,MOTORS,0,450,100,200,90.0,,,,,,,
47951,PERFORMING,MOTORS,0,450,100,200,90.0,,,,,,,
47952,PERFORMING,MOTORS,0,450,100,200,90.0,,,,,,,
47953,PERFORMING,MOTORS,0,450,100,200,90.0,,,,,,,
47954,PERFORMING,MOTORS,0,450,100,200,90.0,,,,,,,
47955,PERFORMING,MOTORS,0,450,100,200,90.0,,,,,,,
47956,PERFORMING,MOTORS,0,450,100,200,90.0,,,,,,,
47957,PERFORMING,MOTORS,0,450,100,200,90.0,,,,,,,
47958,PERFORMING,MOTORS,0,450,100,200,90.0,,,,,,,
47959,PERFORMING,MOTORS,0,450,100,200,90.0,,,,,,,
47961,PERFORMING,MOTORS,0,450,100,200,90.0,,,,,,,
47962,PERFORMING,MOTORS,0,450,100,200,90.0,,,,,,,
47963,PERFORMING,MOTORS,0,450,100,200,90.0,,,,,,,
47964,PERFORMING,MOTORS,0,450,100,200,90.0,,,,,,,
47965,PERFORMING,MOTORS,0,450,100,200,90.0,,,,,,,
47966,PERFORMING,MOTORS,0,450,100,200,90.0,,,,,,,
47967,PERFORMING,MOTORS,0,450,100,200,90.0,,,,,,,
47968,PERFORMING,MOTORS,0,450,100,200,90.0,,,,,,,
47970,PERFORMING,MOTORS,0,450,100,200,90.0,,,,,,,
47971,PERFORMING,MOTORS,0,450,100,200,90.0,,,,,,,
47972,PERFORMING,MOTORS,0,450,100,200,90.0,,,,,,,
47973,PERFORMING,MOTORS,0,450,100,200,90.0,,,,,,,
47974,PERFORMING,MOTORS,0,450,100,200,90.0,,,,,,,
47975,PERFORMING,MOTORS,0,450,100,200,90.0,,,,,,,
47976,PERFORMING,MOTORS,0,450,100,200,90.0,,,,,,,
47977,PERFORMING,MOTORS,0,450,100,200,90.0,,,,,,,
47978,PERFORMING,MOTORS,0,450,100,200,90.0,,,,,,,
47980,PERFORMING,MOTORS,0,450,100,200,90.0,,,,,,,
47981,PERFORMING,MOTORS,0,450,100,200,90.0,,,,,,,
47982,PERFORMING,MOTORS,0,450,100,200,90.0,,,,,,,
47983,PERFORMING,MOTORS,0,450,100,200,90.0,,,,,,,
47984,PERFORMING,MOTORS,0,450,100,200,90.0,,,,,,,
47985,PERFORMING,MOTORS,0,450,100,200,90.0,,,,,,,
47986,PERFORMING,MOTORS,0,450,100,200,90.0,,,,,,,
47988,PERFORMING,MOTORS,0,450,100,200,90.0,,,,,,,
47989,PERFORMING,MOTORS,0,450,100,200,90.0,,,,,,,
47990,PERFORMING,MOTORS,0,450,100,200,90.0,,,,,,,
47991,PERFORMING,MOTORS,0,450,100,200,90.0,,,,,,,
47992,PERFORMING,MOTORS,0,450,100,200,90.0,,,,,,,
47993,PERFORMING,MOTORS,0,450,100,200,90.0,,,,,,,
47995,PERFORMING,MOTORS,0,450,100,200,90.0,,,,,,,
47996,PERFORMING,MOTORS,0,450,100,200,90.0,,,,,,,
47997,PERFORMING,MOTORS,0,450,100,200,90.0,,,,,,,
47998,PERFORMING,MOTORS,0,450,100,200,90.0,,,,,,,
47999,PERFORMING,MOTORS,0,450,100,200,90.0,,,,,,,
48000,PERFORMING,MOTORS,0,450,100,200,90.0,,,,,,,
48001,PERFORMING,MOTORS,0,450,100,200,90.0,,,,,,,
48002,PERFORMING,MOTORS,0,450,100,200,90.0,,,,,,,
48004,PERFORMING,MOTORS,0,450,100,200,90.0,,,,,,,
48005,PERFORMING,MOTORS,0,450,100,200,90.0,,,,,,,
48006,PERFORMING,MOTORS,0,450,100,200,90.0,,,,,,,
48007,PERFORMING,MOTORS,0,450,100,200,90.0,,,,,,,
48008,PERFORMING,MOTORS,0,450,100,200,90.0,,,,,,,
48009,PERFORMING,MOTORS,0,450,100,200,90.0,,,,,,,
48010,PERFORMING,MOTORS,0,450,100,200,90.0,,,,,,,
48011,PERFORMING,MOTORS,0,450,100,200,90.0,,,,,,,
48013,PERFORMING,MOTORS,0,450,100,200,90.0,,,,,,,
48014,PERFORMING,MOTORS,0,450,100,200,90.0,,,,,,,
48015,PERFORMING,MOTORS,0,450,100,200,90.0,,,,,,,
48016,PERFORMING,MOTORS,0,450,100,200,90.0,,,,,,,
48017,PERFORMING,MOTORS,0,450,100,200,90.0,,,,,,,
48018,PERFORMING,MOTORS,0,450,100,200,90.0,,,,,,,
48020,PERFORMING,MOTORS,0,450,100,200,90.0,,,,,,,
48021,PERFORMING,MOTORS,0,450,100,200,90.0,,,,,,,
48022,PERFORMING,MOTORS,0,450,100,200,90.0,,,,,,,
48023,PERFORMING,MOTORS,0,450,100,200,90.0,,,,,,,
48024,PERFORMING,MOTORS,0,450,100,200,90.0,,,,,,,
48025,PERFORMING,MOTORS,0,450,100,200,90.0,,,,,,,
48027,PERFORMING,MOTORS,0,450,100,200,90.0,,,,,,,
48028,PERFORMING,MOTORS,0,450,100,200,90.0,,,,,,,
48029,PERFORMING,MOTORS,0,450,100,200,90.0,,,,,,,
48030,PERFORMING,MOTORS,0,450,100,200,90.0,,,,,,,
48031,PERFORMING,MOTORS,0,450,100,200,90.0,,,,,,,
48032,PERFORMING,MOTORS,0,450,100,200,90.0,,,,,,,
48033,PERFORMING,MOTORS,0,450,100,200,90.0,,,,,,,
48034,PERFORMING,MOTORS,0,450,100,200,90.0,,,,,,,
48036,PERFORMING,MOTORS,0,450,100,200,90.0,,,,,,,
48037,PERFORMING,MOTORS,0,450,100,200,90.0,,,,,,,
48038,PERFORMING,MOTORS,0,450,100,200,90.0,,,,,,,
48039,PERFORMING,MOTORS,0,450,100,200,90.0,,,,,,,
48040,PERFORMING,MOTORS,0,450,100,200,90.0,,,,,,,
48041,PERFORMING,MOTORS,0,450,100,200,90.0,,,,,,,
48042,PERFORMING,MOTORS,0,450,100,200,90.0,,,,,,,
48044,PERFORMING,MOTORS,0,450,100,200,90.0,,,,,,,
48045,PERFORMING,MOTORS,0,450,100,200,90.0,,,,,,,
48046,PERFORMING,MOTORS,0,450,100,200,90.0,,,,,,,
48047,PERFORMING,MOTORS,0,450,100,200,90.0,,,,,,,
48048,PERFORMING,MOTORS,0,450,100,200,90.0,,,,,,,
48049,PERFORMING,MOTORS,0,450,100,200,90.0,,,,,,,
48051,PERFORMING,MOTORS,0,450,100,200,90.0,,,,,,,
48052,PERFORMING,MOTORS,0,450,100,200,90.0,,,,,,,
48053,PERFORMING,MOTORS,0,450,100,200,90.0,,,,,,,
48054,PERFORMING,MOTORS,0,450,100,200,90.0,,,,,,,
48055,PERFORMING,MOTORS,0,450,100,200,90.0,,,,,,,
48056,PERFORMING,MOTORS,0,450,100,200,90.0,,,,,,,
48057,PERFORMING,MOTORS,0,450,100,200,90.0,,,,,,,
48059,PERFORMING,MOTORS,0,450,100,200,90.0,,,,,,,
48060,PERFORMING,MOTORS,0,450,100,200,90.0,,,,,,,
48061,PERFORMING,MOTORS,0,450,100,200,90.0,,,,,,,
48062,PERFORMING,MOTORS,0,450,100,200,90.0,,,,,,,
48063,PERFORMING,MOTORS,0,450,100,200,90.0,,,,,,,
48064,PERFORMING,MOTORS,0,450,100,200,90.0,,,,,,,
48065,PERFORMING,MOTORS,0,450,100,200,90.0,,,,,,,
48067,PERFORMING,MOTORS,0,450,100,200,90.0,,,,,,,
48068,PERFORMING,MOTORS,0,450,100,200,90.0,,,,,,,
48069,PERFORMING,MOTORS,0,450,100,200,90.0,,,,,,,
48070,PERFORMING,MOTORS,0,450,100,200,90.0,,,,,,,
48071,PERFORMING,MOTORS,0,450,100,200,90.0,,,,,,,
48072,PERFORMING,MOTORS,0,450,100,200,90.0,,,,,,,
48073,PERFORMING,MOTORS,0,450,100,200,90.0,,,,,,,
48074,PERFORMING,MOTORS,0,450,100,200,90.0,,,,,,,
48076,PERFORMING,MOTORS,0,450,100,200,90.0,,,,,,,
48077,PERFORMING,MOTORS,0,450,100,200,90.0,,,,,,,
48078,PERFORMING,MOTORS,0,450,100,200,90.0,,,,,,,
48079,PERFORMING,MOTORS,0,450,100,200,90.0,,,,,,,
48080,PERFORMING,MOTORS,0,450,100,200,90.0,,,,,,,
48081,PERFORMING,MOTORS,0,450,100,200,90.0,,,,,,,
48082,PERFORMING,MOTORS,0,450,100,200,90.0,,,,,,,
48083,PERFORMING,MOTORS,0,450,100,200,90.0,,,,,,,
48084,PERFORMING,MOTORS,0,450,100,200,90.0,,,,,,,
48086,PERFORMING,MOTORS,0,450,100,200,90.0,,,,,,,
48087,PERFORMING,MOTORS,0,450,100,200,90.0,,,,,,,
48088,PERFORMING,MOTORS,0,450,100,200,90.0,,,,,,,
48089,PERFORMING,MOTORS,0,450,100,200,90.0,,,,,,,
48090,PERFORMING,MOTORS,0,450,100,200,90.0,,,,,,,
48091,PERFORMING,MOTORS,0,450,100,200,90.0,,,,,,,
48092,PERFORMING,MOTORS,0,450,100,200,90.0,,,,,,,
48093,PERFORMING,MOTORS,0,450,100,200,90.0,,,,,,,
48094,PERFORMING,MOTORS,0,450,100,200,90.0,,,,,,,
48096,PERFORMING,MOTORS,0,450,100,200,90.0,,,,,,,
48097,PERFORMING,MOTORS,0,450,100,200,90.0,,,,,,,
48098,PERFORMING,MOTORS,0,450,100,200,90.0,,,,,,,
48099,PERFORMING,MOTORS,0,450,100,200,90.0,,,,,,,
48100,PERFORMING,MOTORS,0,450,100,200,90.0,,,,,,,
48101,PERFORMING,MOTORS,0,450,100,200,90.0,,,,,,,
48102,PERFORMING,MOTORS,0,450,100,200,90.0,,,,,,,
48104,PERFORMING,MOTORS,0,450,100,200,90.0,,,,,,,
48105,PERFORMING,MOTORS,0,450,100,200,90.0,,,,,,,
48106,PERFORMING,MOTORS,0,450,100,200,90.0,,,,,,,
48107,PERFORMING,MOTORS,0,450,100,200,90.0,,,,,,,
48108,PERFORMING,MOTORS,0,450,100,200,90.0,,,,,,,
48109,PERFORMING,MOTORS,0,450,100,200,90.0,,,,,,,
48111,PERFORMING,MOTORS,0,450,100,200,90.0,,,,,,,
48112,PERFORMING,MOTORS,0,450,100,200,90.0,,,,,,,
48113,PERFORMING,MOTORS,0,450,100,200,90.0,,,,,,,
48114,PERFORMING,MOTORS,0,450,100,200,90.0,,,,,,,
48115,PERFORMING,MOTORS,0,450,100,200,90.0,,,,,,,
48116,PERFORMING,MOTORS,0,450,100,200,90.0,,,,,,,
48117,PERFORMING,MOTORS,0,450,100,200,90.0,,,,,,,
48118,PERFORMING,MOTORS,0,450,100,200,90.0,,,,,,,
48120,PERFORMING,MOTORS,0,450,100,200,90.0,,,,,,,
48121,PERFORMING,MOTORS,0,450,100,200,90.0,,,,,,,
48122,PERFORMING,MOTORS,0,450,100,200,90.0,,,,,,,
48123,PERFORMING,MOTORS,0,450,100,200,90.0,,,,,,,
48124,PERFORMING,MOTORS,0,450,100,200,90.0,,,,,,,
48125,PERFORMING,MOTORS,0,450,100,200,90.0,,,,,,,
48126,PERFORMING,MOTORS,0,450,100,200,90.0,,,,,,,
48127,PERFORMING,MOTORS,0,450,100,200,90.0,,,,,,,
48128,PERFORMING,MOTORS,0,450,100,200,90.0,,,,,,,
48129,PERFORMING,MOTORS,0,450,100,200,90.0,,,,,,,
48131,PERFORMING,MOTORS,0,450,100,200,90.0,,,,,,,
48132,PERFORMING,MOTORS,0,450,100,200,90.0,,,,,,,
48133,PERFORMING,MOTORS,0,450,100,200,90.0,,,,,,,
48134,PERFORMING,MOTORS,0,450,100,200,90.0,,,,,,,
48135,PERFORMING,MOTORS,0,450,100,200,90.0,,,,,,,
48136,PERFORMING,MOTORS,0,450,100,200,90.0,,,,,,,
48137,PERFORMING,MOTORS,0,450,100,200,90.0,,,,,,,
48138,PERFORMING,MOTORS,0,450,100,200,90.0,,,,,,,
48139,PERFORMING,MOTORS,0,450,100,200,90.0,,,,,,,
48141,PERFORMING,MOTORS,0,450,100,200,90.0,,,,,,,
48142,PERFORMING,MOTORS,0,450,100,200,90.0,,,,,,,
48143,PERFORMING,MOTORS,0,450,100,200,90.0,,,,,,,
48144,PERFORMING,MOTORS,0,450,100,200,90.0,,,,,,,
48145,PERFORMING,MOTORS,0,450,100,200,90.0,,,,,,,
48146,PERFORMING,MOTORS,0,450,100,200,90.0,,,,,,,
48147,PERFORMING,MOTORS,0,450,100,200,90.0,,,,,,,
48148,PERFORMING,MOTORS,0,450,100,200,90.0,,,,,,,
48150,PERFORMING,MOTORS,0,450,100,200,90.0,,,,,,,
48151,PERFORMING,MOTORS,0,450,100,200,90.0,,,,,,,
48152,PERFORMING,MOTORS,0,450,100,200,90.0,,,,,,,
48153,PERFORMING,MOTORS,0,450,100,200,90.0,,,,,,,
48154,PERFORMING,MOTORS,0,450,100,200,90.0,,,,,,,
48155,PERFORMING,MOTORS,0,450,100,200,90.0,,,,,,,
48156,PERFORMING,MOTORS,0,450,100,200,90.0,,,,,,,
48158,PERFORMING,MOTORS,0,450,100,200,90.0,,,,,,,
48159,PERFORMING,MOTORS,0,450,100,200,90.0,,,,,,,
48160,PERFORMING,MOTORS,0,450,100,200,90.0,,,,,,,
48161,PERFORMING,MOTORS,0,450,100,200,90.0,,,,,,,
48162,PERFORMING,MOTORS,0,450,100,200,90.0,,,,,,,
48163,PERFORMING,MOTORS,0,450,100,200,90.0,,,,,,,
48164,PERFORMING,MOTORS,0,450,100,200,90.0,,,,,,,
48165,PERFORMING,MOTORS,0,450,100,200,90.0,,,,,,,
48166,PERFORMING,MOTORS,0,450,100,200,90.0,,,,,,,
48168,PERFORMING,MOTORS,0,450,100,200,90.0,,,,,,,
48169,PERFORMING,MOTORS,0,450,100,200,90.0,,,,,,,
48170,PERFORMING,MOTORS,0,450,100,200,90.0,,,,,,,
48171,PERFORMING,MOTORS,0,450,100,200,90.0,,,,,,,
48172,PERFORMING,MOTORS,0,450,100,200,90.0,,,,,,,
48173,PERFORMING,MOTORS,0,450,100,200,90.0,,,,,,,
48174,PERFORMING,MOTORS,0,450,100,200,90.0,,,,,,,
48175,PERFORMING,MOTORS,0,450,100,200,90.0,,,,,,,
48177,PERFORMING,MOTORS,0,450,100,200,90.0,,,,,,,
48178,PERFORMING,MOTORS,0,450,100,200,90.0,,,,,,,
48179,PERFORMING,MOTORS,0,450,100,200,90.0,,,,,,,
48180,PERFORMING,MOTORS,0,450,100,200,90.0,,,,,,,
48181,PERFORMING,MOTORS,0,450,100,200,90.0,,,,,,,
48182,PERFORMING,MOTORS,0,450,100,200,90.0,,,,,,,
48184,PERFORMING,MOTORS,0,450,100,200,90.0,,,,,,,
48185,PERFORMING,MOTORS,0,450,100,200,90.0,,,,,,,
48186,PERFORMING,MOTORS,0,450,100,200,90.0,,,,,,,
48187,PERFORMING,MOTORS,0,450,100,200,90.0,,,,,,,
48188,PERFORMING,MOTORS,0,450,100,200,90.0,,,,,,,
48189,PERFORMING,MOTORS,0,450,100,200,90.0,,,,,,,
48190,PERFORMING,MOTORS,0,450,100,200,90.0,,,,,,,
48192,PERFORMING,MOTORS,0,450,100,200,90.0,,,,,,,
48193,PERFORMING,MOTORS,0,450,100,200,90.0,,,,,,,
48194,PERFORMING,MOTORS,0,450,100,200,90.0,,,,,,,
48195,PERFORMING,MOTORS,0,450,100,200,90.0,,,,,,,
48196,PERFORMING,MOTORS,0,450,100,200,90.0,,,,,,,
48197,PERFORMING,MOTORS,0,450,100,200,90.0,,,,,,,
48198,PERFORMING,MOTORS,0,450,100,200,90.0,,,,,,,
48200,PERFORMING,MOTORS,0,450,100,200,90.0,,,,,,,
48201,PERFORMING,MOTORS,0,450,100,200,90.0,,,,,,,
48202,PERFORMING,MOTORS,0,450,100,200,90.0,,,,,,,
48203,PERFORMING,MOTORS,0,450,100,200,90.0,,,,,,,
48204,PERFORMING,MOTORS,0,450,100,200,90.0,,,,,,,
48205,PERFORMING,MOTORS,0,450,100,200,90.0,,,,,,,
48207,PERFORMING,MOTORS,0,450,100,200,90.0,,,,,,,
48208,PERFORMING,MOTORS,0,450,100,200,90.0,,,,,,,
48209,PERFORMING,MOTORS,0,450,100,200,90.0,,,,,,,
48210,PERFORMING,MOTORS,0,450,100,200,90.0,,,,,,,
48211,PERFORMING,MOTORS,0,450,100,200,90.0,,,,,,,
48212,PERFORMING,MOTORS,0,450,100,200,90.0,,,,,,,
48213,PERFORMING,MOTORS,0,450,100,200,90.0,,,,,,,
48215,PERFORMING,MOTORS,0,450,100,200,90.0,,,,,,,
48216,PERFORMING,MOTORS,0,450,100,200,90.0,,,,,,,
48217,PERFORMING,MOTORS,0,450,100,200,90.0,,,,,,,
48218,PERFORMING,MOTORS,0,450,100,200,90.0,,,,,,,
48219,PERFORMING,MOTORS,0,450,100,200,90.0,,,,,,,
48220,PERFORMING,MOTORS,0,450,100,200,90.0,,,,,,,
48221,PERFORMING,MOTORS,0,450,100,200,90.0,,,,,,,
48222,PERFORMING,MOTORS,0,450,100,200,90.0,,,,,,,
48224,PERFORMING,MOTORS,0,450,100,200,90.0,,,,,,,
48225,PERFORMING,MOTORS,0,450,100,200,90.0,,,,,,,
48226,PERFORMING,MOTORS,0,450,100,200,90.0,,,,,,,
48227,PERFORMING,MOTORS,0,450,100,200,90.0,,,,,,,
48228,PERFORMING,MOTORS,0,450,100,200,90.0,,,,,,,
48229,PERFORMING,MOTORS,0,450,100,200,90.0,,,,,,,
48230,PERFORMING,MOTORS,0,450,100,200,90.0,,,,,,,
48231,PERFORMING,MOTORS,0,450,100,200,90.0,,,,,,,
48233,PERFORMING,MOTORS,0,450,100,200,90.0,,,,,,,
48234,PERFORMING,MOTORS,0,450,100,200,90.0,,,,,,,
48235,PERFORMING,MOTORS,0,450,100,200,90.0,,,,,,,
48236,PERFORMING,MOTORS,0,450,100,200,90.0,,,,,,,
48237,PERFORMING,MOTORS,0,450,100,200,90.0,,,,,,,
48238,PERFORMING,MOTORS,0,450,100,200,90.0,,,,,,,
48239,PERFORMING,MOTORS,0,450,100,200,90.0,,,,,,,
48241,PERFORMING,MOTORS,0,450,100,200,90.0,,,,,,,
48242,PERFORMING,MOTORS,0,450,100,200,90.0,,,,,,,
48243,PERFORMING,MOTORS,0,450,100,200,90.0,,,,,,,
48244,PERFORMING,MOTORS,0,450,100,200,90.0,,,,,,,
48245,PERFORMING,MOTORS,0,450,100,200,90.0,,,,,,,
48247,PERFORMING,MOTORS,0,450,100,200,90.0,,,,,,,
48248,PERFORMING,MOTORS,0,450,100,200,90.0,,,,,,,
48249,PERFORMING,MOTORS,0,450,100,200,90.0,,,,,,,
48250,PERFORMING,MOTORS,0,450,100,200,90.0,,,,,,,
48251,PERFORMING,MOTORS,0,450,100,200,90.0,,,,,,,
48252,PERFORMING,MOTORS,0,450,100,200,90.0,,,,,,,
48253,PERFORMING,MOTORS,0,450,100,200,90.0,,,,,,,
48255,PERFORMING,MOTORS,0,450,100,200,90.0,,,,,,,
48256,PERFORMING,MOTORS,0,450,100,200,90.0,,,,,,,
48257,PERFORMING,MOTORS,0,450,100,200,90.0,,,,,,,
48258,PERFORMING,MOTORS,0,450,100,200,90.0,,,,,,,
48259,PERFORMING,MOTORS,0,450,100,200,90.0,,,,,,,
48260,PERFORMING,MOTORS,0,450,100,200,90.0,,,,,,,
48262,PERFORMING,MOTORS,0,450,100,200,90.0,,,,,,,
48263,PERFORMING,MOTORS,0,450,100,200,90.0,,,,,,,
48264,PERFORMING,MOTORS,0,450,100,200,90.0,,,,,,,
48265,PERFORMING,MOTORS,0,450,100,200,90.0,,,,,,,
48266,PERFORMING,MOTORS,0,450,100,200,90.0,,,,,,,
48267,PERFORMING,MOTORS,0,450,100,200,90.0,,,,,,,
48268,PERFORMING,MOTORS,0,450,100,200,90.0,,,,,,,
48270,PERFORMING,MOTORS,0,450,100,200,90.0,,,,,,,
48271,PERFORMING,MOTORS,0,450,100,200,90.0,,,,,,,
48272,PERFORMING,MOTORS,0,450,100,200,90.0,,,,,,,
48273,PERFORMING,MOTORS,0,450,100,200,90.0,,,,,,,
48274,PERFORMING,MOTORS,0,450,100,200,90.0,,,,,,,
48276,PERFORMING,MOTORS,0,450,100,200,90.0,,,,,,,
48277,PERFORMING,MOTORS,0,450,100,200,90.0,,,,,,,
48278,PERFORMING,MOTORS,0,450,100,200,90.0,,,,,,,
48279,PERFORMING,MOTORS,0,450,100,200,90.0,,,,,,,
48280,PERFORMING,MOTORS,0,450,100,200,90.0,,,,,,,
48282,PERFORMING,MOTORS,0,450,100,200,90.0,,,,,,,
48283,PERFORMING,MOTORS,0,450,100,200,90.0,,,,,,,
48284,PERFORMING,MOTORS,0,450,100,200,90.0,,,,,,,
48285,PERFORMING,MOTORS,0,450,100,200,90.0,,,,,,,
48286,PERFORMING,MOTORS,0,450,100,200,90.0,,,,,,,
48287,PERFORMING,MOTORS,0,450,100,200,90.0,,,,,,,
48288,PERFORMING,MOTORS,0,450,100,200,90.0,,,,,,,
48289,PERFORMING,MOTORS,0,450,100,200,90.0,,,,,,,
48291,PERFORMING,MOTORS,0,450,100,200,90.0,,,,,,,
48292,PERFORMING,MOTORS,0,450,100,200,90.0,,,,,,,
48293,PERFORMING,MOTORS,0,450,100,200,90.0,,,,,,,
48294,PERFORMING,MOTORS,0,450,100,200,90.0,,,,,,,
48295,PERFORMING,MOTORS,0,450,100,200,90.0,,,,,,,
48296,PERFORMING,MOTORS,0,450,100,200,90.0,,,,,,,
48297,PERFORMING,MOTORS,0,450,100,200,90.0,,,,,,,
48298,PERFORMING,MOTORS,0,450,100,200,90.0,,,,,,,
48300,PERFORMING,MOTORS,0,450,100,200,90.0,,,,,,,
48301,PERFORMING,MOTORS,0,450,100,200,90.0,,,,,,,
48302,PERFORMING,MOTORS,0,450,100,200,90.0,,,,,,,
48303,PERFORMING,MOTORS,0,450,100,200,90.0,,,,,,,
48304,PERFORMING,MOTORS,0,450,100,200,90.0,,,,,,,
48305,PERFORMING,MOTORS,0,450,100,200,90.0,,,,,,,
48306,PERFORMING,MOTORS,0,450,100,200,90.0,,,,,,,
48308,PERFORMING,MOTORS,0,450,100,200,90.0,,,,,,,
48309,PERFORMING,MOTORS,0,450,100,200,90.0,,,,,,,
48310,PERFORMING,MOTORS,0,450,100,200,90.0,,,,,,,
48311,PERFORMING,MOTORS,0,450,100,200,90.0,,,,,,,
48312,PERFORMING,MOTORS,0,450,100,200,90.0,,,,,,,
48313,PERFORMING,MOTORS,0,450,100,200,90.0,,,,,,,
48315,PERFORMING,MOTORS,0,450,100,200,90.0,,,,,,,
48316,PERFORMING,MOTORS,0,450,100,200,90.0,,,,,,,
48317,PERFORMING,MOTORS,0,450,100,200,90.0,,,,,,,
48318,PERFORMING,MOTORS,0,450,100,200,90.0,,,,,,,
48319,PERFORMING,MOTORS,0,450,100,200,90.0,,,,,,,
48320,PERFORMING,MOTORS,0,450,100,200,90.0,,,,,,,
48321,PERFORMING,MOTORS,0,450,100,200,90.0,,,,,,,
48322,PERFORMING,MOTORS,0,450,100,200,90.0,,,,,,,
48324,PERFORMING,MOTORS,0,450,100,200,90.0,,,,,,,
48325,PERFORMING,MOTORS,0,450,100,200,90.0,,,,,,,
48326,PERFORMING,MOTORS,0,450,100,200,90.0,,,,,,,
48327,PERFORMING,MOTORS,0,450,100,200,90.0,,,,,,,
48328,PERFORMING,MOTORS,0,450,100,200,90.0,,,,,,,
48329,PERFORMING,MOTORS,0,450,100,200,90.0,,,,,,,
48330,PERFORMING,MOTORS,0,450,100,200,90.0,,,,,,,
48331,PERFORMING,MOTORS,0,450,100,200,90.0,,,,,,,
48333,PERFORMING,MOTORS,0,450,100,200,90.0,,,,,,,
48334,PERFORMING,MOTORS,0,450,100,200,90.0,,,,,,,
48335,PERFORMING,MOTORS,0,450,100,200,90.0,,,,,,,
48336,PERFORMING,MOTORS,0,450,100,200,90.0,,,,,,,
48337,PERFORMING,MOTORS,0,450,100,200,90.0,,,,,,,
48338,PERFORMING,MOTORS,0,450,100,200,90.0,,,,,,,
48339,PERFORMING,MOTORS,0,450,100,200,90.0,,,,,,,
48341,PERFORMING,MOTORS,0,450,100,200,90.0,,,,,,,
48342,PERFORMING,MOTORS,0,450,100,200,90.0,,,,,,,
48343,PERFORMING,MOTORS,0,450,100,200,90.0,,,,,,,
48344,PERFORMING,MOTORS,0,450,100,200,90.0,,,,,,,
48345,PERFORMING,MOTORS,0,450,100,200,90.0,,,,,,,
48346,PERFORMING,MOTORS,0,450,100,200,90.0,,,,,,,
48348,PERFORMING,MOTORS,0,450,100,200,90.0,,,,,,,
48349,PERFORMING,MOTORS,0,450,100,200,90.0,,,,,,,
48350,PERFORMING,MOTORS,0,450,100,200,90.0,,,,,,,
48351,PERFORMING,MOTORS,0,450,100,200,90.0,,,,,,,
48352,PERFORMING,MOTORS,0,450,100,200,90.0,,,,,,,
48353,PERFORMING,MOTORS,0,450,100,200,90.0,,,,,,,
48355,PERFORMING,MOTORS,0,450,100,200,90.0,,,,,,,
48356,PERFORMING,MOTORS,0,450,100,200,90.0,,,,,,,
48357,PERFORMING,MOTORS,0,450,100,200,90.0,,,,,,,
48358,PERFORMING,MOTORS,0,450,100,200,90.0,,,,,,,
48359,PERFORMING,MOTORS,0,450,100,200,90.0,,,,,,,
48361,PERFORMING,MOTORS,0,450,100,200,90.0,,,,,,,
48362,PERFORMING,MOTORS,0,450,100,200,90.0,,,,,,,
48363,PERFORMING,MOTORS,0,450,100,200,90.0,,,,,,,
48364,PERFORMING,MOTORS,0,450,100,200,90.0,,,,,,,
48365,PERFORMING,MOTORS,0,450,100,200,90.0,,,,,,,
48366,PERFORMING,MOTORS,0,450,100,200,90.0,,,,,,,
48367,PERFORMING,MOTORS,0,450,100,200,90.0,,,,,,,
48368,PERFORMING,MOTORS,0,450,100,200,90.0,,,,,,,
48370,PERFORMING,MOTORS,0,450,100,200,90.0,,,,,,,
48371,PERFORMING,MOTORS,0,450,100,200,90.0,,,,,,,
48372,PERFORMING,MOTORS,0,450,100,200,90.0,,,,,,,
48373,PERFORMING,MOTORS,0,450,100,200,90.0,,,,,,,
48374,PERFORMING,MOTORS,0,450,100,200,90.0,,,,,,,
48375,PERFORMING,MOTORS,0,450,100,200,90.0,,,,,,,
48376,PERFORMING,MOTORS,0,450,100,200,90.0,,,,,,,
48378,PERFORMING,MOTORS,0,450,100,200,90.0,,,,,,,
48379,PERFORMING,MOTORS,0,450,100,200,90.0,,,,,,,
48380,PERFORMING,MOTORS,0,450,100,200,90.0,,,,,,,
48381,PERFORMING,MOTORS,0,450,100,200,90.0,,,,,,,
48382,PERFORMING,MOTORS,0,450,100,200,90.0,,,,,,,
48383,PERFORMING,MOTORS,0,450,100,200,90.0,,,,,,,
48384,PERFORMING,MOTORS,0,450,100,200,90.0,,,,,,,
48385,PERFORMING,MOTORS,0,450,100,200,90.0,,,,,,,
48386,PERFORMING,MOTORS,0,450,100,200,90.0,,,,,,,
48387,PERFORMING,MOTORS,0,450,100,200,90.0,,,,,,,
48389,PERFORMING,MOTORS,0,450,100,200,90.0,,,,,,,
48390,PERFORMING,MOTORS,0,450,100,200,90.0,,,,,,,
48391,PERFORMING,MOTORS,0,450,100,200,90.0,,,,,,,
48392,PERFORMING,MOTORS,0,450,100,200,90.0,,,,,,,
48393,PERFORMING,MOTORS,0,450,100,200,90.0,,,,,,,
48394,PERFORMING,MOTORS,0,450,100,200,90.0,,,,,,,
48395,PERFORMING,MOTORS,0,450,100,200,90.0,,,,,,,
48397,PERFORMING,MOTORS,0,450,100,200,90.0,,,,,,,
48398,PERFORMING,MOTORS,0,450,100,200,90.0,,,,,,,
48399,PERFORMING,MOTORS,0,450,100,200,90.0,,,,,,,
48400,PERFORMING,MOTORS,0,450,100,200,90.0,,,,,,,
48401,PERFORMING,MOTORS,0,450,100,200,90.0,,,,,,,
48402,PERFORMING,MOTORS,0,450,100,200,90.0,,,,,,,
48404,PERFORMING,MOTORS,0,450,100,200,90.0,,,,,,,
48405,PERFORMING,MOTORS,0,450,100,200,90.0,,,,,,,
48406,PERFORMING,MOTORS,0,450,100,200,90.0,,,,,,,
48407,PERFORMING,MOTORS,0,450,100,200,90.0,,,,,,,
48408,PERFORMING,MOTORS,0,450,100,200,90.0,,,,,,,
48409,PERFORMING,MOTORS,0,450,100,200,90.0,,,,,,,
48410,PERFORMING,MOTORS,0,450,100,200,90.0,,,,,,,
48412,PERFORMING,MOTORS,0,450,100,200,90.0,,,,,,,
48413,PERFORMING,MOTORS,0,450,100,200,90.0,,,,,,,
48414,PERFORMING,MOTORS,0,450,100,200,90.0,,,,,,,
48415,PERFORMING,MOTORS,0,450,100,200,90.0,,,,,,,
48416,PERFORMING,MOTORS,0,450,100,200,90.0,,,,,,,
48417,PERFORMING,MOTORS,0,450,100,200,90.0,,,,,,,
48418,PERFORMING,MOTORS,0,450,100,200,90.0,,,,,,,
48420,PERFORMING,MOTORS,0,450,100,200,90.0,,,,,,,
48421,PERFORMING,MOTORS,0,450,100,200,90.0,,,,,,,
48422,PERFORMING,MOTORS,0,450,100,200,90.0,,,,,,,
48423,PERFORMING,MOTORS,0,450,100,200,90.0,,,,,,,
48424,PERFORMING,MOTORS,0,450,100,200,90.0,,,,,,,
48425,PERFORMING,MOTORS,0,450,100,200,90.0,,,,,,,
48426,PERFORMING,MOTORS,0,450,100,200,90.0,,,,,,,
48428,PERFORMING,MOTORS,0,450,100,200,90.0,,,,,,,
48429,PERFORMING,MOTORS,0,450,100,200,90.0,,,,,,,
48430,PERFORMING,MOTORS,0,450,100,200,90.0,,,,,,,
48431,PERFORMING,MOTORS,0,450,100,200,90.0,,,,,,,
48432,PERFORMING,MOTORS,0,450,100,200,90.0,,,,,,,
48433,PERFORMING,MOTORS,0,450,100,200,90.0,,,,,,,
48435,PERFORMING,MOTORS,0,450,100,200,90.0,,,,,,,
48436,PERFORMING,MOTORS,0,450,100,200,90.0,,,,,,,
48437,PERFORMING,MOTORS,0,450,100,200,90.0,,,,,,,
48438,PERFORMING,MOTORS,0,450,100,200,90.0,,,,,,,
48439,PERFORMING,MOTORS,0,450,100,200,90.0,,,,,,,
48441,PERFORMING,MOTORS,0,450,100,200,90.0,,,,,,,
48442,PERFORMING,MOTORS,0,450,100,200,90.0,,,,,,,
48443,PERFORMING,MOTORS,0,450,100,200,90.0,,,,,,,
48444,PERFORMING,MOTORS,0,450,100,200,90.0,,,,,,,
48445,PERFORMING,MOTORS,0,450,100,200,90.0,,,,,,,
48446,PERFORMING,MOTORS,0,450,100,200,90.0,,,,,,,
48447,PERFORMING,MOTORS,0,450,100,200,90.0,,,,,,,
48449,PERFORMING,MOTORS,0,450,100,200,90.0,,,,,,,
48450,PERFORMING,MOTORS,0,450,100,200,90.0,,,,,,,
48451,PERFORMING,MOTORS,0,450,102,200,90.0,,,,,,,
48452,PERFORMING,MOTORS,0,450,104,200,90.0,,,,,,,
48453,PERFORMING,MOTORS,0,450,106,200,90.0,,,,,,,
48455,PERFORMING,MOTORS,0,450,110,200,90.0,,,,,,,
48456,PERFORMING,MOTORS,0,450,112,200,90.0,,,,,,,
48457,PERFORMING,MOTORS,0,450,114,200,90.0,,,,,,,
48458,PERFORMING,MOTORS,0,450,116,200,90.0,,,,,,,
48459,PERFORMING,MOTORS,0,450,118,200,90.0,,,,,,,
48461,PERFORMING,MOTORS,0,450,122,200,90.0,,,,,,,
48462,PERFORMING,MOTORS,0,450,124,200,90.0,,,,,,,
48463,PERFORMING,MOTORS,0,450,126,200,90.0,,,,,,,
48464,PERFORMING,MOTORS,0,450,128,200,90.0,,,,,,,
48465,PERFORMING,MOTORS,0,450,130,200,90.0,,,,,,,
48466,PERFORMING,MOTORS,0,450,132,200,90.0,,,,,,,
48467,PERFORMING,MOTORS,0,450,134,200,90.0,,,,,,,
48468,PERFORMING,MOTORS,0,450,136,200,90.0,,,,,,,
48470,PERFORMING,MOTORS,0,450,140,200,90.0,,,,,,,
48471,PERFORMING,MOTORS,0,450,142,200,90.0,,,,,,,
48472,PERFORMING,MOTORS,0,450,144,200,90.0,,,,,,,
48473,PERFORMING,MOTORS,0,450,146,200,90.0,,,,,,,
48474,PERFORMING,MOTORS,0,450,148,200,90.0,,,,,,,
48475,PERFORMING,MOTORS,0,450,150,200,90.0,,,,,,,
48476,PERFORMING,MOTORS,0,450,150,200,90.0,,,,,,,
48478,PERFORMING,MOTORS,0,450,150,200,90.0,,,,,,,
48479,PERFORMING,MOTORS,0,450,150,200,90.0,,,,,,,
48480,PERFORMING,MOTORS,0,450,150,200,90.0,,,,,,,
48481,PERFORMING,MOTORS,0,450,150,200,90.0,,,,,,,
48482,PERFORMING,MOTORS,0,450,150,200,90.0,,,,,,,
48483,PERFORMING,MOTORS,0,450,150,200,90.0,,,,,,,
48484,PERFORMING,MOTORS,0,450,150,200,90.0,,,,,,,
48485,PERFORMING,MOTORS,0,450,150,200,90.0,,,,,,,
48486,PERFORMING,MOTORS,0,450,150,200,90.0,,,,,,,
48488,PERFORMING,MOTORS,0,450,150,200,90.0,,,,,,,
48489,PERFORMING,MOTORS,0,450,150,200,90.0,,,,,,,
48490,PERFORMING,MOTORS,0,450,150,200,90.0,,,,,,,
48491,PERFORMING,MOTORS,0,450,150,200,90.0,,,,,,,
48492,PERFORMING,MOTORS,0,450,150,200,90.0,,,,,,,
48494,PERFORMING,MOTORS,0,450,150,200,90.0,,,,,,,
48495,PERFORMING,MOTORS,0,450,150,200,90.0,,,,,,,
48496,PERFORMING,MOTORS,0,450,150,200,90.0,,,,,,,
48497,PERFORMING,MOTORS,0,450,150,200,90.0,,,,,,,
48499,PERFORMING,MOTORS,0,450,150,200,90.0,,,,,,,
48500,PERFORMING,MOTORS,0,450,150,200,90.0,,,,,,,
48501,PERFORMING,MOTORS,0,450,150,200,90.0,,,,,,,
48502,PERFORMING,MOTORS,0,450,150,200,90.0,,,,,,,
48503,PERFORMING,MOTORS,0,450,150,200,90.0,,,,,,,
48504,PERFORMING,MOTORS,0,450,150,200,90.0,,,,,,,
48505,PERFORMING,MOTORS,0,450,150,200,90.0,,,,,,,
48507,PERFORMING,MOTORS,0,450,150,200,90.0,,,,,,,
48508,PERFORMING,MOTORS,0,450,150,200,90.0,,,,,,,
48509,PERFORMING,MOTORS,0,450,150,200,90.0,,,,,,,
48510,PERFORMING,MOTORS,0,450,150,200,90.0,,,,,,,
48511,PERFORMING,MOTORS,0,450,150,200,90.0,,,,,,,
48512,PERFORMING,MOTORS,0,450,150,200,90.0,,,,,,,
48513,PERFORMING,MOTORS,0,450,150,200,90.0,,,,,,,
48515,PERFORMING,MOTORS,0,450,150,200,90.0,,,,,,,
48516,PERFORMING,MOTORS,0,450,150,200,90.0,,,,,,,
48517,PERFORMING,MOTORS,0,450,150,200,90.0,,,,,,,
48518,PERFORMING,MOTORS,0,450,150,200,90.0,,,,,,,
48519,PERFORMING,MOTORS,0,450,150,200,90.0,,,,,,,
48520,PERFORMING,MOTORS,0,450,150,200,90.0,,,,,,,
48521,PERFORMING,MOTORS,0,450,150,200,90.0,,,,,,,
48523,PERFORMING,MOTORS,0,450,150,200,90.0,,,,,,,
48524,PERFORMING,MOTORS,0,450,150,200,90.0,,,,,,,
48525,PERFORMING,MOTORS,0,450,150,200,90.0,,,,,,,
48526,PERFORMING,MOTORS,0,450,150,200,90.0,,,,,,,
48527,PERFORMING,MOTORS,0,450,150,200,90.0,,,,,,,
48528,PERFORMING,MOTORS,0,450,150,200,90.0,,,,,,,
48529,PERFORMING,MOTORS,0,450,150,200,90.0,,,,,,,
48531,PERFORMING,MOTORS,0,450,150,200,90.0,,,,,,,
48532,PERFORMING,MOTORS,0,450,150,200,90.0,,,,,,,
48533,PERFORMING,MOTORS,0,450,150,200,90.0,,,,,,,
48534,PERFORMING,MOTORS,0,450,150,200,90.0,,,,,,,
48535,PERFORMING,MOTORS,0,450,150,200,90.0,,,,,,,
48536,PERFORMING,MOTORS,0,450,150,200,90.0,,,,,,,
48537,PERFORMING,MOTORS,0,450,150,200,90.0,,,,,,,
48538,PERFORMING,MOTORS,0,450,150,200,90.0,,,,,,,
48540,PERFORMING,MOTORS,0,450,150,200,90.0,,,,,,,
48541,PERFORMING,MOTORS,0,450,150,200,90.0,,,,,,,
48542,PERFORMING,MOTORS,0,450,150,200,90.0,,,,,,,
48543,PERFORMING,MOTORS,0,450,150,200,90.0,,,,,,,
48544,PERFORMING,MOTORS,0,450,150,200,90.0,,,,,,,
48545,PERFORMING,MOTORS,0,450,150,200,90.0,,,,,,,
48546,PERFORMING,MOTORS,0,450,150,200,90.0,,,,,,,
48548,PERFORMING,MOTORS,0,450,150,200,90.0,,,,,,,
48549,PERFORMING,MOTORS,0,450,150,200,90.0,,,,,,,
48550,PERFORMING,MOTORS,0,450,150,200,90.0,,,,,,,
48551,PERFORMING,MOTORS,0,450,150,200,90.0,,,,,,,
48552,PERFORMING,MOTORS,0,450,150,200,90.0,,,,,,,
48553,PERFORMING,MOTORS,0,450,150,200,90.0,,,,,,,
48555,PERFORMING,MOTORS,0,450,150,200,90.0,,,,,,,
48556,PERFORMING,MOTORS,0,450,150,200,90.0,,,,,,,
48557,PERFORMING,MOTORS,0,450,150,200,90.0,,,,,,,
48558,PERFORMING,MOTORS,0,450,150,200,90.0,,,,,,,
48559,PERFORMING,MOTORS,0,450,150,200,90.0,,,,,,,
48560,PERFORMING,MOTORS,0,450,150,200,90.0,,,,,,,
48562,PERFORMING,MOTORS,0,450,150,200,90.0,,,,,,,
48563,PERFORMING,MOTORS,0,450,150,200,90.0,,,,,,,
48564,PERFORMING,MOTORS,0,450,150,200,90.0,,,,,,,
48565,PERFORMING,MOTORS,0,450,150,200,90.0,,,,,,,
48566,PERFORMING,MOTORS,0,450,150,200,90.0,,,,,,,
48567,PERFORMING,MOTORS,0,450,150,200,90.0,,,,,,,
48569,PERFORMING,MOTORS,0,450,150,200,90.0,,,,,,,
48570,PERFORMING,MOTORS,0,450,150,200,90.0,,,,,,,
48571,PERFORMING,MOTORS,0,450,150,200,90.0,,,,,,,
48572,PERFORMING,MOTORS,0,450,150,200,90.0,,,,,,,
48573,PERFORMING,MOTORS,0,450,150,200,90.0,,,,,,,
48574,PERFORMING,MOTORS,0,450,150,200,90.0,,,,,,,
48575,PERFORMING,MOTORS,0,450,150,200,90.0,,,,,,,
48576,PERFORMING,MOTORS,0,450,150,200,90.0,,,,,,,
48577,PERFORMING,MOTORS,0,450,150,200,90.0,,,,,,,
48579,PERFORMING,MOTORS,0,450,150,200,90.0,,,,,,,
48580,PERFORMING,MOTORS,0,450,150,200,90.0,,,,,,,
48581,PERFORMING,MOTORS,0,450,150,200,90.0,,,,,,,
48582,PERFORMING,MOTORS,0,450,150,200,90.0,,,,,,,
48583,PERFORMING,MOTORS,0,450,150,200,90.0,,,,,,,
48584,PERFORMING,MOTORS,0,450,150,200,90.0,,,,,,,
48585,PERFORMING,MOTORS,0,450,150,200,90.0,,,,,,,
48587,PERFORMING,MOTORS,0,450,150,200,90.0,,,,,,,
48588,PERFORMING,MOTORS,0,450,150,200,90.0,,,,,,,
48589,PERFORMING,MOTORS,0,450,150,200,90.0,,,,,,,
48590,PERFORMING,MOTORS,0,450,150,200,90.0,,,,,,,
48591,PERFORMING,MOTORS,0,450,150,200,90.0,,,,,,,
48592,PERFORMING,MOTORS,0,450,150,200,90.0,,,,,,,
48593,PERFORMING,MOTORS,0,450,150,200,90.0,,,,,,,
48594,PERFORMING,MOTORS,0,450,150,200,90.0,,,,,,,
48595,PERFORMING,MOTORS,0,450,150,200,90.0,,,,,,,
48597,PERFORMING,MOTORS,0,450,150,200,90.0,,,,,,,
48598,PERFORMING,MOTORS,0,450,150,200,90.0,,,,,,,
48599,PERFORMING,MOTORS,0,450,150,200,90.0,,,,,,,
48600,PERFORMING,MOTORS,0,450,150,200,90.0,,,,,,,
48601,PERFORMING,MOTORS,0,450,150,200,90.0,,,,,,,
48602,PERFORMING,MOTORS,0,450,150,200,90.0,,,,,,,
48603,PERFORMING,MOTORS,0,450,150,200,90.0,,,,,,,
48604,PERFORMING,MOTORS,0,450,150,200,90.0,,,,,,,
48605,PERFORMING,MOTORS,0,450,150,200,90.0,,,,,,,
48607,PERFORMING,MOTORS,0,450,150,200,90.0,,,,,,,
48608,PERFORMING,MOTORS,0,450,150,200,90.0,,,,,,,
48609,PERFORMING,MOTORS,0,450,150,200,90.0,,,,,,,
48610,PERFORMING,MOTORS,0,450,150,200,90.0,,,,,,,
48611,PERFORMING,MOTORS,0,450,150,200,90.0,,,,,,,
48612,PERFORMING,MOTORS,0,450,150,200,90.0,,,,,,,
48613,PERFORMING,MOTORS,0,450,150,200,90.0,,,,,,,
48614,PERFORMING,MOTORS,0,450,150,200,90.0,,,,,,,
48616,PERFORMING,MOTORS,0,450,150,200,90.0,,,,,,,
48617,PERFORMING,MOTORS,0,450,150,200,90.0,,,,,,,
48618,PERFORMING,MOTORS,0,450,150,200,90.0,,,,,,,
48619,PERFORMING,MOTORS,0,450,150,200,90.0,,,,,,,
48620,PERFORMING,MOTORS,0,450,150,200,90.0,,,,,,,
48621,PERFORMING,MOTORS,0,450,150,200,90.0,,,,,,,
48622,PERFORMING,MOTORS,0,450,150,200,90.0,,,,,,,
48623,PERFORMING,MOTORS,0,450,150,200,90.0,,,,,,,
48625,PERFORMING,MOTORS,0,450,150,200,90.0,,,,,,,
48626,PERFORMING,MOTORS,0,450,150,200,90.0,,,,,,,
48627,PERFORMING,MOTORS,0,450,150,200,90.0,,,,,,,
48628,PERFORMING,MOTORS,0,450,150,200,90.0,,,,,,,
48629,PERFORMING,MOTORS,0,450,150,200,90.0,,,,,,,
48630,PERFORMING,MOTORS,0,450,150,200,90.0,,,,,,,
48632,PERFORMING,MOTORS,0,450,150,200,90.0,,,,,,,
48633,PERFORMING,MOTORS,0,450,150,200,90.0,,,,,,,
48634,PERFORMING,MOTORS,0,450,150,200,90.0,,,,,,,
48635,PERFORMING,MOTORS,0,450,150,200,90.0,,,,,,,
48636,PERFORMING,MOTORS,0,450,150,200,90.0,,,,,,,
48637,PERFORMING,MOTORS,0,450,150,200,90.0,,,,,,,
48639,PERFORMING,MOTORS,0,450,150,200,90.0,,,,,,,
48640,PERFORMING,MOTORS,0,450,150,200,90.0,,,,,,,
48641,PERFORMING,MOTORS,0,450,150,200,90.0,,,,,,,
48642,PERFORMING,MOTORS,0,450,150,200,90.0,,,,,,,
48643,PERFORMING,MOTORS,0,450,150,200,90.0,,,,,,,
48645,PERFORMING,MOTORS,0,450,150,200,90.0,,,,,,,
48646,PERFORMING,MOTORS,0,450,150,200,90.0,,,,,,,
48647,PERFORMING,MOTORS,0,450,150,200,90.0,,,,,,,
48648,PERFORMING,MOTORS,0,450,150,200,90.0,,,,,,,
48649,PERFORMING,MOTORS,0,450,150,200,90.0,,,,,,,
48650,PERFORMING,MOTORS,0,450,150,200,90.0,,,,,,,
48651,PERFORMING,MOTORS,0,450,150,200,90.0,,,,,,,
48652,PERFORMING,MOTORS,0,450,150,200,90.0,,,,,,,
48654,PERFORMING,MOTORS,0,450,150,200,90.0,,,,,,,
48655,PERFORMING,MOTORS,0,450,150,200,90.0,,,,,,,
48656,PERFORMING,MOTORS,0,450,150,200,90.0,,,,,,,
48657,PERFORMING,MOTORS,0,450,150,200,90.0,,,,,,,
48658,PERFORMING,MOTORS,0,450,150,200,90.0,,,,,,,
48659,PERFORMING,MOTORS,0,450,150,200,90.0,,,,,,,
48660,PERFORMING,MOTORS,0,450,150,200,90.0,,,,,,,
48661,PERFORMING,MOTORS,0,450,150,200,90.0,,,,,,,
48663,PERFORMING,MOTORS,0,450,150,200,90.0,,,,,,,
48664,PERFORMING,MOTORS,0,450,150,200,90.0,,,,,,,
48665,PERFORMING,MOTORS,0,450,150,200,90.0,,,,,,,
48666,PERFORMING,MOTORS,0,450,150,200,90.0,,,,,,,
48667,PERFORMING,MOTORS,0,450,150,200,90.0,,,,,,,
48668,PERFORMING,MOTORS,0,450,150,200,90.0,,,,,,,
48669,PERFORMING,MOTORS,0,450,150,200,90.0,,,,,,,
48671,PERFORMING,MOTORS,0,450,150,200,90.0,,,,,,,
48672,PERFORMING,MOTORS,0,450,150,200,90.0,,,,,,,
48673,PERFORMING,MOTORS,0,450,150,200,90.0,,,,,,,
48674,PERFORMING,MOTORS,0,450,150,200,90.0,,,,,,,
48675,PERFORMING,MOTORS,0,450,150,200,90.0,,,,,,,
48676,PERFORMING,MOTORS,0,450,150,200,90.0,,,,,,,
48678,PERFORMING,MOTORS,0,450,150,200,90.0,,,,,,,
48679,PERFORMING,MOTORS,0,450,150,200,90.0,,,,,,,
48680,PERFORMING,MOTORS,0,450,150,200,90.0,,,,,,,
48681,PERFORMING,MOTORS,0,450,150,200,90.0,,,,,,,
48682,PERFORMING,MOTORS,0,450,150,200,90.0,,,,,,,
48683,PERFORMING,MOTORS,0,450,150,200,90.0,,,,,,,
48685,PERFORMING,MOTORS,0,450,150,200,90.0,,,,,,,
48686,PERFORMING,MOTORS,0,450,150,200,90.0,,,,,,,
48687,PERFORMING,MOTORS,0,450,150,200,90.0,,,,,,,
48688,PERFORMING,MOTORS,0,450,150,200,90.0,,,,,,,
48689,PERFORMING,MOTORS,0,450,150,200,90.0,,,,,,,
48690,PERFORMING,MOTORS,0,450,150,200,90.0,,,,,,,
48691,PERFORMING,MOTORS,0,450,150,200,90.0,,,,,,,
48693,PERFORMING,MOTORS,0,450,150,200,90.0,,,,,,,
48694,PERFORMING,MOTORS,0,450,150,200,90.0,,,,,,,
48695,PERFORMING,MOTORS,0,450,150,200,90.0,,,,,,,
48696,PERFORMING,MOTORS,0,450,150,200,90.0,,,,,,,
48697,PERFORMING,MOTORS,0,450,150,200,90.0,,,,,,,
48698,PERFORMING,MOTORS,0,450,150,200,90.0,,,,,,,
48699,PERFORMING,MOTORS,0,450,150,200,90.0,,,,,,,
48701,PERFORMING,MOTORS,0,450,150,200,90.0,,,,,,,
48702,PERFORMING,MOTORS,0,450,150,200,90.0,,,,,,,
48703,PERFORMING,MOTORS,0,450,150,200,90.0,,,,,,,
48704,PERFORMING,MOTORS,0,450,150,200,90.0,,,,,,,
48705,PERFORMING,MOTORS,0,450,150,200,90.0,,,,,,,
48706,PERFORMING,MOTORS,0,450,150,200,90.0,,,,,,,
48707,PERFORMING,MOTORS,0,450,150,200,90.0,,,,,,,
48709,PERFORMING,MOTORS,0,450,150,200,90.0,,,,,,,
48710,PERFORMING,MOTORS,0,450,150,200,90.0,,,,,,,
48711,PERFORMING,MOTORS,0,450,150,200,90.0,,,,,,,
48712,PERFORMING,MOTORS,0,450,150,200,90.0,,,,,,,
48713,PERFORMING,MOTORS,0,450,150,200,90.0,,,,,,,
48715,PERFORMING,MOTORS,0,450,150,200,90.0,,,,,,,
48716,PERFORMING,MOTORS,0,450,150,200,90.0,,,,,,,
48717,PERFORMING,MOTORS,0,450,150,200,90.0,,,,,,,
48718,PERFORMING,MOTORS,0,450,150,200,90.0,,,,,,,
48719,PERFORMING,MOTORS,0,450,150,200,90.0,,,,,,,
48720,PERFORMING,MOTORS,0,450,150,200,90.0,,,,,,,
48722,PERFORMING,MOTORS,0,450,150,200,90.0,,,,,,,
48723,PERFORMING,MOTORS,0,450,150,200,90.0,,,,,,,
48724,PERFORMING,MOTORS,0,450,150,200,90.0,,,,,,,
48725,PERFORMING,MOTORS,0,450,150,200,90.0,,,,,,,
48726,PERFORMING,MOTORS,0,450,150,200,90.0,,,,,,,
48727,PERFORMING,MOTORS,0,450,150,200,90.0,,,,,,,
48729,PERFORMING,MOTORS,0,450,150,200,90.0,,,,,,,
48730,PERFORMING,MOTORS,0,450,150,200,90.0,,,,,,,
48731,PERFORMING,MOTORS,0,450,150,200,90.0,,,,,,,
48732,PERFORMING,MOTORS,0,450,150,200,90.0,,,,,,,
48733,PERFORMING,MOTORS,0,450,150,200,90.0,,,,,,,
48734,PERFORMING,MOTORS,0,450,150,200,90.0,,,,,,,
48735,PERFORMING,MOTORS,0,450,150,200,90.0,,,,,,,
48737,PERFORMING,MOTORS,0,450,150,200,90.0,,,,,,,
48738,PERFORMING,MOTORS,0,450,150,200,90.0,,,,,,,
48739,PERFORMING,MOTORS,0,450,150,200,90.0,,,,,,,
48740,PERFORMING,MOTORS,0,450,150,200,90.0,,,,,,,
48741,PERFORMING,MOTORS,0,450,150,200,90.0,,,,,,,
48742,PERFORMING,MOTORS,0,450,150,200,90.0,,,,,,,
48743,PERFORMING,MOTORS,0,450,150,200,90.0,,,,,,,
48745,PERFORMING,MOTORS,0,450,150,200,90.0,,,,,,,
48746,PERFORMING,MOTORS,0,450,150,200,90.0,,,,,,,
48747,PERFORMING,MOTORS,0,450,150,200,90.0,,,,,,,
48748,PERFORMING,MOTORS,0,450,150,200,90.0,,,,,,,
48749,PERFORMING,MOTORS,0,450,150,200,90.0,,,,,,,
48750,PERFORMING,MOTORS,0,450,150,200,90.0,,,,,,,
48752,PERFORMING,MOTORS,0,450,150,200,90.0,,,,,,,
48753,PERFORMING,MOTORS,0,450,150,200,90.0,,,,,,,
48754,PERFORMING,MOTORS,0,450,150,200,90.0,,,,,,,
48755,PERFORMING,MOTORS,0,450,150,200,90.0,,,,,,,
48756,PERFORMING,MOTORS,0,450,150,200,90.0,,,,,,,
48757,PERFORMING,MOTORS,0,450,150,200,90.0,,,,,,,
48758,PERFORMING,MOTORS,0,450,150,200,90.0,,,,,,,
48759,PERFORMING,MOTORS,0,450,150,200,90.0,,,,,,,
48760,PERFORMING,MOTORS,0,450,150,200,90.0,,,,,,,
48762,PERFORMING,MOTORS,0,450,150,200,90.0,,,,,,,
48763,PERFORMING,MOTORS,0,450,150,200,90.0,,,,,,,
48764,PERFORMING,MOTORS,0,450,150,200,90.0,,,,,,,
48765,PERFORMING,MOTORS,0,450,150,200,90.0,,,,,,,
48767,PERFORMING,MOTORS,0,450,150,200,90.0,,,,,,,
48768,PERFORMING,MOTORS,0,450,150,200,90.0,,,,,,,
48769,PERFORMING,MOTORS,0,450,150,200,90.0,,,,,,,
48770,PERFORMING,MOTORS,0,450,150,200,90.0,,,,,,,
48771,PERFORMING,MOTORS,0,450,150,200,90.0,,,,,,,
48772,PERFORMING,MOTORS,0,450,150,200,90.0,,,,,,,
48773,PERFORMING,MOTORS,0,450,150,200,90.0,,,,,,,
48774,PERFORMING,MOTORS,0,450,150,200,90.0,,,,,,,
48776,PERFORMING,MOTORS,0,450,150,200,90.0,,,,,,,
48777,PERFORMING,MOTORS,0,450,150,200,90.0,,,,,,,
48778,PERFORMING,MOTORS,0,450,150,200,90.0,,,,,,,
48779,PERFORMING,MOTORS,0,450,150,200,90.0,,,,,,,
48780,PERFORMING,MOTORS,0,450,150,200,90.0,,,,,,,
48781,PERFORMING,MOTORS,0,450,150,200,90.0,,,,,,,
48782,PERFORMING,MOTORS,0,450,150,200,90.0,,,,,,,
48784,PERFORMING,MOTORS,0,450,150,200,90.0,,,,,,,
48785,PERFORMING,MOTORS,0,450,150,200,90.0,,,,,,,
48786,PERFORMING,MOTORS,0,450,150,200,90.0,,,,,,,
48787,PERFORMING,MOTORS,0,450,150,200,90.0,,,,,,,
48788,PERFORMING,MOTORS,0,450,150,200,90.0,,,,,,,
48789,PERFORMING,MOTORS,0,450,150,200,90.0,,,,,,,
48790,PERFORMING,MOTORS,0,450,150,200,90.0,,,,,,,
48792,PERFORMING,MOTORS,0,450,150,200,90.0,,,,,,,
48793,PERFORMING,MOTORS,0,450,150,200,90.0,,,,,,,
48794,PERFORMING,MOTORS,0,450,150,200,90.0,,,,,,,
48795,PERFORMING,MOTORS,0,450,150,200,90.0,,,,,,,
48796,PERFORMING,MOTORS,0,450,150,200,90.0,,,,,,,
48797,PERFORMING,MOTORS,0,450,150,200,90.0,,,,,,,
48798,PERFORMING,MOTORS,0,450,150,200,90.0,,,,,,,
48799,PERFORMING,MOTORS,0,450,150,200,90.0,,,,,,,
48801,PERFORMING,MOTORS,0,450,150,200,90.0,,,,,,,
48802,PERFORMING,MOTORS,0,450,150,200,90.0,,,,,,,
48803,PERFORMING,MOTORS,0,450,150,200,90.0,,,,,,,
48804,PERFORMING,MOTORS,0,450,150,200,90.0,,,,,,,
48805,PERFORMING,MOTORS,0,450,150,200,90.0,,,,,,,
48806,PERFORMING,MOTORS,0,450,150,200,90.0,,,,,,,
48808,PERFORMING,MOTORS,0,450,150,200,90.0,,,,,,,
48809,PERFORMING,MOTORS,0,450,150,200,90.0,,,,,,,
48810,PERFORMING,MOTORS,0,450,150,200,90.0,,,,,,,
48811,PERFORMING,MOTORS,0,450,150,200,90.0,,,,,,,
48812,PERFORMING,MOTORS,0,450,150,200,90.0,,,,,,,
48813,PERFORMING,MOTORS,0,450,150,200,90.0,,,,,,,
48815,PERFORMING,MOTORS,0,450,150,200,90.0,,,,,,,
48816,PERFORMING,MOTORS,0,450,150,200,90.0,,,,,,,
48817,PERFORMING,MOTORS,0,450,150,200,90.0,,,,,,,
48818,PERFORMING,MOTORS,0,450,150,200,90.0,,,,,,,
48819,PERFORMING,MOTORS,0,450,150,200,90.0,,,,,,,
48820,PERFORMING,MOTORS,0,450,150,200,90.0,,,,,,,
48821,PERFORMING,MOTORS,0,450,150,200,90.0,,,,,,,
48823,PERFORMING,MOTORS,0,450,150,200,90.0,,,,,,,
48824,PERFORMING,MOTORS,0,450,150,200,90.0,,,,,,,
48825,PERFORMING,MOTORS,0,450,150,200,90.0,,,,,,,
48826,PERFORMING,MOTORS,0,450,150,200,90.0,,,,,,,
48827,PERFORMING,MOTORS,0,450,150,200,90.0,,,,,,,
48828,PERFORMING,MOTORS,0,450,150,200,90.0,,,,,,,
48830,PERFORMING,MOTORS,0,450,150,200,90.0,,,,,,,
48831,PERFORMING,MOTORS,0,450,150,200,90.0,,,,,,,
48832,PERFORMING,MOTORS,0,450,150,200,90.0,,,,,,,
48833,PERFORMING,MOTORS,0,450,150,200,90.0,,,,,,,
48834,PERFORMING,MOTORS,0,450,150,200,90.0,,,,,,,
48835,PERFORMING,MOTORS,0,450,150,200,90.0,,,,,,,
48836,PERFORMING,MOTORS,0,450,150,200,90.0,,,,,,,
48837,PERFORMING,MOTORS,0,450,150,200,90.0,,,,,,,
48839,PERFORMING,MOTORS,0,450,150,200,90.0,,,,,,,
48840,PERFORMING,MOTORS,0,450,150,200,90.0,,,,,,,
48841,PERFORMING,MOTORS,0,450,150,200,90.0,,,,,,,
48842,PERFORMING,MOTORS,0,450,150,200,90.0,,,,,,,
48843,PERFORMING,MOTORS,0,450,150,200,90.0,,,,,,,
48844,PERFORMING,MOTORS,0,450,150,200,90.0,,,,,,,
48846,PERFORMING,MOTORS,0,450,150,200,90.0,,,,,,,
48847,PERFORMING,MOTORS,0,450,150,200,90.0,,,,,,,
48848,PERFORMING,MOTORS,0,450,150,200,90.0,,,,,,,
48849,PERFORMING,MOTORS,0,450,150,200,90.0,,,,,,,
48850,PERFORMING,MOTORS,0,450,150,200,90.0,,,,,,,
48851,PERFORMING,MOTORS,0,450,150,200,90.0,,,,,,,
48852,PERFORMING,MOTORS,0,450,150,200,90.0,,,,,,,
48853,PERFORMING,MOTORS,0,450,150,200,90.0,,,,,,,
48854,PERFORMING,MOTORS,0,450,150,200,90.0,,,,,,,
48855,PERFORMING,MOTORS,0,450,150,200,90.0,,,,,,,
48857,PERFORMING,MOTORS,0,450,150,200,90.0,,,,,,,
48858,PERFORMING,MOTORS,0,450,150,200,90.0,,,,,,,
48859,PERFORMING,MOTORS,0,450,150,200,90.0,,,,,,,
48860,PERFORMING,MOTORS,0,450,150,200,90.0,,,,,,,
48861,PERFORMING,MOTORS,0,450,150,200,90.0,,,,,,,
48863,PERFORMING,MOTORS,0,450,150,200,90.0,,,,,,,
48864,PERFORMING,MOTORS,0,450,150,200,90.0,,,,,,,
48865,PERFORMING,MOTORS,0,450,150,200,90.0,,,,,,,
48866,PERFORMING,MOTORS,0,450,150,200,90.0,,,,,,,
48867,PERFORMING,MOTORS,0,450,150,200,90.0,,,,,,,
48868,PERFORMING,MOTORS,0,450,150,200,90.0,,,,,,,
48869,PERFORMING,MOTORS,0,450,150,200,90.0,,,,,,,
48870,PERFORMING,MOTORS,0,450,150,200,90.0,,,,,,,
48871,PERFORMING,MOTORS,0,450,150,200,90.0,,,,,,,
48873,PERFORMING,MOTORS,0,450,150,200,90.0,,,,,,,
48874,PERFORMING,MOTORS,0,450,150,200,90.0,,,,,,,
48875,PERFORMING,MOTORS,0,450,150,200,90.0,,,,,,,
48876,PERFORMING,MOTORS,0,450,150,200,90.0,,,,,,,
48877,PERFORMING,MOTORS,0,450,150,200,90.0,,,,,,,
48878,PERFORMING,MOTORS,0,450,150,200,90.0,,,,,,,
48879,PERFORMING,MOTORS,0,450,150,200,90.0,,,,,,,
48880,PERFORMING,MOTORS,0,450,150,200,90.0,,,,,,,
48882,PERFORMING,MOTORS,0,450,150,200,90.0,,,,,,,
48883,PERFORMING,MOTORS,0,450,150,200,90.0,,,,,,,
48884,PERFORMING,MOTORS,0,450,150,200,90.0,,,,,,,
48885,PERFORMING,MOTORS,0,450,150,200,90.0,,,,,,,
48886,PERFORMING,MOTORS,0,450,150,200,90.0,,,,,,,
48887,PERFORMING,MOTORS,0,450,150,200,90.0,,,,,,,
48889,PERFORMING,MOTORS,0,450,150,200,90.0,,,,,,,
48890,PERFORMING,MOTORS,0,450,150,200,90.0,,,,,,,
48891,PERFORMING,MOTORS,0,450,150,200,90.0,,,,,,,
48892,PERFORMING,MOTORS,0,450,150,200,90.0,,,,,,,
48893,PERFORMING,MOTORS,0,450,150,200,90.0,,,,,,,
48894,PERFORMING,MOTORS,0,450,150,200,90.0,,,,,,,
48895,PERFORMING,MOTORS,0,450,150,200,90.0,,,,,,,
48897,PERFORMING,MOTORS,0,450,150,200,90.0,,,,,,,
48898,PERFORMING,MOTORS,0,450,150,200,90.0,,,,,,,
48899,PERFORMING,MOTORS,0,450,150,200,90.0,,,,,,,
48900,PERFORMING,MOTORS,0,450,150,200,90.0,,,,,,,
48901,PERFORMING,MOTORS,0,450,150,200,90.0,,,,,,,
48903,PERFORMING,MOTORS,0,450,150,200,90.0,,,,,,,
48904,PERFORMING,MOTORS,0,450,150,200,90.0,,,,,,,
48905,PERFORMING,MOTORS,0,450,150,200,90.0,,,,,,,
48906,PERFORMING,MOTORS,0,450,150,200,90.0,,,,,,,
48907,PERFORMING,MOTORS,0,450,150,200,90.0,,,,,,,
48908,PERFORMING,MOTORS,0,450,150,200,90.0,,,,,,,
48909,PERFORMING,MOTORS,0,450,150,200,90.0,,,,,,,
48911,PERFORMING,MOTORS,0,450,150,200,90.0,,,,,,,
48912,PERFORMING,MOTORS,0,450,150,200,90.0,,,,,,,
48913,PERFORMING,MOTORS,0,450,150,200,90.0,,,,,,,
48914,PERFORMING,MOTORS,0,450,150,200,90.0,,,,,,,
48915,PERFORMING,MOTORS,0,450,150,200,90.0,,,,,,,
48917,PERFORMING,MOTORS,0,450,150,200,90.0,,,,,,,
48918,PERFORMING,MOTORS,0,450,150,200,90.0,,,,,,,
48919,PERFORMING,MOTORS,0,450,150,200,90.0,,,,,,,
48920,PERFORMING,MOTORS,0,450,150,200,90.0,,,,,,,
48921,PERFORMING,MOTORS,0,450,150,200,90.0,,,,,,,
48922,PERFORMING,MOTORS,0,450,150,200,90.0,,,,,,,
48923,PERFORMING,MOTORS,0,450,150,200,90.0,,,,,,,
48924,PERFORMING,MOTORS,0,450,150,200,90.0,,,,,,,
48925,PERFORMING,MOTORS,0,450,150,200,90.0,,,,,,,
48927,PERFORMING,MOTORS,0,450,150,200,90.0,,,,,,,
48928,PERFORMING,MOTORS,0,450,150,200,90.0,,,,,,,
48929,PERFORMING,MOTORS,0,450,150,200,90.0,,,,,,,
48930,PERFORMING,MOTORS,0,450,150,200,90.0,,,,,,,
48931,PERFORMING,MOTORS,0,450,150,200,90.0,,,,,,,
48932,PERFORMING,MOTORS,0,450,150,200,90.0,,,,,,,
48933,PERFORMING,MOTORS,0,450,150,200,90.0,,,,,,,
48935,PERFORMING,MOTORS,0,450,150,200,90.0,,,,,,,
48936,PERFORMING,MOTORS,0,450,150,200,90.0,,,,,,,
48937,PERFORMING,MOTORS,0,450,150,200,90.0,,,,,,,
48938,PERFORMING,MOTORS,0,450,150,200,90.0,,,,,,,
48939,PERFORMING,MOTORS,0,450,150,200,90.0,,,,,,,
48940,PERFORMING,MOTORS,0,450,150,200,90.0,,,,,,,
48942,PERFORMING,MOTORS,0,450,150,200,90.0,,,,,,,
48943,PERFORMING,MOTORS,0,450,150,200,90.0,,,,,,,
48944,PERFORMING,MOTORS,0,450,150,200,90.0,,,,,,,
48945,PERFORMING,MOTORS,0,450,150,200,90.0,,,,,,,
48946,PERFORMING,MOTORS,0,450,150,200,90.0,,,,,,,
48947,PERFORMING,MOTORS,0,450,150,200,90.0,,,,,,,
48949,PERFORMING,MOTORS,0,450,150,200,90.0,,,,,,,
48950,PERFORMING,MOTORS,0,450,150,200,90.0,,,,,,,
48951,PERFORMING,MOTORS,0,450,150,200,90.0,,,,,,,
48952,PERFORMING,MOTORS,0,450,150,200,90.0,,,,,,,
48953,PERFORMING,MOTORS,0,450,150,200,90.0,,,,,,,
48954,PERFORMING,MOTORS,0,450,150,200,90.0,,,,,,,
48955,PERFORMING,MOTORS,0,450,150,200,90.0,,,,,,,
48957,PERFORMING,MOTORS,0,450,150,200,90.0,,,,,,,
48958,PERFORMING,MOTORS,0,450,150,200,90.0,,,,,,,
48959,PERFORMING,MOTORS,0,450,150,200,90.0,,,,,,,
48960,PERFORMING,MOTORS,0,450,150,200,90.0,,,,,,,
48961,PERFORMING,MOTORS,0,450,150,200,90.0,,,,,,,
48962,PERFORMING,MOTORS,0,450,150,200,90.0,,,,,,,
48963,PERFORMING,MOTORS,0,450,150,200,90.0,,,,,,,
48964,PERFORMING,MOTORS,0,450,150,200,90.0,,,,,,,
48966,PERFORMING,MOTORS,0,450,150,200,90.0,,,,,,,
48967,PERFORMING,MOTORS,0,450,150,200,90.0,,,,,,,
48968,PERFORMING,MOTORS,0,450,150,200,90.0,,,,,,,
48969,PERFORMING,MOTORS,0,450,150,200,90.0,,,,,,,
48970,PERFORMING,MOTORS,0,450,150,200,90.0,,,,,,,
48971,PERFORMING,MOTORS,0,450,150,200,90.0,,,,,,,
48972,PERFORMING,MOTORS,0,450,150,200,90.0,,,,,,,
48974,PERFORMING,MOTORS,0,450,150,200,90.0,,,,,,,
48975,PERFORMING,MOTORS,0,450,150,200,90.0,,,,,,,
48976,PERFORMING,MOTORS,0,450,150,200,90.0,,,,,,,
48977,PERFORMING,MOTORS,0,450,150,200,90.0,,,,,,,
48978,PERFORMING,MOTORS,0,450,150,200,90.0,,,,,,,
48979,PERFORMING,MOTORS,0,450,150,200,90.0,,,,,,,
48980,PERFORMING,MOTORS,0,450,150,200,90.0,,,,,,,
48981,PERFORMING,MOTORS,0,450,150,200,90.0,,,,,,,
48982,PERFORMING,MOTORS,0,450,150,200,90.0,,,,,,,
48983,PERFORMING,MOTORS,0,450,150,200,90.0,,,,,,,
48985,PERFORMING,MOTORS,0,450,150,200,90.0,,,,,,,
48986,PERFORMING,MOTORS,0,450,150,200,90.0,,,,,,,
48987,PERFORMING,MOTORS,0,450,150,200,90.0,,,,,,,
48988,PERFORMING,MOTORS,0,450,150,200,90.0,,,,,,,
48989,PERFORMING,MOTORS,0,450,150,200,90.0,,,,,,,
48991,PERFORMING,MOTORS,0,450,150,200,90.0,,,,,,,
48992,PERFORMING,MOTORS,0,450,150,200,90.0,,,,,,,
48993,PERFORMING,MOTORS,0,450,150,200,90.0,,,,,,,
48994,PERFORMING,MOTORS,0,450,150,200,90.0,,,,,,,
48995,PERFORMING,MOTORS,0,450,150,200,90.0,,,,,,,
48996,PERFORMING,MOTORS,0,450,150,200,90.0,,,,,,,
48998,PERFORMING,MOTORS,0,450,150,200,90.0,,,,,,,
48999,PERFORMING,MOTORS,0,450,150,200,90.0,,,,,,,
49000,PERFORMING,MOTORS,0,450,150,200,90.0,,,,,,,
49001,PERFORMING,MOTORS,0,450,150,200,90.0,,,,,,,
49002,PERFORMING,MOTORS,0,450,150,200,90.0,,,,,,,
49003,PERFORMING,MOTORS,0,450,150,200,90.0,,,,,,,
49004,PERFORMING,MOTORS,0,450,150,200,90.0,,,,,,,
49005,PERFORMING,MOTORS,0,450,150,200,90.0,,,,,,,
49007,PERFORMING,MOTORS,0,450,150,200,90.0,,,,,,,
49008,PERFORMING,MOTORS,0,450,150,200,90.0,,,,,,,
49009,PERFORMING,MOTORS,0,450,150,200,90.0,,,,,,,
49010,PERFORMING,MOTORS,0,450,150,200,90.0,,,,,,,
49011,PERFORMING,MOTORS,0,450,150,200,90.0,,,,,,,
49012,PERFORMING,MOTORS,0,450,150,200,90.0,,,,,,,
49013,PERFORMING,MOTORS,0,450,150,200,90.0,,,,,,,
49015,PERFORMING,MOTORS,0,450,150,200,90.0,,,,,,,
49016,PERFORMING,MOTORS,0,450,150,200,90.0,,,,,,,
49017,PERFORMING,MOTORS,0,450,150,200,90.0,,,,,,,
49018,PERFORMING,MOTORS,0,450,150,200,90.0,,,,,,,
49019,PERFORMING,MOTORS,0,450,150,200,90.0,,,,,,,
49020,PERFORMING,MOTORS,0,450,150,200,90.0,,,,,,,
49021,PERFORMING,MOTORS,0,450,150,200,90.0,,,,,,,
49023,PERFORMING,MOTORS,0,450,150,200,90.0,,,,,,,
49024,PERFORMING,MOTORS,0,450,150,200,90.0,,,,,,,
49025,PERFORMING,MOTORS,0,450,150,200,90.0,,,,,,,
49026,PERFORMING,MOTORS,0,450,150,200,90.0,,,,,,,
49027,PERFORMING,MOTORS,0,450,150,200,90.0,,,,,,,
49028,PERFORMING,MOTORS,0,450,150,200,90.0,,,,,,,
49029,PERFORMING,MOTORS,0,450,150,200,90.0,,,,,,,
49031,PERFORMING,MOTORS,0,450,150,200,90.0,,,,,,,
49032,PERFORMING,MOTORS,0,450,150,200,90.0,,,,,,,
49033,PERFORMING,MOTORS,0,450,150,200,90.0,,,,,,,
49034,PERFORMING,MOTORS,0,450,150,200,90.0,,,,,,,
49035,PERFORMING,MOTORS,0,450,150,200,90.0,,,,,,,
49036,PERFORMING,MOTORS,0,450,150,200,90.0,,,,,,,
49037,PERFORMING,MOTORS,0,450,150,200,90.0,,,,,,,
49038,PERFORMING,MOTORS,0,450,150,200,90.0,,,,,,,
49039,PERFORMING,MOTORS,0,450,150,200,90.0,,,,,,,
49040,PERFORMING,MOTORS,0,450,150,200,90.0,,,,,,,
49042,PERFORMING,MOTORS,0,450,150,200,90.0,,,,,,,
49043,PERFORMING,MOTORS,0,450,150,200,90.0,,,,,,,
49044,PERFORMING,MOTORS,0,450,150,200,90.0,,,,,,,
49045,PERFORMING,MOTORS,0,450,150,200,90.0,,,,,,,
49046,PERFORMING,MOTORS,0,450,150,200,90.0,,,,,,,
49047,PERFORMING,MOTORS,0,450,150,200,90.0,,,,,,,
49048,PERFORMING,MOTORS,0,450,150,200,90.0,,,,,,,
49050,PERFORMING,MOTORS,0,450,150,200,90.0,,,,,,,
49051,PERFORMING,MOTORS,0,450,150,200,90.0,,,,,,,
49052,PERFORMING,MOTORS,0,450,150,200,90.0,,,,,,,
49053,PERFORMING,MOTORS,0,450,150,200,90.0,,,,,,,
49054,PERFORMING,MOTORS,0,450,150,200,90.0,,,,,,,
49055,PERFORMING,MOTORS,0,450,150,200,90.0,,,,,,,
49056,PERFORMING,MOTORS,0,450,150,200,90.0,,,,,,,
49058,PERFORMING,MOTORS,0,450,150,200,90.0,,,,,,,
49059,PERFORMING,MOTORS,0,450,150,200,90.0,,,,,,,
49060,PERFORMING,MOTORS,0,450,150,200,90.0,,,,,,,
49061,PERFORMING,MOTORS,0,450,150,200,90.0,,,,,,,
49062,PERFORMING,MOTORS,0,450,150,200,90.0,,,,,,,
49063,PERFORMING,MOTORS,0,450,150,200,90.0,,,,,,,
49064,PERFORMING,MOTORS,0,450,150,200,90.0,,,,,,,
49065,PERFORMING,MOTORS,0,450,150,200,90.0,,,,,,,
49067,PERFORMING,MOTORS,0,450,150,200,90.0,,,,,,,
49068,PERFORMING,MOTORS,0,450,150,200,90.0,,,,,,,
49069,PERFORMING,MOTORS,0,450,150,200,90.0,,,,,,,
49070,PERFORMING,MOTORS,0,450,150,200,90.0,,,,,,,
49071,PERFORMING,MOTORS,0,450,150,200,90.0,,,,,,,
49072,PERFORMING,MOTORS,0,450,150,200,90.0,,,,,,,
49073,PERFORMING,MOTORS,0,450,150,200,90.0,,,,,,,
49074,PERFORMING,MOTORS,0,450,150,200,90.0,,,,,,,
49076,PERFORMING,MOTORS,0,450,150,200,90.0,,,,,,,
49077,PERFORMING,MOTORS,0,450,150,200,90.0,,,,,,,
49078,PERFORMING,MOTORS,0,450,150,200,90.0,,,,,,,
49079,PERFORMING,MOTORS,0,450,150,200,90.0,,,,,,,
49080,PERFORMING,MOTORS,0,450,150,200,90.0,,,,,,,
49081,PERFORMING,MOTORS,0,450,150,200,90.0,,,,,,,
49083,PERFORMING,MOTORS,0,450,150,200,90.0,,,,,,,
49084,PERFORMING,MOTORS,0,450,150,200,90.0,,,,,,,
49085,PERFORMING,MOTORS,0,450,150,200,90.0,,,,,,,
49086,PERFORMING,MOTORS,0,450,150,200,90.0,,,,,,,
49087,PERFORMING,MOTORS,0,450,150,200,90.0,,,,,,,
49088,PERFORMING,MOTORS,0,450,150,200,90.0,,,,,,,
49089,PERFORMING,MOTORS,0,450,150,200,90.0,,,,,,,
49090,PERFORMING,MOTORS,0,450,150,200,90.0,,,,,,,
49092,PERFORMING,MOTORS,0,450,150,200,90.0,,,,,,,
49093,PERFORMING,MOTORS,0,450,150,200,90.0,,,,,,,
49094,PERFORMING,MOTORS,0,450,150,200,90.0,,,,,,,
49095,PERFORMING,MOTORS,0,450,150,200,90.0,,,,,,,
49096,PERFORMING,MOTORS,0,450,150,200,90.0,,,,,,,
49097,PERFORMING,MOTORS,0,450,150,200,90.0,,,,,,,
49098,PERFORMING,MOTORS,0,450,150,200,90.0,,,,,,,
49099,PERFORMING,MOTORS,0,450,150,200,90.0,,,,,,,
49101,PERFORMING,MOTORS,0,450,150,200,90.0,,,,,,,
49102,PERFORMING,MOTORS,0,450,150,200,90.0,,,,,,,
49103,PERFORMING,MOTORS,0,450,150,200,90.0,,,,,,,
49104,PERFORMING,MOTORS,0,450,150,200,90.0,,,,,,,
49105,PERFORMING,MOTORS,0,450,150,200,90.0,,,,,,,
49106,PERFORMING,MOTORS,0,450,150,200,90.0,,,,,,,
49108,PERFORMING,MOTORS,0,450,150,200,90.0,,,,,,,
49109,PERFORMING,MOTORS,0,450,150,200,90.0,,,,,,,
49110,PERFORMING,MOTORS,0,450,150,200,90.0,,,,,,,
49111,PERFORMING,MOTORS,0,450,150,200,90.0,,,,,,,
49112,PERFORMING,MOTORS,0,450,150,200,90.0,,,,,,,
49113,PERFORMING,MOTORS,0,450,150,200,90.0,,,,,,,
49114,PERFORMING,MOTORS,0,450,150,200,90.0,,,,,,,
49115,PERFORMING,MOTORS,0,450,150,200,90.0,,,,,,,
49117,PERFORMING,MOTORS,0,450,150,200,90.0,,,,,,,
49118,PERFORMING,MOTORS,0,450,150,200,90.0,,,,,,,
49119,PERFORMING,MOTORS,0,450,150,200,90.0,,,,,,,
49120,PERFORMING,MOTORS,0,450,150,200,90.0,,,,,,,
49121,PERFORMING,MOTORS,0,450,150,200,90.0,,,,,,,
49122,PERFORMING,MOTORS,0,450,150,200,90.0,,,,,,,
49123,PERFORMING,MOTORS,0,450,150,200,90.0,,,,,,,
49125,PERFORMING,MOTORS,0,450,150,200,90.0,,,,,,,
49126,PERFORMING,MOTORS,0,450,150,200,90.0,,,,,,,
49127,PERFORMING,MOTORS,0,450,150,200,90.0,,,,,,,
49128,PERFORMING,MOTORS,0,450,150,200,90.0,,,,,,,
49129,PERFORMING,MOTORS,0,450,150,200,90.0,,,,,,,
49130,PERFORMING,MOTORS,0,450,150,200,90.0,,,,,,,
49131,PERFORMING,MOTORS,0,450,150,200,90.0,,,,,,,
49133,PERFORMING,MOTORS,0,450,150,200,90.0,,,,,,,
49134,PERFORMING,MOTORS,0,450,150,200,90.0,,,,,,,
49135,PERFORMING,MOTORS,0,450,150,200,90.0,,,,,,,
49136,PERFORMING,MOTORS,0,450,150,200,90.0,,,,,,,
49137,PERFORMING,MOTORS,0,450,150,200,90.0,,,,,,,
49138,PERFORMING,MOTORS,0,450,150,200,90.0,,,,,,,
49140,PERFORMING,MOTORS,0,450,150,200,90.0,,,,,,,
49141,PERFORMING,MOTORS,0,450,150,200,90.0,,,,,,,
49142,PERFORMING,MOTORS,0,450,150,200,90.0,,,,,,,
49143,PERFORMING,MOTORS,0,450,150,200,90.0,,,,,,,
49144,PERFORMING,MOTORS,0,450,150,200,90.0,,,,,,,
49145,PERFORMING,MOTORS,0,450,150,200,90.0,,,,,,,
49146,PERFORMING,MOTORS,0,450,150,200,90.0,,,,,,,
49147,PERFORMING,MOTORS,0,450,150,200,90.0,,,,,,,
49149,PERFORMING,MOTORS,0,450,150,200,90.0,,,,,,,
49150,PERFORMING,MOTORS,0,450,150,200,90.0,,,,,,,
49151,PERFORMING,MOTORS,0,450,150,200,90.0,,,,,,,
49152,PERFORMING,MOTORS,0,450,150,200,90.0,,,,,,,
49153,PERFORMING,MOTORS,0,450,150,200,90.0,,,,,,,
49154,PERFORMING,MOTORS,0,450,150,200,90.0,,,,,,,
49155,PERFORMING,MOTORS,0,450,150,200,90.0,,,,,,,
49156,PERFORMING,MOTORS,0,450,150,200,90.0,,,,,,,
49158,PERFORMING,MOTORS,0,450,150,200,90.0,,,,,,,
49159,PERFORMING,MOTORS,0,450,150,200,90.0,,,,,,,
49160,PERFORMING,MOTORS,0,450,150,200,90.0,,,,,,,
49161,PERFORMING,MOTORS,0,450,150,200,90.0,,,,,,,
49162,PERFORMING,MOTORS,0,450,150,200,90.0,,,,,,,
49163,PERFORMING,MOTORS,0,450,150,200,90.0,,,,,,,
49164,PERFORMING,MOTORS,0,450,150,200,90.0,,,,,,,
49166,PERFORMING,MOTORS,0,450,150,200,90.0,,,,,,,
49167,PERFORMING,MOTORS,0,450,150,200,90.0,,,,,,,
49168,PERFORMING,MOTORS,0,450,150,200,90.0,,,,,,,
49169,PERFORMING,MOTORS,0,450,150,200,90.0,,,,,,,
49170,PERFORMING,MOTORS,0,450,150,200,90.0,,,,,,,
49171,PERFORMING,MOTORS,0,450,150,200,90.0,,,,,,,
49172,PERFORMING,MOTORS,0,450,150,200,90.0,,,,,,,
49174,PERFORMING,MOTORS,0,450,150,200,90.0,,,,,,,
49175,PERFORMING,MOTORS,0,450,150,200,90.0,,,,,,,
49176,PERFORMING,MOTORS,0,450,150,200,90.0,,,,,,,
49177,PERFORMING,MOTORS,0,450,150,200,90.0,,,,,,,
49178,PERFORMING,MOTORS,0,450,150,200,90.0,,,,,,,
49179,PERFORMING,MOTORS,0,450,150,200,90.0,,,,,,,
49181,PERFORMING,MOTORS,0,450,150,200,90.0,,,,,,,
49182,PERFORMING,MOTORS,0,450,150,200,90.0,,,,,,,
49183,PERFORMING,MOTORS,0,450,150,200,90.0,,,,,,,
49184,PERFORMING,MOTORS,0,450,150,200,90.0,,,,,,,
49185,PERFORMING,MOTORS,0,450,150,200,90.0,,,,,,,
49186,PERFORMING,MOTORS,0,450,150,200,90.0,,,,,,,
49187,PERFORMING,MOTORS,0,450,150,200,90.0,,,,,,,
49188,PERFORMING,MOTORS,0,450,150,200,90.0,,,,,,,
49190,PERFORMING,MOTORS,0,450,150,200,90.0,,,,,,,
49191,PERFORMING,MOTORS,0,450,150,200,90.0,,,,,,,
49192,PERFORMING,MOTORS,0,450,150,200,90.0,,,,,,,
49193,PERFORMING,MOTORS,0,450,150,200,90.0,,,,,,,
49194,PERFORMING,MOTORS,0,450,150,200,90.0,,,,,,,
49195,PERFORMING,MOTORS,0,450,150,200,90.0,,,,,,,
49197,PERFORMING,MOTORS,0,450,150,200,90.0,,,,,,,
49198,PERFORMING,MOTORS,0,450,150,200,90.0,,,,,,,
49199,PERFORMING,MOTORS,0,450,150,200,90.0,,,,,,,
49200,PERFORMING,MOTORS,0,450,150,200,90.0,,,,,,,
49201,PERFORMING,MOTORS,0,450,150,200,90.0,,,,,,,
49203,PERFORMING,MOTORS,0,450,150,200,90.0,,,,,,,
49204,PERFORMING,MOTORS,0,450,150,200,90.0,,,,,,,
49205,PERFORMING,MOTORS,0,450,150,200,90.0,,,,,,,
49206,PERFORMING,MOTORS,0,450,150,200,90.0,,,,,,,
49207,PERFORMING,MOTORS,0,450,150,200,90.0,,,,,,,
49208,PERFORMING,MOTORS,0,450,150,200,90.0,,,,,,,
49210,PERFORMING,MOTORS,0,450,150,200,90.0,,,,,,,
49211,PERFORMING,MOTORS,0,450,150,200,90.0,,,,,,,
49212,PERFORMING,MOTORS,0,450,150,200,90.0,,,,,,,
49213,PERFORMING,MOTORS,0,450,150,200,90.0,,,,,,,
49214,PERFORMING,MOTORS,0,450,150,200,90.0,,,,,,,
49215,PERFORMING,MOTORS,0,450,150,200,90.0,,,,,,,
49216,PERFORMING,MOTORS,0,450,150,200,90.0,,,,,,,
49218,PERFORMING,MOTORS,0,450,150,200,90.0,,,,,,,
49219,PERFORMING,MOTORS,0,450,150,200,90.0,,,,,,,
49220,PERFORMING,MOTORS,0,450,150,200,90.0,,,,,,,
49221,PERFORMING,MOTORS,0,450,150,200,90.0,,,,,,,
49222,PERFORMING,MOTORS,0,450,150,200,90.0,,,,,,,
49223,PERFORMING,MOTORS,0,450,150,200,90.0,,,,,,,
49225,PERFORMING,MOTORS,0,450,150,200,90.0,,,,,,,
49226,PERFORMING,MOTORS,0,450,150,200,90.0,,,,,,,
49227,PERFORMING,MOTORS,0,450,150,200,90.0,,,,,,,
49228,PERFORMING,MOTORS,0,450,150,200,90.0,,,,,,,
49229,PERFORMING,MOTORS,0,450,150,200,90.0,,,,,,,
49230,PERFORMING,MOTORS,0,450,150,200,90.0,,,,,,,
49231,PERFORMING,MOTORS,0,450,150,200,90.0,,,,,,,
49233,PERFORMING,MOTORS,0,450,150,200,90.0,,,,,,,
49234,PERFORMING,MOTORS,0,450,150,200,90.0,,,,,,,
49235,PERFORMING,MOTORS,0,450,150,200,90.0,,,,,,,
49236,PERFORMING,MOTORS,0,450,150,200,90.0,,,,,,,
49237,PERFORMING,MOTORS,0,450,150,200,90.0,,,,,,,
49238,PERFORMING,MOTORS,0,450,150,200,90.0,,,,,,,
49240,PERFORMING,MOTORS,0,450,150,200,90.0,,,,,,,
49241,PERFORMING,MOTORS,0,450,150,200,90.0,,,,,,,
49242,PERFORMING,MOTORS,0,450,150,200,90.0,,,,,,,
49243,PERFORMING,MOTORS,0,450,150,200,90.0,,,,,,,
49244,PERFORMING,MOTORS,0,450,150,200,90.0,,,,,,,
49245,PERFORMING,MOTORS,0,450,150,200,90.0,,,,,,,
49247,PERFORMING,MOTORS,0,450,150,200,90.0,,,,,,,
49248,PERFORMING,MOTORS,0,450,150,200,90.0,,,,,,,
49249,PERFORMING,MOTORS,0,450,150,200,90.0,,,,,,,
49250,PERFORMING,MOTORS,0,450,150,200,90.0,,,,,,,
49251,PERFORMING,MOTORS,0,450,150,200,90.0,,,,,,,
49252,PERFORMING,MOTORS,0,450,150,200,90.0,,,,,,,
49253,PERFORMING,MOTORS,0,450,150,200,90.0,,,,,,,
49255,PERFORMING,MOTORS,0,450,150,200,90.0,,,,,,,
49256,PERFORMING,MOTORS,0,450,150,200,90.0,,,,,,,
49257,PERFORMING,MOTORS,0,450,150,200,90.0,,,,,,,
49258,PERFORMING,MOTORS,0,450,150,200,90.0,,,,,,,
49259,PERFORMING,MOTORS,0,450,150,200,90.0,,,,,,,
49260,PERFORMING,MOTORS,0,450,150,200,90.0,,,,,,,
49262,PERFORMING,MOTORS,0,450,150,200,90.0,,,,,,,
49263,PERFORMING,MOTORS,0,450,150,200,90.0,,,,,,,
49264,PERFORMING,MOTORS,0,450,150,200,90.0,,,,,,,
49265,PERFORMING,MOTORS,0,450,150,200,90.0,,,,,,,
49266,PERFORMING,MOTORS,0,450,150,200,90.0,,,,,,,
49267,PERFORMING,MOTORS,0,450,150,200,90.0,,,,,,,
49268,PERFORMING,MOTORS,0,450,150,200,90.0,,,,,,,
49270,PERFORMING,MOTORS,0,450,150,200,90.0,,,,,,,
49271,PERFORMING,MOTORS,0,450,150,200,90.0,,,,,,,
49272,PERFORMING,MOTORS,0,450,150,200,90.0,,,,,,,
49273,PERFORMING,MOTORS,0,450,150,200,90.0,,,,,,,
49274,PERFORMING,MOTORS,0,450,150,200,90.0,,,,,,,
49275,PERFORMING,MOTORS,0,450,150,200,90.0,,,,,,,
49277,PERFORMING,MOTORS,0,450,150,200,90.0,,,,,,,
49278,PERFORMING,MOTORS,0,450,150,200,90.0,,,,,,,
49279,PERFORMING,MOTORS,0,450,150,200,90.0,,,,,,,
49280,PERFORMING,MOTORS,0,450,150,200,90.0,,,,,,,
49281,PERFORMING,MOTORS,0,450,150,200,90.0,,,,,,,
49282,PERFORMING,MOTORS,0,450,150,200,90.0,,,,,,,
49283,PERFORMING,MOTORS,0,450,150,200,90.0,,,,,,,
49284,PERFORMING,MOTORS,0,450,150,200,90.0,,,,,,,
49286,PERFORMING,MOTORS,0,450,150,200,90.0,,,,,,,
49287,PERFORMING,MOTORS,0,450,150,200,90.0,,,,,,,
49288,PERFORMING,MOTORS,0,450,150,200,90.0,,,,,,,
49289,PERFORMING,MOTORS,0,450,150,200,90.0,,,,,,,
49290,PERFORMING,MOTORS,0,450,150,200,90.0,,,,,,,
49291,PERFORMING,MOTORS,0,450,150,200,90.0,,,,,,,
49292,PERFORMING,MOTORS,0,450,150,200,90.0,,,,,,,
49294,PERFORMING,MOTORS,0,450,150,200,90.0,,,,,,,
49295,PERFORMING,MOTORS,0,450,150,200,90.0,,,,,,,
49296,PERFORMING,MOTORS,0,450,150,200,90.0,,,,,,,
49297,PERFORMING,MOTORS,0,450,150,200,90.0,,,,,,,
49298,PERFORMING,MOTORS,0,450,150,200,90.0,,,,,,,
49299,PERFORMING,MOTORS,0,450,150,200,90.0,,,,,,,
49300,PERFORMING,MOTORS,0,450,150,200,90.0,,,,,,,
49302,PERFORMING,MOTORS,0,450,150,200,90.0,,,,,,,
49303,PERFORMING,MOTORS,0,450,150,200,90.0,,,,,,,
49304,PERFORMING,MOTORS,0,450,150,200,90.0,,,,,,,
49305,PERFORMING,MOTORS,0,450,150,200,90.0,,,,,,,
49306,PERFORMING,MOTORS,0,450,150,200,90.0,,,,,,,
49307,PERFORMING,MOTORS,0,450,150,200,90.0,,,,,,,
49308,PERFORMING,MOTORS,0,450,150,200,90.0,,,,,,,
49309,PERFORMING,MOTORS,0,450,150,200,90.0,,,,,,,
49311,PERFORMING,MOTORS,0,450,150,200,90.0,,,,,,,
49312,PERFORMING,MOTORS,0,450,150,200,90.0,,,,,,,
49313,PERFORMING,MOTORS,0,450,150,200,90.0,,,,,,,
49314,PERFORMING,MOTORS,0,450,150,200,90.0,,,,,,,
49315,PERFORMING,MOTORS,0,450,150,200,90.0,,,,,,,
49316,PERFORMING,MOTORS,0,450,150,200,90.0,,,,,,,
49317,PERFORMING,MOTORS,0,450,150,200,90.0,,,,,,,
49318,PERFORMING,MOTORS,0,450,150,200,90.0,,,,,,,
49320,PERFORMING,MOTORS,0,450,150,200,90.0,,,,,,,
49321,PERFORMING,MOTORS,0,450,150,200,90.0,,,,,,,
49322,PERFORMING,MOTORS,0,450,150,200,90.0,,,,,,,
49323,PERFORMING,MOTORS,0,450,150,200,90.0,,,,,,,
49324,PERFORMING,MOTORS,0,450,150,200,90.0,,,,,,,
49325,PERFORMING,MOTORS,0,450,150,200,90.0,,,,,,,
49326,PERFORMING,MOTORS,0,450,150,200,90.0,,,,,,,
49327,PERFORMING,MOTORS,0,450,150,200,90.0,,,,,,,
49329,PERFORMING,MOTORS,0,450,150,200,90.0,,,,,,,
49330,PERFORMING,MOTORS,0,450,150,200,90.0,,,,,,,
49331,PERFORMING,MOTORS,0,450,150,200,90.0,,,,,,,
49332,PERFORMING,MOTORS,0,450,150,200,90.0,,,,,,,
49333,PERFORMING,MOTORS,0,450,150,200,90.0,,,,,,,
49334,PERFORMING,MOTORS,0,450,150,200,90.0,,,,,,,
49336,PERFORMING,MOTORS,0,450,150,200,90.0,,,,,,,
49337,PERFORMING,MOTORS,0,450,150,200,90.0,,,,,,,
49338,PERFORMING,MOTORS,0,450,150,200,90.0,,,,,,,
49339,PERFORMING,MOTORS,0,450,150,200,90.0,,,,,,,
49340,PERFORMING,MOTORS,0,450,150,200,90.0,,,,,,,
49341,PERFORMING,MOTORS,0,450,150,200,90.0,,,,,,,
49342,PERFORMING,MOTORS,0,450,150,200,90.0,,,,,,,
49343,PERFORMING,MOTORS,0,450,150,200,90.0,,,,,,,
49345,PERFORMING,MOTORS,0,450,150,200,90.0,,,,,,,
49346,PERFORMING,MOTORS,0,450,150,200,90.0,,,,,,,
49347,PERFORMING,MOTORS,0,450,150,200,90.0,,,,,,,
49348,PERFORMING,MOTORS,0,450,150,200,90.0,,,,,,,
49349,PERFORMING,MOTORS,0,450,150,200,90.0,,,,,,,
49351,PERFORMING,MOTORS,0,450,150,204,90.0,,,,,,,
49352,PERFORMING,MOTORS,0,450,150,206,90.0,,,,,,,
49353,PERFORMING,MOTORS,0,450,150,208,90.0,,,,,,,
49354,PERFORMING,MOTORS,0,450,150,210,90.0,,,,,,,
49355,PERFORMING,MOTORS,0,450,150,212,90.0,,,,,,,
49356,PERFORMING,MOTORS,0,450,150,214,90.0,,,,,,,
49357,PERFORMING,MOTORS,0,450,150,216,90.0,,,,,,,
49358,PERFORMING,MOTORS,0,450,150,218,90.0,,,,,,,
49360,PERFORMING,MOTORS,0,450,150,222,90.0,,,,,,,
49361,PERFORMING,MOTORS,0,450,150,224,90.0,,,,,,,
49362,PERFORMING,MOTORS,0,450,150,226,90.0,,,,,,,
49363,PERFORMING,MOTORS,0,450,150,228,90.0,,,,,,,
49364,PERFORMING,MOTORS,0,450,150,230,90.0,,,,,,,
49365,PERFORMING,MOTORS,0,450,150,232,90.0,,,,,,,
49366,PERFORMING,MOTORS,0,450,150,234,90.0,,,,,,,
49368,PERFORMING,MOTORS,0,450,150,238,90.0,,,,,,,
49369,PERFORMING,MOTORS,0,450,150,240,90.0,,,,,,,
49370,PERFORMING,MOTORS,0,450,150,242,90.0,,,,,,,
49371,PERFORMING,MOTORS,0,450,150,244,90.0,,,,,,,
49372,PERFORMING,MOTORS,0,450,150,246,90.0,,,,,,,
49373,PERFORMING,MOTORS,0,450,150,248,90.0,,,,,,,
49375,PERFORMING,MOTORS,0,450,150,252,90.0,,,,,,,
49376,PERFORMING,MOTORS,0,450,150,254,90.0,,,,,,,
49377,PERFORMING,MOTORS,0,450,150,256,90.0,,,,,,,
49378,PERFORMING,MOTORS,0,450,150,258,90.0,,,,,,,
49379,PERFORMING,MOTORS,0,450,150,260,90.0,,,,,,,
49380,PERFORMING,MOTORS,0,450,150,262,90.0,,,,,,,
49382,PERFORMING,MOTORS,0,450,150,266,90.0,,,,,,,
49383,PERFORMING,MOTORS,0,450,150,268,90.0,,,,,,,
49384,PERFORMING,MOTORS,0,450,150,270,90.0,,,,,,,
49385,PERFORMING,MOTORS,0,450,150,272,90.0,,,,,,,
49386,PERFORMING,MOTORS,0,450,150,274,90.0,,,,,,,
49387,PERFORMING,MOTORS,0,450,150,276,90.0,,,,,,,
49388,PERFORMING,MOTORS,0,450,150,278,90.0,,,,,,,
49389,PERFORMING,MOTORS,0,450,150,280,90.0,,,,,,,
49390,PERFORMING,MOTORS,0,450,150,284,90.0,,,,,,,
49392,PERFORMING,MOTORS,0,450,150,286,90.0,,,,,,,
49393,PERFORMING,MOTORS,0,450,150,288,90.0,,,,,,,
49394,PERFORMING,MOTORS,0,450,150,290,90.0,,,,,,,
49395,PERFORMING,MOTORS,0,450,150,292,90.0,,,,,,,
49396,PERFORMING,MOTORS,0,450,150,294,90.0,,,,,,,
49397,PERFORMING,MOTORS,0,450,150,296,90.0,,,,,,,
49399,PERFORMING,MOTORS,0,450,150,300,90.0,,,,,,,
49400,PERFORMING,MOTORS,0,450,150,300,90.0,,,,,,,
49401,PERFORMING,MOTORS,0,450,150,300,90.0,,,,,,,
49402,PERFORMING,MOTORS,0,450,150,300,90.0,,,,,,,
49403,PERFORMING,MOTORS,0,450,150,300,90.0,,,,,,,
49404,PERFORMING,MOTORS,0,450,150,300,90.0,,,,,,,
49405,PERFORMING,MOTORS,0,450,150,300,90.0,,,,,,,
49407,PERFORMING,MOTORS,0,450,150,300,90.0,,,,,,,
49408,PERFORMING,MOTORS,0,450,150,300,90.0,,,,,,,
49409,PERFORMING,MOTORS,0,450,150,300,90.0,,,,,,,
49410,PERFORMING,MOTORS,0,450,150,300,90.0,,,,,,,
49411,PERFORMING,MOTORS,0,450,150,300,90.0,,,,,,,
49412,PERFORMING,MOTORS,0,450,150,300,90.0,,,,,,,
49413,PERFORMING,MOTORS,0,450,150,300,90.0,,,,,,,
49414,PERFORMING,MOTORS,0,450,150,300,90.0,,,,,,,
49415,PERFORMING,MOTORS,0,450,150,300,90.0,,,,,,,
49417,PERFORMING,MOTORS,0,450,150,300,90.0,,,,,,,
49418,PERFORMING,MOTORS,0,450,150,300,90.0,,,,,,,
49419,PERFORMING,MOTORS,0,450,150,300,90.0,,,,,,,
49420,PERFORMING,MOTORS,0,450,150,300,90.0,,,,,,,
49421,PERFORMING,MOTORS,0,450,150,300,90.0,,,,,,,
49422,PERFORMING,MOTORS,0,450,150,300,90.0,,,,,,,
49423,PERFORMING,MOTORS,0,450,150,300,90.0,,,,,,,
49424,PERFORMING,MOTORS,0,450,150,300,90.0,,,,,,,
49426,PERFORMING,MOTORS,0,450,150,300,90.0,,,,,,,
49427,PERFORMING,MOTORS,0,450,150,300,90.0,,,,,,,
49428,PERFORMING,MOTORS,0,450,150,300,90.0,,,,,,,
49429,PERFORMING,MOTORS,0,450,150,300,90.0,,,,,,,
49430,PERFORMING,MOTORS,0,450,150,300,90.0,,,,,,,
49431,PERFORMING,MOTORS,0,450,150,300,90.0,,,,,,,
49432,PERFORMING,MOTORS,0,450,150,300,90.0,,,,,,,
49434,PERFORMING,MOTORS,0,450,150,300,90.0,,,,,,,
49435,PERFORMING,MOTORS,0,450,150,300,90.0,,,,,,,
49436,PERFORMING,MOTORS,0,450,150,300,90.0,,,,,,,
49437,PERFORMING,MOTORS,0,450,150,300,90.0,,,,,,,
49438,PERFORMING,MOTORS,0,450,150,300,90.0,,,,,,,
49439,PERFORMING,MOTORS,0,450,150,300,90.0,,,,,,,
49440,PERFORMING,MOTORS,0,450,150,300,90.0,,,,,,,
49442,PERFORMING,MOTORS,0,450,150,300,90.0,,,,,,,
49443,PERFORMING,MOTORS,0,450,150,300,90.0,,,,,,,
49444,PERFORMING,MOTORS,0,450,150,300,90.0,,,,,,,
49445,PERFORMING,MOTORS,0,450,150,300,90.0,,,,,,,
49446,PERFORMING,MOTORS,0,450,150,300,90.0,,,,,,,
49447,PERFORMING,MOTORS,0,450,150,300,90.0,,,,,,,
49449,PERFORMING,MOTORS,0,450,150,300,90.0,,,,,,,
49450,PERFORMING,MOTORS,0,450,150,300,90.0,,,,,,,
49451,PERFORMING,MOTORS,0,450,150,300,90.0,,,,,,,
49452,PERFORMING,MOTORS,0,450,150,300,90.0,,,,,,,
49453,PERFORMING,MOTORS,0,450,150,300,90.0,,,,,,,
49455,PERFORMING,MOTORS,0,450,150,300,90.0,,,,,,,
49456,PERFORMING,MOTORS,0,450,150,300,90.0,,,,,,,
49457,PERFORMING,MOTORS,0,450,150,300,90.0,,,,,,,
49458,PERFORMING,MOTORS,0,450,150,300,90.0,,,,,,,
49459,PERFORMING,MOTORS,0,450,150,300,90.0,,,,,,,
49460,PERFORMING,MOTORS,0,450,150,300,90.0,,,,,,,
49461,PERFORMING,MOTORS,0,450,150,300,90.0,,,,,,,
49462,PERFORMING,MOTORS,0,450,150,300,90.0,,,,,,,
49464,PERFORMING,MOTORS,0,450,150,300,90.0,,,,,,,
49465,PERFORMING,MOTORS,0,450,150,300,90.0,,,,,,,
49466,PERFORMING,MOTORS,0,450,150,300,90.0,,,,,,,
49467,PERFORMING,MOTORS,0,450,150,300,90.0,,,,,,,
49468,PERFORMING,MOTORS,0,450,150,300,90.0,,,,,,,
49469,PERFORMING,MOTORS,0,450,150,300,90.0,,,,,,,
49471,PERFORMING,MOTORS,0,450,150,300,90.0,,,,,,,
49472,PERFORMING,MOTORS,0,450,150,300,90.0,,,,,,,
49473,PERFORMING,MOTORS,0,450,150,300,90.0,,,,,,,
49474,PERFORMING,MOTORS,0,450,150,300,90.0,,,,,,,
49475,PERFORMING,MOTORS,0,450,150,300,90.0,,,,,,,
49476,PERFORMING,MOTORS,0,450,150,300,90.0,,,,,,,
49478,PERFORMING,MOTORS,0,450,150,300,90.0,,,,,,,
49479,PERFORMING,MOTORS,0,450,150,300,90.0,,,,,,,
49480,PERFORMING,MOTORS,0,450,150,300,90.0,,,,,,,
49481,PERFORMING,MOTORS,0,450,150,300,90.0,,,,,,,
49482,PERFORMING,MOTORS,0,450,150,300,90.0,,,,,,,
49483,PERFORMING,MOTORS,0,450,150,300,90.0,,,,,,,
49484,PERFORMING,MOTORS,0,450,150,300,90.0,,,,,,,
49485,PERFORMING,MOTORS,0,450,150,300,90.0,,,,,,,
49486,PERFORMING,MOTORS,0,450,150,300,90.0,,,,,,,
49488,PERFORMING,MOTORS,0,450,150,300,90.0,,,,,,,
49489,PERFORMING,MOTORS,0,450,150,300,90.0,,,,,,,
49490,PERFORMING,MOTORS,0,450,150,300,90.0,,,,,,,
49491,PERFORMING,MOTORS,0,450,150,300,90.0,,,,,,,
49492,PERFORMING,MOTORS,0,450,150,300,90.0,,,,,,,
49493,PERFORMING,MOTORS,0,450,150,300,90.0,,,,,,,
49495,PERFORMING,MOTORS,0,450,150,300,90.0,,,,,,,
49496,PERFORMING,MOTORS,0,450,150,300,90.0,,,,,,,
49497,PERFORMING,MOTORS,0,450,150,300,90.0,,,,,,,
49498,PERFORMING,MOTORS,0,450,150,300,90.0,,,,,,,
49499,PERFORMING,MOTORS,0,450,150,300,90.0,,,,,,,
49500,PERFORMING,MOTORS,0,450,150,300,90.0,,,,,,,
49501,PERFORMING,MOTORS,0,450,150,300,90.0,,,,,,,
49502,PERFORMING,MOTORS,0,450,150,300,90.0,,,,,,,
49503,PERFORMING,MOTORS,0,450,150,300,90.0,,,,,,,
49505,PERFORMING,MOTORS,0,450,150,300,90.0,,,,,,,
49506,PERFORMING,MOTORS,0,450,150,300,90.0,,,,,,,
49507,PERFORMING,MOTORS,0,450,150,300,90.0,,,,,,,
49508,PERFORMING,MOTORS,0,450,150,300,90.0,,,,,,,
49509,PERFORMING,MOTORS,0,450,150,300,90.0,,,,,,,
49510,PERFORMING,MOTORS,0,450,150,300,90.0,,,,,,,
49511,PERFORMING,MOTORS,0,450,150,300,90.0,,,,,,,
49513,PERFORMING,MOTORS,0,450,150,300,90.0,,,,,,,
49514,PERFORMING,MOTORS,0,450,150,300,90.0,,,,,,,
49515,PERFORMING,MOTORS,0,450,150,300,90.0,,,,,,,
49516,PERFORMING,MOTORS,0,450,150,300,90.0,,,,,,,
49517,PERFORMING,MOTORS,0,450,150,300,90.0,,,,,,,
49518,PERFORMING,MOTORS,0,450,150,300,90.0,,,,,,,
49519,PERFORMING,MOTORS,0,450,150,300,90.0,,,,,,,
49521,PERFORMING,MOTORS,0,450,150,300,90.0,,,,,,,
49522,PERFORMING,MOTORS,0,450,150,300,90.0,,,,,,,
49523,PERFORMING,MOTORS,0,450,150,300,90.0,,,,,,,
49524,PERFORMING,MOTORS,0,450,150,300,90.0,,,,,,,
49525,PERFORMING,MOTORS,0,450,150,300,90.0,,,,,,,
49526,PERFORMING,MOTORS,0,450,150,300,90.0,,,,,,,
49527,PERFORMING,MOTORS,0,450,150,300,90.0,,,,,,,
49528,PERFORMING,MOTORS,0,450,150,300,90.0,,,,,,,
49530,PERFORMING,MOTORS,0,450,150,300,90.0,,,,,,,
49531,PERFORMING,MOTORS,0,450,150,300,90.0,,,,,,,
49532,PERFORMING,MOTORS,0,450,150,300,90.0,,,,,,,
49533,PERFORMING,MOTORS,0,450,150,300,90.0,,,,,,,
49534,PERFORMING,MOTORS,0,450,150,300,90.0,,,,,,,
49535,PERFORMING,MOTORS,0,450,150,300,90.0,,,,,,,
49536,PERFORMING,MOTORS,0,450,150,300,90.0,,,,,,,
49537,PERFORMING,MOTORS,0,450,150,300,90.0,,,,,,,
49539,PERFORMING,MOTORS,0,450,150,300,90.0,,,,,,,
49540,PERFORMING,MOTORS,0,450,150,300,90.0,,,,,,,
49541,PERFORMING,MOTORS,0,450,150,300,90.0,,,,,,,
49542,PERFORMING,MOTORS,0,450,150,300,90.0,,,,,,,
49543,PERFORMING,MOTORS,0,450,150,300,90.0,,,,,,,
49544,PERFORMING,MOTORS,0,450,150,300,90.0,,,,,,,
49545,PERFORMING,MOTORS,0,450,150,300,90.0,,,,,,,
49546,PERFORMING,MOTORS,0,450,150,300,90.0,,,,,,,
49548,PERFORMING,MOTORS,0,450,150,300,90.0,,,,,,,
49549,PERFORMING,MOTORS,0,450,150,300,90.0,,,,,,,
49550,PERFORMING,MOTORS,0,450,150,300,90.0,,,,,,,
49551,PERFORMING,MOTORS,0,450,150,300,90.0,,,,,,,
49552,PERFORMING,MOTORS,0,450,150,300,90.0,,,,,,,
49553,PERFORMING,MOTORS,0,450,150,300,90.0,,,,,,,
49554,PERFORMING,MOTORS,0,450,150,300,90.0,,,,,,,
49555,PERFORMING,MOTORS,0,450,150,300,90.0,,,,,,,
49556,PERFORMING,MOTORS,0,450,150,300,90.0,,,,,,,
49558,PERFORMING,MOTORS,0,450,150,300,90.0,,,,,,,
49559,PERFORMING,MOTORS,0,450,150,300,90.0,,,,,,,
49560,PERFORMING,MOTORS,0,450,150,300,90.0,,,,,,,
49561,PERFORMING,MOTORS,0,450,150,300,90.0,,,,,,,
49562,PERFORMING,MOTORS,0,450,150,300,90.0,,,,,,,
49563,PERFORMING,MOTORS,0,450,150,300,90.0,,,,,,,
49564,PERFORMING,MOTORS,0,450,150,300,90.0,,,,,,,
49565,PERFORMING,MOTORS,0,450,150,300,90.0,,,,,,,
49566,PERFORMING,MOTORS,0,450,150,300,90.0,,,,,,,
49568,PERFORMING,MOTORS,0,450,150,300,90.0,,,,,,,
49569,PERFORMING,MOTORS,0,450,150,300,90.0,,,,,,,
49570,PERFORMING,MOTORS,0,450,150,300,90.0,,,,,,,
49571,PERFORMING,MOTORS,0,450,150,300,90.0,,,,,,,
49572,PERFORMING,MOTORS,0,450,150,300,90.0,,,,,,,
49573,PERFORMING,MOTORS,0,450,150,300,90.0,,,,,,,
49574,PERFORMING,MOTORS,0,450,150,300,90.0,,,,,,,
49576,PERFORMING,MOTORS,0,450,150,300,90.0,,,,,,,
49577,PERFORMING,MOTORS,0,450,150,300,90.0,,,,,,,
49578,PERFORMING,MOTORS,0,450,150,300,90.0,,,,,,,
49579,PERFORMING,MOTORS,0,450,150,300,90.0,,,,,,,
49580,PERFORMING,MOTORS,0,450,150,300,90.0,,,,,,,
49581,PERFORMING,MOTORS,0,450,150,300,90.0,,,,,,,
49582,PERFORMING,MOTORS,0,450,150,300,90.0,,,,,,,
49584,PERFORMING,MOTORS,0,450,150,300,90.0,,,,,,,
49585,PERFORMING,MOTORS,0,450,150,300,90.0,,,,,,,
49586,PERFORMING,MOTORS,0,450,150,300,90.0,,,,,,,
49587,PERFORMING,MOTORS,0,450,150,300,90.0,,,,,,,
49588,PERFORMING,MOTORS,0,450,150,300,90.0,,,,,,,
49589,PERFORMING,MOTORS,0,450,150,300,90.0,,,,,,,
49590,PERFORMING,MOTORS,0,450,150,300,90.0,,,,,,,
49592,PERFORMING,MOTORS,0,450,150,300,90.0,,,,,,,
49593,PERFORMING,MOTORS,0,450,150,300,90.0,,,,,,,
49594,PERFORMING,MOTORS,0,450,150,300,90.0,,,,,,,
49595,PERFORMING,MOTORS,0,450,150,300,90.0,,,,,,,
49596,PERFORMING,MOTORS,0,450,150,300,90.0,,,,,,,
49597,PERFORMING,MOTORS,0,450,150,300,90.0,,,,,,,
49599,PERFORMING,MOTORS,0,450,150,300,90.0,,,,,,,
49600,PERFORMING,MOTORS,0,450,150,300,90.0,,,,,,,
49601,PERFORMING,MOTORS,0,450,150,300,90.0,,,,,,,
49602,PERFORMING,MOTORS,0,450,150,300,90.0,,,,,,,
49603,PERFORMING,MOTORS,0,450,150,300,90.0,,,,,,,
49604,PERFORMING,MOTORS,0,450,150,300,90.0,,,,,,,
49606,PERFORMING,MOTORS,0,450,150,300,90.0,,,,,,,
49607,PERFORMING,MOTORS,0,450,150,300,90.0,,,,,,,
49608,PERFORMING,MOTORS,0,450,150,300,90.0,,,,,,,
49609,PERFORMING,MOTORS,0,450,150,300,90.0,,,,,,,
49610,PERFORMING,MOTORS,0,450,150,300,90.0,,,,,,,
49611,PERFORMING,MOTORS,0,450,150,300,90.0,,,,,,,
49612,PERFORMING,MOTORS,0,450,150,300,90.0,,,,,,,
49614,PERFORMING,MOTORS,0,450,150,300,90.0,,,,,,,
49615,PERFORMING,MOTORS,0,450,150,300,90.0,,,,,,,
49616,PERFORMING,MOTORS,0,450,150,300,90.0,,,,,,,
49617,PERFORMING,MOTORS,0,450,150,300,90.0,,,,,,,
49618,PERFORMING,MOTORS,0,450,150,300,90.0,,,,,,,
49619,PERFORMING,MOTORS,0,450,150,300,90.0,,,,,,,
49620,PERFORMING,MOTORS,0,450,150,300,90.0,,,,,,,
49622,PERFORMING,MOTORS,0,450,150,300,90.0,,,,,,,
49623,PERFORMING,MOTORS,0,450,150,300,90.0,,,,,,,
49624,PERFORMING,MOTORS,0,450,150,300,90.0,,,,,,,
49625,PERFORMING,MOTORS,0,450,150,300,90.0,,,,,,,
49626,PERFORMING,MOTORS,0,450,150,300,90.0,,,,,,,
49627,PERFORMING,MOTORS,0,450,150,300,90.0,,,,,,,
49628,PERFORMING,MOTORS,0,450,150,300,90.0,,,,,,,
49630,PERFORMING,MOTORS,0,450,150,300,90.0,,,,,,,
49631,PERFORMING,MOTORS,0,450,150,300,90.0,,,,,,,
49632,PERFORMING,MOTORS,0,450,150,300,90.0,,,,,,,
49633,PERFORMING,MOTORS,0,450,150,300,90.0,,,,,,,
49634,PERFORMING,MOTORS,0,450,150,300,90.0,,,,,,,
49635,PERFORMING,MOTORS,0,450,150,300,90.0,,,,,,,
49637,PERFORMING,MOTORS,0,450,150,300,90.0,,,,,,,
49638,PERFORMING,MOTORS,0,450,150,300,90.0,,,,,,,
49639,PERFORMING,MOTORS,0,450,150,300,90.0,,,,,,,
49640,PERFORMING,MOTORS,0,450,150,300,90.0,,,,,,,
49641,PERFORMING,MOTORS,0,450,150,300,90.0,,,,,,,
49642,PERFORMING,MOTORS,0,450,150,300,90.0,,,,,,,
49643,PERFORMING,MOTORS,0,450,150,300,90.0,,,,,,,
49645,PERFORMING,MOTORS,0,450,150,300,90.0,,,,,,,
49646,PERFORMING,MOTORS,0,450,150,300,90.0,,,,,,,
49647,PERFORMING,MOTORS,0,450,150,300,90.0,,,,,,,
49648,PERFORMING,MOTORS,0,450,150,300,90.0,,,,,,,
49649,PERFORMING,MOTORS,0,450,150,300,90.0,,,,,,,
49650,PERFORMING,MOTORS,0,450,150,300,90.0,,,,,,,
49651,PERFORMING,MOTORS,0,450,150,300,90.0,,,,,,,
49653,PERFORMING,MOTORS,0,450,150,300,90.0,,,,,,,
49654,PERFORMING,MOTORS,0,450,150,300,90.0,,,,,,,
49655,PERFORMING,MOTORS,0,450,150,300,90.0,,,,,,,
49656,PERFORMING,MOTORS,0,450,150,300,90.0,,,,,,,
49657,PERFORMING,MOTORS,0,450,150,300,90.0,,,,,,,
49658,PERFORMING,MOTORS,0,450,150,300,90.0,,,,,,,
49659,PERFORMING,MOTORS,0,450,150,300,90.0,,,,,,,
49660,PERFORMING,MOTORS,0,450,150,300,90.0,,,,,,,
49661,PERFORMING,MOTORS,0,450,150,300,90.0,,,,,,,
49663,PERFORMING,MOTORS,0,450,150,300,90.0,,,,,,,
49664,PERFORMING,MOTORS,0,450,150,300,90.0,,,,,,,
49665,PERFORMING,MOTORS,0,450,150,300,90.0,,,,,,,
49666,PERFORMING,MOTORS,0,450,150,300,90.0,,,,,,,
49667,PERFORMING,MOTORS,0,450,150,300,90.0,,,,,,,
49668,PERFORMING,MOTORS,0,450,150,300,90.0,,,,,,,
49669,PERFORMING,MOTORS,0,450,150,300,90.0,,,,,,,
49670,PERFORMING,MOTORS,0,450,150,300,90.0,,,,,,,
49672,PERFORMING,MOTORS,0,450,150,300,90.0,,,,,,,
49673,PERFORMING,MOTORS,0,450,150,300,90.0,,,,,,,
49674,PERFORMING,MOTORS,0,450,150,300,90.0,,,,,,,
49675,PERFORMING,MOTORS,0,450,150,300,90.0,,,,,,,
49676,PERFORMING,MOTORS,0,450,150,300,90.0,,,,,,,
49677,PERFORMING,MOTORS,0,450,150,300,90.0,,,,,,,
49678,PERFORMING,MOTORS,0,450,150,300,90.0,,,,,,,
49679,PERFORMING,MOTORS,0,450,150,300,90.0,,,,,,,
49681,PERFORMING,MOTORS,0,450,150,300,90.0,,,,,,,
49682,PERFORMING,MOTORS,0,450,150,300,90.0,,,,,,,
49683,PERFORMING,MOTORS,0,450,150,300,90.0,,,,,,,
49684,PERFORMING,MOTORS,0,450,150,300,90.0,,,,,,,
49685,PERFORMING,MOTORS,0,450,150,300,90.0,,,,,,,
49686,PERFORMING,MOTORS,0,450,150,300,90.0,,,,,,,
49687,PERFORMING,MOTORS,0,450,150,300,90.0,,,,,,,
49689,PERFORMING,MOTORS,0,450,150,300,90.0,,,,,,,
49690,PERFORMING,MOTORS,0,450,150,300,90.0,,,,,,,
49691,PERFORMING,MOTORS,0,450,150,300,90.0,,,,,,,
49692,PERFORMING,MOTORS,0,450,150,300,90.0,,,,,,,
49693,PERFORMING,MOTORS,0,450,150,300,90.0,,,,,,,
49694,PERFORMING,MOTORS,0,450,150,300,90.0,,,,,,,
49696,PERFORMING,MOTORS,0,450,150,300,90.0,,,,,,,
49697,PERFORMING,MOTORS,0,450,150,300,90.0,,,,,,,
49698,PERFORMING,MOTORS,0,450,150,300,90.0,,,,,,,
49699,PERFORMING,MOTORS,0,450,150,300,90.0,,,,,,,
49700,PERFORMING,MOTORS,0,450,150,300,90.0,,,,,,,
49701,PERFORMING,MOTORS,0,450,150,300,90.0,,,,,,,
49702,PERFORMING,MOTORS,0,450,150,300,90.0,,,,,,,
49704,PERFORMING,MOTORS,0,450,150,300,90.0,,,,,,,
49705,PERFORMING,MOTORS,0,450,150,300,90.0,,,,,,,
49706,PERFORMING,MOTORS,0,450,150,300,90.0,,,,,,,
49707,PERFORMING,MOTORS,0,450,150,300,90.0,,,,,,,
49708,PERFORMING,MOTORS,0,450,150,300,90.0,,,,,,,
49709,PERFORMING,MOTORS,0,450,150,300,90.0,,,,,,,
49710,PERFORMING,MOTORS,0,450,150,300,90.0,,,,,,,
49712,PERFORMING,MOTORS,0,450,150,300,90.0,,,,,,,
49713,PERFORMING,MOTORS,0,450,150,300,90.0,,,,,,,
49714,PERFORMING,MOTORS,0,450,150,300,90.0,,,,,,,
49715,PERFORMING,MOTORS,0,450,150,300,90.0,,,,,,,
49716,PERFORMING,MOTORS,0,450,150,300,90.0,,,,,,,
49717,PERFORMING,MOTORS,0,450,150,300,90.0,,,,,,,
49718,PERFORMING,MOTORS,0,450,150,300,90.0,,,,,,,
49720,PERFORMING,MOTORS,0,450,150,300,90.0,,,,,,,
49721,PERFORMING,MOTORS,0,450,150,300,90.0,,,,,,,
49722,PERFORMING,MOTORS,0,450,150,300,90.0,,,,,,,
49723,PERFORMING,MOTORS,0,450,150,300,90.0,,,,,,,
49724,PERFORMING,MOTORS,0,450,150,300,90.0,,,,,,,
49725,PERFORMING,MOTORS,0,450,150,300,90.0,,,,,,,
49726,PERFORMING,MOTORS,0,450,150,300,90.0,,,,,,,
49727,PERFORMING,MOTORS,0,450,150,300,90.0,,,,,,,
49729,PERFORMING,MOTORS,0,450,150,300,90.0,,,,,,,
49730,PERFORMING,MOTORS,0,450,150,300,90.0,,,,,,,
49731,PERFORMING,MOTORS,0,450,150,300,90.0,,,,,,,
49732,PERFORMING,MOTORS,0,450,150,300,90.0,,,,,,,
49733,PERFORMING,MOTORS,0,450,150,300,90.0,,,,,,,
49734,PERFORMING,MOTORS,0,450,150,300,90.0,,,,,,,
49735,PERFORMING,MOTORS,0,450,150,300,90.0,,,,,,,
49737,PERFORMING,MOTORS,0,450,150,300,90.0,,,,,,,
49738,PERFORMING,MOTORS,0,450,150,300,90.0,,,,,,,
49739,PERFORMING,MOTORS,0,450,150,300,90.0,,,,,,,
49740,PERFORMING,MOTORS,0,450,150,300,90.0,,,,,,,
49741,PERFORMING,MOTORS,0,450,150,300,90.0,,,,,,,
49743,PERFORMING,MOTORS,0,450,150,300,90.0,,,,,,,
49744,PERFORMING,MOTORS,0,450,150,300,90.0,,,,,,,
49745,PERFORMING,MOTORS,0,450,150,300,90.0,,,,,,,
49746,PERFORMING,MOTORS,0,450,150,300,90.0,,,,,,,
49747,PERFORMING,MOTORS,0,450,150,300,90.0,,,,,,,
49748,PERFORMING,MOTORS,0,450,150,300,90.0,,,,,,,
49749,PERFORMING,MOTORS,0,450,150,300,90.0,,,,,,,
49751,PERFORMING,MOTORS,0,450,150,300,90.0,,,,,,,
49752,PERFORMING,MOTORS,0,450,150,300,90.0,,,,,,,
49753,PERFORMING,MOTORS,0,450,150,300,90.0,,,,,,,
49754,PERFORMING,MOTORS,0,450,150,300,90.0,,,,,,,
49755,PERFORMING,MOTORS,0,450,150,300,90.0,,,,,,,
49756,PERFORMING,MOTORS,0,450,150,300,90.0,,,,,,,
49757,PERFORMING,MOTORS,0,450,150,300,90.0,,,,,,,
49758,PERFORMING,MOTORS,0,450,150,300,90.0,,,,,,,
49759,PERFORMING,MOTORS,0,450,150,300,90.0,,,,,,,
49761,PERFORMING,MOTORS,0,450,150,300,90.0,,,,,,,
49762,PERFORMING,MOTORS,0,450,150,300,90.0,,,,,,,
49763,PERFORMING,MOTORS,0,450,150,300,90.0,,,,,,,
49764,PERFORMING,MOTORS,0,450,150,300,90.0,,,,,,,
49765,PERFORMING,MOTORS,0,450,150,300,90.0,,,,,,,
49766,PERFORMING,MOTORS,0,450,150,300,90.0,,,,,,,
49767,PERFORMING,MOTORS,0,450,150,300,90.0,,,,,,,
49768,PERFORMING,MOTORS,0,450,150,300,90.0,,,,,,,
49769,PERFORMING,MOTORS,0,450,150,300,90.0,,,,,,,
49770,PERFORMING,MOTORS,0,450,150,300,90.0,,,,,,,
49772,PERFORMING,MOTORS,0,450,150,300,90.0,,,,,,,
49773,PERFORMING,MOTORS,0,450,150,300,90.0,,,,,,,
49774,PERFORMING,MOTORS,0,450,150,300,90.0,,,,,,,
49775,PERFORMING,MOTORS,0,450,150,300,90.0,,,,,,,
49776,PERFORMING,MOTORS,0,450,150,300,90.0,,,,,,,
49777,PERFORMING,MOTORS,0,450,150,300,90.0,,,,,,,
49778,PERFORMING,MOTORS,0,450,150,300,90.0,,,,,,,
49780,PERFORMING,MOTORS,0,450,150,300,90.0,,,,,,,
49781,PERFORMING,MOTORS,0,450,150,300,90.0,,,,,,,
49782,PERFORMING,MOTORS,0,450,150,300,90.0,,,,,,,
49783,PERFORMING,MOTORS,0,450,150,300,90.0,,,,,,,
49784,PERFORMING,MOTORS,0,450,150,300,90.0,,,,,,,
49785,PERFORMING,MOTORS,0,450,150,300,90.0,,,,,,,
49786,PERFORMING,MOTORS,0,450,150,300,90.0,,,,,,,
49788,PERFORMING,MOTORS,0,450,150,300,90.0,,,,,,,
49789,PERFORMING,MOTORS,0,450,150,300,90.0,,,,,,,
49790,PERFORMING,MOTORS,0,450,150,300,90.0,,,,,,,
49791,PERFORMING,MOTORS,0,450,150,300,90.0,,,,,,,
49792,PERFORMING,MOTORS,0,450,150,300,90.0,,,,,,,
49793,PERFORMING,MOTORS,0,450,150,300,90.0,,,,,,,
49794,PERFORMING,MOTORS,0,450,150,300,90.0,,,,,,,
49796,PERFORMING,MOTORS,0,450,150,300,90.0,,,,,,,
49797,PERFORMING,MOTORS,0,450,150,300,90.0,,,,,,,
49798,PERFORMING,MOTORS,0,450,150,300,90.0,,,,,,,
49799,PERFORMING,MOTORS,0,450,150,300,90.0,,,,,,,
49800,PERFORMING,MOTORS,0,450,150,300,90.0,,,,,,,
49801,PERFORMING,MOTORS,0,450,150,300,90.0,,,,,,,
49803,PERFORMING,MOTORS,0,450,150,300,90.0,,,,,,,
49804,PERFORMING,MOTORS,0,450,150,300,90.0,,,,,,,
49805,PERFORMING,MOTORS,0,450,150,300,90.0,,,,,,,
49806,PERFORMING,MOTORS,0,450,150,300,90.0,,,,,,,
49807,PERFORMING,MOTORS,0,450,150,300,90.0,,,,,,,
49808,PERFORMING,MOTORS,0,450,150,300,90.0,,,,,,,
49809,PERFORMING,MOTORS,0,450,150,300,90.0,,,,,,,
49811,PERFORMING,MOTORS,0,450,150,300,90.0,,,,,,,
49812,PERFORMING,MOTORS,0,450,150,300,90.0,,,,,,,
49813,PERFORMING,MOTORS,0,450,150,300,90.0,,,,,,,
49814,PERFORMING,MOTORS,0,450,150,300,90.0,,,,,,,
49815,PERFORMING,MOTORS,0,450,150,300,90.0,,,,,,,
49816,PERFORMING,MOTORS,0,450,150,300,90.0,,,,,,,
49817,PERFORMING,MOTORS,0,450,150,300,90.0,,,,,,,
49818,PERFORMING,MOTORS,0,450,150,300,90.0,,,,,,,
49820,PERFORMING,MOTORS,0,450,150,300,90.0,,,,,,,
49821,PERFORMING,MOTORS,0,450,150,300,90.0,,,,,,,
49822,PERFORMING,MOTORS,0,450,150,300,90.0,,,,,,,
49823,PERFORMING,MOTORS,0,450,150,300,90.0,,,,,,,
49824,PERFORMING,MOTORS,0,450,150,300,90.0,,,,,,,
49825,PERFORMING,MOTORS,0,450,150,300,90.0,,,,,,,
49826,PERFORMING,MOTORS,0,450,150,300,90.0,,,,,,,
49827,PERFORMING,MOTORS,0,450,150,300,90.0,,,,,,,
49829,PERFORMING,MOTORS,0,450,150,300,90.0,,,,,,,
49830,PERFORMING,MOTORS,0,450,150,300,90.0,,,,,,,
49831,PERFORMING,MOTORS,0,450,150,300,90.0,,,,,,,
49832,PERFORMING,MOTORS,0,450,150,300,90.0,,,,,,,
49833,PERFORMING,MOTORS,0,450,150,300,90.0,,,,,,,
49834,PERFORMING,MOTORS,0,450,150,300,90.0,,,,,,,
49835,PERFORMING,MOTORS,0,450,150,300,90.0,,,,,,,
49837,PERFORMING,MOTORS,0,450,150,300,90.0,,,,,,,
49838,PERFORMING,MOTORS,0,450,150,300,90.0,,,,,,,
49839,PERFORMING,MOTORS,0,450,150,300,90.0,,,,,,,
49840,PERFORMING,MOTORS,0,450,150,300,90.0,,,,,,,
49841,PERFORMING,MOTORS,0,450,150,300,90.0,,,,,,,
49842,PERFORMING,MOTORS,0,450,150,300,90.0,,,,,,,
49844,PERFORMING,MOTORS,0,450,150,300,90.0,,,,,,,
49845,PERFORMING,MOTORS,0,450,150,300,90.0,,,,,,,
49846,PERFORMING,MOTORS,0,450,150,300,90.0,,,,,,,
49847,PERFORMING,MOTORS,0,450,150,300,90.0,,,,,,,
49848,PERFORMING,MOTORS,0,450,150,300,90.0,,,,,,,
49849,PERFORMING,MOTORS,0,450,150,300,90.0,,,,,,,
49851,PERFORMING,MOTORS,0,450,150,300,90.0,,,,,,,
49852,PERFORMING,MOTORS,0,450,150,300,90.0,,,,,,,
49853,PERFORMING,MOTORS,0,450,150,300,90.0,,,,,,,
49854,PERFORMING,MOTORS,0,450,150,300,90.0,,,,,,,
49855,PERFORMING,MOTORS,0,450,150,300,90.0,,,,,,,
49856,PERFORMING,MOTORS,0,450,150,300,90.0,,,,,,,
49858,PERFORMING,MOTORS,0,450,150,300,90.0,,,,,,,
49859,PERFORMING,MOTORS,0,450,150,300,90.0,,,,,,,
49860,PERFORMING,MOTORS,0,450,150,300,90.0,,,,,,,
49861,PERFORMING,MOTORS,0,450,150,300,90.0,,,,,,,
49862,PERFORMING,MOTORS,0,450,150,300,90.0,,,,,,,
49863,PERFORMING,MOTORS,0,450,150,300,90.0,,,,,,,
49865,PERFORMING,MOTORS,0,450,150,300,90.0,,,,,,,
49866,PERFORMING,MOTORS,0,450,150,300,90.0,,,,,,,
49867,PERFORMING,MOTORS,0,450,150,300,90.0,,,,,,,
49868,PERFORMING,MOTORS,0,450,150,300,90.0,,,,,,,
49869,PERFORMING,MOTORS,0,450,150,300,90.0,,,,,,,
49870,PERFORMING,MOTORS,0,450,150,300,90.0,,,,,,,
49871,PERFORMING,MOTORS,0,450,150,300,90.0,,,,,,,
49872,PERFORMING,MOTORS,0,450,150,300,90.0,,,,,,,
49874,PERFORMING,MOTORS,0,450,150,300,90.0,,,,,,,
49875,PERFORMING,MOTORS,0,450,150,300,90.0,,,,,,,
49876,PERFORMING,MOTORS,0,450,150,300,90.0,,,,,,,
49877,PERFORMING,MOTORS,0,450,150,300,90.0,,,,,,,
49878,PERFORMING,MOTORS,0,450,150,300,90.0,,,,,,,
49879,PERFORMING,MOTORS,0,450,150,300,90.0,,,,,,,
49880,PERFORMING,MOTORS,0,450,150,300,90.0,,,,,,,
49882,PERFORMING,MOTORS,0,450,150,300,90.0,,,,,,,
49883,PERFORMING,MOTORS,0,450,150,300,90.0,,,,,,,
49884,PERFORMING,MOTORS,0,450,150,300,90.0,,,,,,,
49885,PERFORMING,MOTORS,0,450,150,300,90.0,,,,,,,
49886,PERFORMING,MOTORS,0,450,150,300,90.0,,,,,,,
49887,PERFORMING,MOTORS,0,450,150,300,90.0,,,,,,,
49888,PERFORMING,MOTORS,0,450,150,300,90.0,,,,,,,
49890,PERFORMING,MOTORS,0,450,150,300,90.0,,,,,,,
49891,PERFORMING,MOTORS,0,450,150,300,90.0,,,,,,,
49892,PERFORMING,MOTORS,0,450,150,300,90.0,,,,,,,
49893,PERFORMING,MOTORS,0,450,150,300,90.0,,,,,,,
49894,PERFORMING,MOTORS,0,450,150,300,90.0,,,,,,,
49895,PERFORMING,MOTORS,0,450,150,300,90.0,,,,,,,
49897,PERFORMING,MOTORS,0,450,150,300,90.0,,,,,,,
49898,PERFORMING,MOTORS,0,450,150,300,90.0,,,,,,,
49899,PERFORMING,MOTORS,0,450,150,300,90.0,,,,,,,
49900,PERFORMING,MOTORS,0,450,150,300,90.0,,,,,,,
49901,PERFORMING,MOTORS,0,450,150,300,90.0,,,,,,,
49902,PERFORMING,MOTORS,0,450,150,300,90.0,,,,,,,
49903,PERFORMING,MOTORS,0,450,150,300,90.0,,,,,,,
49905,PERFORMING,MOTORS,0,450,150,300,90.0,,,,,,,
49906,PERFORMING,MOTORS,0,450,150,300,90.0,,,,,,,
49907,PERFORMING,MOTORS,0,450,150,300,90.0,,,,,,,
49908,PERFORMING,MOTORS,0,450,150,300,90.0,,,,,,,
49909,PERFORMING,MOTORS,0,450,150,300,90.0,,,,,,,
49910,PERFORMING,MOTORS,0,450,150,300,90.0,,,,,,,
49911,PERFORMING,MOTORS,0,450,150,300,90.0,,,,,,,
49912,PERFORMING,MOTORS,0,450,150,300,90.0,,,,,,,
49914,PERFORMING,MOTORS,0,450,150,300,90.0,,,,,,,
49915,PERFORMING,MOTORS,0,450,150,300,90.0,,,,,,,
49916,PERFORMING,MOTORS,0,450,150,300,90.0,,,,,,,
49917,PERFORMING,MOTORS,0,450,150,300,90.0,,,,,,,
49918,PERFORMING,MOTORS,0,450,150,300,90.0,,,,,,,
49919,PERFORMING,MOTORS,0,450,150,300,90.0,,,,,,,
49920,PERFORMING,MOTORS,0,450,150,300,90.0,,,,,,,
49922,PERFORMING,MOTORS,0,450,150,300,90.0,,,,,,,
49923,PERFORMING,MOTORS,0,450,150,300,90.0,,,,,,,
49924,PERFORMING,MOTORS,0,450,150,300,90.0,,,,,,,
49925,PERFORMING,MOTORS,0,450,150,300,90.0,,,,,,,
49926,PERFORMING,MOTORS,0,450,150,300,90.0,,,,,,,
49927,PERFORMING,MOTORS,0,450,150,300,90.0,,,,,,,
49928,PERFORMING,MOTORS,0,450,150,300,90.0,,,,,,,
49930,PERFORMING,MOTORS,0,450,150,300,90.0,,,,,,,
49931,PERFORMING,MOTORS,0,450,150,300,90.0,,,,,,,
49932,PERFORMING,MOTORS,0,450,150,300,90.0,,,,,,,
49933,PERFORMING,MOTORS,0,450,150,300,90.0,,,,,,,
49934,PERFORMING,MOTORS,0,450,150,300,90.0,,,,,,,
49935,PERFORMING,MOTORS,0,450,150,300,90.0,,,,,,,
49937,PERFORMING,MOTORS,0,450,150,300,90.0,,,,,,,
49938,PERFORMING,MOTORS,0,450,150,300,90.0,,,,,,,
49939,PERFORMING,MOTORS,0,450,150,300,90.0,,,,,,,
49940,PERFORMING,MOTORS,0,450,150,300,90.0,,,,,,,
49941,PERFORMING,MOTORS,0,450,150,300,90.0,,,,,,,
49942,PERFORMING,MOTORS,0,450,150,300,90.0,,,,,,,
49944,PERFORMING,MOTORS,0,450,150,300,90.0,,,,,,,
49945,PERFORMING,MOTORS,0,450,150,300,90.0,,,,,,,
49946,PERFORMING,MOTORS,0,450,150,300,90.0,,,,,,,
49947,PERFORMING,MOTORS,0,450,150,300,90.0,,,,,,,
49948,PERFORMING,MOTORS,0,450,150,300,90.0,,,,,,,
49949,PERFORMING,MOTORS,0,450,150,300,90.0,,,,,,,
49950,PERFORMING,MOTORS,0,450,150,300,90.0,,,,,,,
49952,PERFORMING,MOTORS,0,450,150,300,90.0,,,,,,,
49953,PERFORMING,MOTORS,0,450,150,300,90.0,,,,,,,
49954,PERFORMING,MOTORS,0,450,150,300,90.0,,,,,,,
49955,PERFORMING,MOTORS,0,450,150,300,90.0,,,,,,,
49956,PERFORMING,MOTORS,0,450,150,300,90.0,,,,,,,
49957,PERFORMING,MOTORS,0,450,150,300,90.0,,,,,,,
49958,PERFORMING,MOTORS,0,450,150,300,90.0,,,,,,,
49959,PERFORMING,MOTORS,0,450,150,300,90.0,,,,,,,
49961,PERFORMING,MOTORS,0,450,150,300,90.0,,,,,,,
49962,PERFORMING,MOTORS,0,450,150,300,90.0,,,,,,,
49963,PERFORMING,MOTORS,0,450,150,300,90.0,,,,,,,
49964,PERFORMING,MOTORS,0,450,150,300,90.0,,,,,,,
49965,PERFORMING,MOTORS,0,450,150,300,90.0,,,,,,,
49966,PERFORMING,MOTORS,0,450,150,300,90.0,,,,,,,
49967,PERFORMING,MOTORS,0,450,150,300,90.0,,,,,,,
49968,PERFORMING,MOTORS,0,450,150,300,90.0,,,,,,,
49970,PERFORMING,MOTORS,0,450,150,300,90.0,,,,,,,
49971,PERFORMING,MOTORS,0,450,150,300,90.0,,,,,,,
49972,PERFORMING,MOTORS,0,450,150,300,90.0,,,,,,,
49973,PERFORMING,MOTORS,0,450,150,300,90.0,,,,,,,
49974,PERFORMING,MOTORS,0,450,150,300,90.0,,,,,,,
49975,PERFORMING,MOTORS,0,450,150,300,90.0,,,,,,,
49976,PERFORMING,MOTORS,0,450,150,300,90.0,,,,,,,
49977,PERFORMING,MOTORS,0,450,150,300,90.0,,,,,,,
49979,PERFORMING,MOTORS,0,450,150,300,90.0,,,,,,,
49980,PERFORMING,MOTORS,0,450,150,300,90.0,,,,,,,
49981,PERFORMING,MOTORS,0,450,150,300,90.0,,,,,,,
49982,PERFORMING,MOTORS,0,450,150,300,90.0,,,,,,,
49983,PERFORMING,MOTORS,0,450,150,300,90.0,,,,,,,
49984,PERFORMING,MOTORS,0,450,150,300,90.0,,,,,,,
49985,PERFORMING,MOTORS,0,450,150,300,90.0,,,,,,,
49986,PERFORMING,MOTORS,0,450,150,300,90.0,,,,,,,
49988,PERFORMING,MOTORS,0,450,150,300,90.0,,,,,,,
49989,PERFORMING,MOTORS,0,450,150,300,90.0,,,,,,,
49990,PERFORMING,MOTORS,0,450,150,300,90.0,,,,,,,
49991,PERFORMING,MOTORS,0,450,150,300,90.0,,,,,,,
49992,PERFORMING,MOTORS,0,450,150,300,90.0,,,,,,,
49993,PERFORMING,MOTORS,0,450,150,300,90.0,,,,,,,
49995,PERFORMING,MOTORS,0,450,150,300,90.0,,,,,,,
49996,PERFORMING,MOTORS,0,450,150,300,90.0,,,,,,,
49997,PERFORMING,MOTORS,0,450,150,300,90.0,,,,,,,
49998,PERFORMING,MOTORS,0,450,150,300,90.0,,,,,,,
49999,PERFORMING,MOTORS,0,450,150,300,90.0,,,,,,,
50000,PERFORMING,MOTORS,0,450,150,300,90.0,,,,,,,
50001,PERFORMING,MOTORS,0,450,150,300,90.0,,,,,,,
50003,PERFORMING,MOTORS,0,450,150,300,90.0,,,,,,,
50004,PERFORMING,MOTORS,0,450,150,300,90.0,,,,,,,
50005,PERFORMING,MOTORS,0,450,150,300,90.0,,,,,,,
50006,PERFORMING,MOTORS,0,450,150,300,90.0,,,,,,,
50007,PERFORMING,MOTORS,0,450,150,300,90.0,,,,,,,
50008,PERFORMING,MOTORS,0,450,150,300,90.0,,,,,,,
50010,PERFORMING,MOTORS,0,450,150,300,90.0,,,,,,,
50011,PERFORMING,MOTORS,0,450,150,300,90.0,,,,,,,
50012,PERFORMING,MOTORS,0,450,150,300,90.0,,,,,,,
50013,PERFORMING,MOTORS,0,450,150,300,90.0,,,,,,,
50014,PERFORMING,MOTORS,0,450,150,300,90.0,,,,,,,
50015,PERFORMING,MOTORS,0,450,150,300,90.0,,,,,,,
50017,PERFORMING,MOTORS,0,450,150,300,90.0,,,,,,,
50018,PERFORMING,MOTORS,0,450,150,300,90.0,,,,,,,
50019,PERFORMING,MOTORS,0,450,150,300,90.0,,,,,,,
50020,PERFORMING,MOTORS,0,450,150,300,90.0,,,,,,,
50021,PERFORMING,MOTORS,0,450,150,300,90.0,,,,,,,
50022,PERFORMING,MOTORS,0,450,150,300,90.0,,,,,,,
50023,PERFORMING,MOTORS,0,450,150,300,90.0,,,,,,,
50025,PERFORMING,MOTORS,0,450,150,300,90.0,,,,,,,
50026,PERFORMING,MOTORS,0,450,150,300,90.0,,,,,,,
50027,PERFORMING,MOTORS,0,450,150,300,90.0,,,,,,,
50029,PERFORMING,MOTORS,0,450,150,300,90.0,,,,,,,
50030,PERFORMING,MOTORS,0,450,150,300,90.0,,,,,,,
50031,PERFORMING,MOTORS,0,450,150,300,90.0,,,,,,,
50032,PERFORMING,MOTORS,0,450,150,300,90.0,,,,,,,
50033,PERFORMING,MOTORS,0,450,150,300,90.0,,,,,,,
50034,PERFORMING,MOTORS,0,450,150,300,90.0,,,,,,,
50035,PERFORMING,MOTORS,0,450,150,300,90.0,,,,,,,
50037,PERFORMING,MOTORS,0,450,150,300,90.0,,,,,,,
50038,PERFORMING,MOTORS,0,450,150,300,90.0,,,,,,,
50039,PERFORMING,MOTORS,0,450,150,300,90.0,,,,,,,
50040,PERFORMING,MOTORS,0,450,150,300,90.0,,,,,,,
50041,PERFORMING,MOTORS,0,450,150,300,90.0,,,,,,,
50042,PERFORMING,MOTORS,0,450,150,300,90.0,,,,,,,
50043,PERFORMING,MOTORS,0,450,150,300,90.0,,,,,,,
50044,PERFORMING,MOTORS,0,450,150,300,90.0,,,,,,,
50046,PERFORMING,MOTORS,0,450,150,300,90.0,,,,,,,
50047,PERFORMING,MOTORS,0,450,150,300,90.0,,,,,,,
50048,PERFORMING,MOTORS,0,450,150,300,90.0,,,,,,,
50049,PERFORMING,MOTORS,0,450,150,300,90.0,,,,,,,
50050,PERFORMING,MOTORS,0,450,150,300,90.0,,,,,,,
50051,PERFORMING,MOTORS,0,450,150,300,90.0,,,,,,,
50052,PERFORMING,MOTORS,0,450,150,300,90.0,,,,,,,
50053,PERFORMING,MOTORS,0,450,150,300,90.0,,,,,,,
50055,PERFORMING,MOTORS,0,450,150,300,90.0,,,,,,,
50056,PERFORMING,MOTORS,0,450,150,300,90.0,,,,,,,
50057,PERFORMING,MOTORS,0,450,150,300,90.0,,,,,,,
50058,PERFORMING,MOTORS,0,450,150,300,90.0,,,,,,,
50059,PERFORMING,MOTORS,0,450,150,300,90.0,,,,,,,
50061,PERFORMING,MOTORS,0,450,150,300,90.0,,,,,,,
50062,PERFORMING,MOTORS,0,450,150,300,90.0,,,,,,,
50063,PERFORMING,MOTORS,0,450,150,300,90.0,,,,,,,
50064,PERFORMING,MOTORS,0,450,150,300,90.0,,,,,,,
50065,PERFORMING,MOTORS,0,450,150,300,90.0,,,,,,,
50066,PERFORMING,MOTORS,0,450,150,300,90.0,,,,,,,
50067,PERFORMING,MOTORS,0,450,150,300,90.0,,,,,,,
50068,PERFORMING,MOTORS,0,450,150,300,90.0,,,,,,,
50070,PERFORMING,MOTORS,0,450,150,300,90.0,,,,,,,
50071,PERFORMING,MOTORS,0,450,150,300,90.0,,,,,,,
50072,PERFORMING,MOTORS,0,450,150,300,90.0,,,,,,,
50073,PERFORMING,MOTORS,0,450,150,300,90.0,,,,,,,
50074,PERFORMING,MOTORS,0,450,150,300,90.0,,,,,,,
50076,PERFORMING,MOTORS,0,450,150,300,90.0,,,,,,,
50077,PERFORMING,MOTORS,0,450,150,300,90.0,,,,,,,
50078,PERFORMING,MOTORS,0,450,150,300,90.0,,,,,,,
50079,PERFORMING,MOTORS,0,450,150,300,90.0,,,,,,,
50080,PERFORMING,MOTORS,0,450,150,300,90.0,,,,,,,
50081,PERFORMING,MOTORS,0,450,150,300,90.0,,,,,,,
50083,PERFORMING,MOTORS,0,450,150,300,90.0,,,,,,,
50084,PERFORMING,MOTORS,0,450,150,300,90.0,,,,,,,
50085,PERFORMING,MOTORS,0,450,150,300,90.0,,,,,,,
50086,PERFORMING,MOTORS,0,450,150,300,90.0,,,,,,,
50087,PERFORMING,MOTORS,0,450,150,300,90.0,,,,,,,
50088,PERFORMING,MOTORS,0,450,150,300,90.0,,,,,,,
50090,PERFORMING,MOTORS,0,450,150,300,90.0,,,,,,,
50091,PERFORMING,MOTORS,0,450,150,300,90.0,,,,,,,
50092,PERFORMING,MOTORS,0,450,150,300,90.0,,,,,,,
50093,PERFORMING,MOTORS,0,450,150,300,90.0,,,,,,,
50094,PERFORMING,MOTORS,0,450,150,300,90.0,,,,,,,
50095,PERFORMING,MOTORS,0,450,150,300,90.0,,,,,,,
50096,PERFORMING,MOTORS,0,450,150,300,90.0,,,,,,,
50098,PERFORMING,MOTORS,0,450,150,300,90.0,,,,,,,
50099,PERFORMING,MOTORS,0,450,150,300,90.0,,,,,,,
50100,PERFORMING,MOTORS,0,450,150,300,90.0,,,,,,,
50101,PERFORMING,MOTORS,0,450,150,300,90.0,,,,,,,
50102,PERFORMING,MOTORS,0,450,150,300,90.0,,,,,,,
50104,PERFORMING,MOTORS,0,450,150,300,90.0,,,,,,,
50105,PERFORMING,MOTORS,0,450,150,300,90.0,,,,,,,
50106,PERFORMING,MOTORS,0,450,150,300,90.0,,,,,,,
50107,PERFORMING,MOTORS,0,450,150,300,90.0,,,,,,,
50108,PERFORMING,MOTORS,0,450,150,300,90.0,,,,,,,
50109,PERFORMING,MOTORS,0,450,150,300,90.0,,,,,,,
50111,PERFORMING,MOTORS,0,450,150,300,90.0,,,,,,,
50112,PERFORMING,MOTORS,0,450,150,300,90.0,,,,,,,
50113,PERFORMING,MOTORS,0,450,150,300,90.0,,,,,,,
50114,PERFORMING,MOTORS,0,450,150,300,90.0,,,,,,,
50115,PERFORMING,MOTORS,0,450,150,300,90.0,,,,,,,
50116,PERFORMING,MOTORS,0,450,150,300,90.0,,,,,,,
50117,PERFORMING,MOTORS,0,450,150,300,90.0,,,,,,,
50119,PERFORMING,MOTORS,0,450,150,300,90.0,,,,,,,
50120,PERFORMING,MOTORS,0,450,150,300,90.0,,,,,,,
50121,PERFORMING,MOTORS,0,450,150,300,90.0,,,,,,,
50122,PERFORMING,MOTORS,0,450,150,300,90.0,,,,,,,
50123,PERFORMING,MOTORS,0,450,150,300,90.0,,,,,,,
50124,PERFORMING,MOTORS,0,450,150,300,90.0,,,,,,,
50125,PERFORMING,MOTORS,0,450,150,300,90.0,,,,,,,
50127,PERFORMING,MOTORS,0,450,150,300,90.0,,,,,,,
50128,PERFORMING,MOTORS,0,450,150,300,90.0,,,,,,,
50129,PERFORMING,MOTORS,0,450,150,300,90.0,,,,,,,
50130,PERFORMING,MOTORS,0,450,150,300,90.0,,,,,,,
50131,PERFORMING,MOTORS,0,450,150,300,90.0,,,,,,,
50132,PERFORMING,MOTORS,0,450,150,300,90.0,,,,,,,
50133,PERFORMING,MOTORS,0,450,150,300,90.0,,,,,,,
50134,PERFORMING,MOTORS,0,450,150,300,90.0,,,,,,,
50136,PERFORMING,MOTORS,0,450,150,300,90.0,,,,,,,
50137,PERFORMING,MOTORS,0,450,150,300,90.0,,,,,,,
50138,PERFORMING,MOTORS,0,450,150,300,90.0,,,,,,,
50139,PERFORMING,MOTORS,0,450,150,300,90.0,,,,,,,
50140,PERFORMING,MOTORS,0,450,150,300,90.0,,,,,,,
50141,PERFORMING,MOTORS,0,450,150,300,90.0,,,,,,,
50142,PERFORMING,MOTORS,0,450,150,300,90.0,,,,,,,
50143,PERFORMING,MOTORS,0,450,150,300,90.0,,,,,,,
50145,PERFORMING,MOTORS,0,450,150,300,90.0,,,,,,,
50146,PERFORMING,MOTORS,0,450,150,300,90.0,,,,,,,
50147,PERFORMING,MOTORS,0,450,150,300,90.0,,,,,,,
50148,PERFORMING,MOTORS,0,450,150,300,90.0,,,,,,,
50149,PERFORMING,MOTORS,0,450,150,300,90.0,,,,,,,
50150,PERFORMING,MOTORS,0,450,150,300,90.0,,,,,,,
50152,PERFORMING,MOTORS,0,450,150,300,90.0,,,,,,,
50153,PERFORMING,MOTORS,0,450,150,300,90.0,,,,,,,
50154,PERFORMING,MOTORS,0,450,150,300,90.0,,,,,,,
50155,PERFORMING,MOTORS,0,450,150,300,90.0,,,,,,,
50156,PERFORMING,MOTORS,0,450,150,300,90.0,,,,,,,
50157,PERFORMING,MOTORS,0,450,150,300,90.0,,,,,,,
50159,PERFORMING,MOTORS,0,450,150,300,90.0,,,,,,,
50160,PERFORMING,MOTORS,0,450,150,300,90.0,,,,,,,
50161,PERFORMING,MOTORS,0,450,150,300,90.0,,,,,,,
50162,PERFORMING,MOTORS,0,450,150,300,90.0,,,,,,,
50163,PERFORMING,MOTORS,0,450,150,300,90.0,,,,,,,
50164,PERFORMING,MOTORS,0,450,150,300,90.0,,,,,,,
50165,PERFORMING,MOTORS,0,450,150,300,90.0,,,,,,,
50167,PERFORMING,MOTORS,0,450,150,300,90.0,,,,,,,
50168,PERFORMING,MOTORS,0,450,150,300,90.0,,,,,,,
50169,PERFORMING,MOTORS,0,450,150,300,90.0,,,,,,,
50170,PERFORMING,MOTORS,0,450,150,300,90.0,,,,,,,
50171,PERFORMING,MOTORS,0,450,150,300,90.0,,,,,,,
50172,PERFORMING,MOTORS,0,450,150,300,90.0,,,,,,,
50174,PERFORMING,MOTORS,0,450,150,300,90.0,,,,,,,
50175,PERFORMING,MOTORS,0,450,150,300,90.0,,,,,,,
50176,PERFORMING,MOTORS,0,450,150,300,90.0,,,,,,,
50177,PERFORMING,MOTORS,0,450,150,300,90.0,,,,,,,
50178,PERFORMING,MOTORS,0,450,150,300,90.0,,,,,,,
50179,PERFORMING,MOTORS,0,450,150,300,90.0,,,,,,,
50180,PERFORMING,MOTORS,0,450,150,300,90.0,,,,,,,
50181,PERFORMING,MOTORS,0,450,150,300,90.0,,,,,,,
50183,PERFORMING,MOTORS,0,450,150,300,90.0,,,,,,,
50184,PERFORMING,MOTORS,0,450,150,300,90.0,,,,,,,
50185,PERFORMING,MOTORS,0,450,150,300,90.0,,,,,,,
50186,PERFORMING,MOTORS,0,450,150,300,90.0,,,,,,,
50187,PERFORMING,MOTORS,0,450,150,300,90.0,,,,,,,
50188,PERFORMING,MOTORS,0,450,150,300,90.0,,,,,,,
50190,PERFORMING,MOTORS,0,450,150,300,90.0,,,,,,,
50191,PERFORMING,MOTORS,0,450,150,300,90.0,,,,,,,
50192,PERFORMING,MOTORS,0,450,150,300,90.0,,,,,,,
50193,PERFORMING,MOTORS,0,450,150,300,90.0,,,,,,,
50194,PERFORMING,MOTORS,0,450,150,300,90.0,,,,,,,
50195,PERFORMING,MOTORS,0,450,150,300,90.0,,,,,,,
50196,PERFORMING,MOTORS,0,450,150,300,90.0,,,,,,,
50198,PERFORMING,MOTORS,0,450,150,300,90.0,,,,,,,
50199,PERFORMING,MOTORS,0,450,150,300,90.0,,,,,,,
50200,PERFORMING,MOTORS,0,450,150,300,90.0,,,,,,,
50201,PERFORMING,MOTORS,0,450,150,300,90.0,,,,,,,
50202,PERFORMING,MOTORS,0,450,150,300,90.0,,,,,,,
50203,PERFORMING,MOTORS,0,450,150,300,90.0,,,,,,,
50204,PERFORMING,MOTORS,0,450,150,300,90.0,,,,,,,
50206,PERFORMING,MOTORS,0,450,150,300,90.0,,,,,,,
50207,PERFORMING,MOTORS,0,450,150,300,90.0,,,,,,,
50208,PERFORMING,MOTORS,0,450,150,300,90.0,,,,,,,
50209,PERFORMING,MOTORS,0,450,150,300,90.0,,,,,,,
50210,PERFORMING,MOTORS,0,450,150,300,90.0,,,,,,,
50211,PERFORMING,MOTORS,0,450,150,300,90.0,,,,,,,
50212,PERFORMING,MOTORS,0,450,150,300,90.0,,,,,,,
50213,PERFORMING,MOTORS,0,450,150,300,90.0,,,,,,,
50215,PERFORMING,MOTORS,0,450,150,300,90.0,,,,,,,
50216,PERFORMING,MOTORS,0,450,150,300,90.0,,,,,,,
50217,PERFORMING,MOTORS,0,450,150,300,90.0,,,,,,,
50218,PERFORMING,MOTORS,0,450,150,300,90.0,,,,,,,
50219,PERFORMING,MOTORS,0,450,150,300,90.0,,,,,,,
50220,PERFORMING,MOTORS,0,450,150,300,90.0,,,,,,,
50222,PERFORMING,MOTORS,0,450,150,300,90.0,,,,,,,
50223,PERFORMING,MOTORS,0,450,150,300,90.0,,,,,,,
50224,PERFORMING,MOTORS,0,450,150,300,90.0,,,,,,,
50225,PERFORMING,MOTORS,0,450,150,300,90.0,,,,,,,
50226,PERFORMING,MOTORS,0,450,150,300,90.0,,,,,,,
50227,PERFORMING,MOTORS,0,450,150,300,90.0,,,,,,,
50228,PERFORMING,MOTORS,0,450,150,300,90.0,,,,,,,
50229,PERFORMING,MOTORS,0,450,150,300,90.0,,,,,,,
50230,PERFORMING,MOTORS,0,450,150,300,90.0,,,,,,,
50232,PERFORMING,MOTORS,0,450,150,300,90.0,,,,,,,
50233,PERFORMING,MOTORS,0,450,150,300,90.0,,,,,,,
50234,PERFORMING,MOTORS,0,450,150,300,90.0,,,,,,,
50235,PERFORMING,MOTORS,0,450,150,300,90.0,,,,,,,
50236,PERFORMING,MOTORS,0,450,150,300,90.0,,,,,,,
50238,PERFORMING,MOTORS,0,450,150,300,90.0,,,,,,,
50239,PERFORMING,MOTORS,0,450,150,300,90.0,,,,,,,
50240,PERFORMING,MOTORS,0,450,150,300,90.0,,,,,,,
50241,PERFORMING,MOTORS,0,450,150,300,90.0,,,,,,,
50242,PERFORMING,MOTORS,0,450,150,300,90.0,,,,,,,
50243,PERFORMING,MOTORS,0,450,150,300,90.0,,,,,,,
50244,PERFORMING,MOTORS,0,450,150,300,90.0,,,,,,,
50245,PERFORMING,MOTORS,0,450,150,300,90.0,,,,,,,
50247,PERFORMING,MOTORS,0,450,150,300,90.0,,,,,,,
50248,PERFORMING,MOTORS,0,450,150,300,90.0,,,,,,,
50249,PERFORMING,MOTORS,0,448,150,300,90.0,,,,,,,
50250,PERFORMING,MOTORS,0,446,150,300,90.0,,,,,,,
50251,PERFORMING,MOTORS,0,444,150,300,90.0,,,,,,,
50252,PERFORMING,MOTORS,0,442,150,300,90.0,,,,,,,
50253,PERFORMING,MOTORS,0,440,150,300,90.0,,,,,,,
50255,PERFORMING,MOTORS,0,436,150,300,90.0,,,,,,,
50256,PERFORMING,MOTORS,0,434,150,300,90.0,,,,,,,
50257,PERFORMING,MOTORS,0,432,150,300,90.0,,,,,,,
50258,PERFORMING,MOTORS,0,430,150,300,90.0,,,,,,,
50259,PERFORMING,MOTORS,0,428,150,300,90.0,,,,,,,
50260,PERFORMING,MOTORS,0,426,150,300,90.0,,,,,,,
50261,PERFORMING,MOTORS,0,424,150,300,90.0,,,,,,,
50263,PERFORMING,MOTORS,0,420,150,300,90.0,,,,,,,
50264,PERFORMING,MOTORS,0,418,150,300,90.0,,,,,,,
50265,PERFORMING,MOTORS,0,416,150,300,90.0,,,,,,,
50266,PERFORMING,MOTORS,0,414,150,300,90.0,,,,,,,
50267,PERFORMING,MOTORS,0,412,150,300,90.0,,,,,,,
50269,PERFORMING,MOTORS,0,408,150,300,90.0,,,,,,,
50270,PERFORMING,MOTORS,0,406,150,300,90.0,,,,,,,
50271,PERFORMING,MOTORS,0,404,150,300,90.0,,,,,,,
50272,PERFORMING,MOTORS,0,402,150,300,90.0,,,,,,,
50273,PERFORMING,MOTORS,0,400,150,300,90.0,,,,,,,
50274,PERFORMING,MOTORS,0,398,150,300,90.0,,,,,,,
50275,PERFORMING,MOTORS,0,396,150,300,90.0,,,,,,,
50277,PERFORMING,MOTORS,0,392,150,300,90.0,,,,,,,
50278,PERFORMING,MOTORS,0,390,150,300,90.0,,,,,,,
50279,PERFORMING,MOTORS,0,388,150,300,90.0,,,,,,,
50280,PERFORMING,MOTORS,0,386,150,300,90.0,,,,,,,
50281,PERFORMING,MOTORS,0,384,150,300,90.0,,,,,,,
50282,PERFORMING,MOTORS,0,382,150,300,90.0,,,,,,,
50283,PERFORMING,MOTORS,0,380,150,300,90.0,,,,,,,
50285,PERFORMING,MOTORS,0,376,150,300,90.0,,,,,,,
50286,PERFORMING,MOTORS,0,374,150,300,90.0,,,,,,,
50287,PERFORMING,MOTORS,0,372,150,300,90.0,,,,,,,
50288,PERFORMING,MOTORS,0,370,150,300,90.0,,,,,,,
50289,PERFORMING,MOTORS,0,368,150,300,90.0,,,,,,,
50290,PERFORMING,MOTORS,0,366,150,300,90.0,,,,,,,
50292,PERFORMING,MOTORS,0,362,150,300,90.0,,,,,,,
50293,PERFORMING,MOTORS,0,360,150,300,90.0,,,,,,,
50294,PERFORMING,MOTORS,0,358,150,300,90.0,,,,,,,
50295,PERFORMING,MOTORS,0,356,150,300,90.0,,,,,,,
50296,PERFORMING,MOTORS,0,354,150,300,90.0,,,,,,,
50297,PERFORMING,MOTORS,0,352,150,300,90.0,,,,,,,
50298,PERFORMING,MOTORS,0,350,150,300,90.0,,,,,,,
50300,PERFORMING,MOTORS,0,346,150,300,90.0,,,,,,,
50301,PERFORMING,MOTORS,0,344,150,300,90.0,,,,,,,
50302,PERFORMING,MOTORS,0,342,150,300,90.0,,,,,,,
50303,PERFORMING,MOTORS,0,340,150,300,90.0,,,,,,,
50304,PERFORMING,MOTORS,0,338,150,300,90.0,,,,,,,
50305,PERFORMING,MOTORS,0,336,150,300,90.0,,,,,,,
50306,PERFORMING,MOTORS,0,334,150,300,90.0,,,,,,,
50308,PERFORMING,MOTORS,0,330,150,300,90.0,,,,,,,
50309,PERFORMING,MOTORS,0,328,150,300,90.0,,,,,,,
50310,PERFORMING,MOTORS,0,326,150,300,90.0,,,,,,,
50311,PERFORMING,MOTORS,0,324,150,300,90.0,,,,,,,
50312,PERFORMING,MOTORS,0,322,150,300,90.0,,,,,,,
50313,PERFORMING,MOTORS,0,320,150,300,90.0,,,,,,,
50315,PERFORMING,MOTORS,0,316,150,300,90.0,,,,,,,
50316,PERFORMING,MOTORS,0,314,150,300,90.0,,,,,,,
50317,PERFORMING,MOTORS,0,312,150,300,90.0,,,,,,,
50318,PERFORMING,MOTORS,0,310,150,300,90.0,,,,,,,
50319,PERFORMING,MOTORS,0,308,150,300,90.0,,,,,,,
50320,PERFORMING,MOTORS,0,306,150,300,90.0,,,,,,,
50321,PERFORMING,MOTORS,0,304,150,300,90.0,,,,,,,
50323,PERFORMING,MOTORS,0,300,150,300,90.0,,,,,,,
50324,PERFORMING,MOTORS,0,298,150,300,90.0,,,,,,,
50325,PERFORMING,MOTORS,0,296,150,300,90.0,,,,,,,
50326,PERFORMING,MOTORS,0,294,150,300,90.0,,,,,,,
50327,PERFORMING,MOTORS,0,292,150,300,90.0,,,,,,,
50328,PERFORMING,MOTORS,0,290,150,300,90.0,,,,,,,
50329,PERFORMING,MOTORS,0,288,150,300,90.0,,,,,,,
50330,PERFORMING,MOTORS,0,286,150,300,90.0,,,,,,,
50332,PERFORMING,MOTORS,0,282,150,300,90.0,,,,,,,
50333,PERFORMING,MOTORS,0,280,150,300,90.0,,,,,,,
50334,PERFORMING,MOTORS,0,278,150,300,90.0,,,,,,,
50335,PERFORMING,MOTORS,0,276,150,300,90.0,,,,,,,
50336,PERFORMING,MOTORS,0,274,150,300,90.0,,,,,,,
50337,PERFORMING,MOTORS,0,272,150,300,90.0,,,,,,,
50338,PERFORMING,MOTORS,0,270,150,300,90.0,,,,,,,
50340,PERFORMING,MOTORS,0,266,150,300,90.0,,,,,,,
50341,PERFORMING,MOTORS,0,264,150,300,90.0,,,,,,,
50342,PERFORMING,MOTORS,0,262,150,300,90.0,,,,,,,
50343,PERFORMING,MOTORS,0,260,150,300,90.0,,,,,,,
50344,PERFORMING,MOTORS,0,258,150,300,90.0,,,,,,,
50345,PERFORMING,MOTORS,0,256,150,300,90.0,,,,,,,
50346,PERFORMING,MOTORS,0,254,150,300,90.0,,,,,,,
50348,PERFORMING,MOTORS,0,250,150,300,90.0,,,,,,,
50349,PERFORMING,MOTORS,0,250,150,300,90.0,,,,,,,
50350,PERFORMING,MOTORS,0,250,150,300,90.0,,,,,,,
50351,PERFORMING,MOTORS,0,250,150,300,90.0,,,,,,,
50352,PERFORMING,MOTORS,0,250,150,300,90.0,,,,,,,
50353,PERFORMING,MOTORS,0,250,150,300,90.0,,,,,,,
50355,PERFORMING,MOTORS,0,250,150,300,90.0,,,,,,,
50356,PERFORMING,MOTORS,0,250,150,300,90.0,,,,,,,
50357,PERFORMING,MOTORS,0,250,150,300,90.0,,,,,,,
50358,PERFORMING,MOTORS,0,250,150,300,90.0,,,,,,,
50359,PERFORMING,MOTORS,0,250,150,300,90.0,,,,,,,
50360,PERFORMING,MOTORS,0,250,150,300,90.0,,,,,,,
50361,PERFORMING,MOTORS,0,250,150,300,90.0,,,,,,,
50362,PERFORMING,MOTORS,0,250,150,300,90.0,,,,,,,
50364,PERFORMING,MOTORS,0,250,150,300,90.0,,,,,,,
50365,PERFORMING,MOTORS,0,250,150,300,90.0,,,,,,,
50366,PERFORMING,MOTORS,0,250,150,300,90.0,,,,,,,
50367,PERFORMING,MOTORS,0,250,150,300,90.0,,,,,,,
50368,PERFORMING,MOTORS,0,250,150,300,90.0,,,,,,,
50369,PERFORMING,MOTORS,0,250,150,300,90.0,,,,,,,
50370,PERFORMING,MOTORS,0,250,150,300,90.0,,,,,,,
50371,PERFORMING,MOTORS,0,250,150,300,90.0,,,,,,,
50372,PERFORMING,MOTORS,0,250,150,300,90.0,,,,,,,
50374,PERFORMING,MOTORS,0,250,150,300,90.0,,,,,,,
50375,PERFORMING,MOTORS,0,250,150,300,90.0,,,,,,,
50376,PERFORMING,MOTORS,0,250,150,300,90.0,,,,,,,
50377,PERFORMING,MOTORS,0,250,150,300,90.0,,,,,,,
50378,PERFORMING,MOTORS,0,250,150,300,90.0,,,,,,,
50379,PERFORMING,MOTORS,0,250,150,300,90.0,,,,,,,
50380,PERFORMING,MOTORS,0,250,150,300,90.0,,,,,,,
50381,PERFORMING,MOTORS,0,250,150,300,90.0,,,,,,,
50382,PERFORMING,MOTORS,0,250,150,300,90.0,,,,,,,
50384,PERFORMING,MOTORS,0,250,150,300,90.0,,,,,,,
50385,PERFORMING,MOTORS,0,250,150,300,90.0,,,,,,,
50386,PERFORMING,MOTORS,0,250,150,300,90.0,,,,,,,
50387,PERFORMING,MOTORS,0,250,150,300,90.0,,,,,,,
50388,PERFORMING,MOTORS,0,250,150,300,90.0,,,,,,,
50389,PERFORMING,MOTORS,0,250,150,300,90.0,,,,,,,
50390,PERFORMING,MOTORS,0,250,150,300,90.0,,,,,,,
50391,PERFORMING,MOTORS,0,250,150,300,90.0,,,,,,,
50393,PERFORMING,MOTORS,0,250,150,300,90.0,,,,,,,
50394,PERFORMING,MOTORS,0,250,150,300,90.0,,,,,,,
50395,PERFORMING,MOTORS,0,250,150,300,90.0,,,,,,,
50396,PERFORMING,MOTORS,0,250,150,300,90.0,,,,,,,
50397,PERFORMING,MOTORS,0,250,150,300,90.0,,,,,,,
50398,PERFORMING,MOTORS,0,250,150,300,90.0,,,,,,,
50399,PERFORMING,MOTORS,0,250,150,300,90.0,,,,,,,
50401,PERFORMING,MOTORS,0,250,150,300,90.0,,,,,,,
50402,PERFORMING,MOTORS,0,250,150,300,90.0,,,,,,,
50403,PERFORMING,MOTORS,0,250,150,300,90.0,,,,,,,
50404,PERFORMING,MOTORS,0,250,150,300,90.0,,,,,,,
50405,PERFORMING,MOTORS,0,250,150,300,90.0,,,,,,,
50406,PERFORMING,MOTORS,0,250,150,300,90.0,,,,,,,
50407,PERFORMING,MOTORS,0,250,150,300,90.0,,,,,,,
50408,PERFORMING,MOTORS,0,250,150,300,90.0,,,,,,,
50410,PERFORMING,MOTORS,0,250,150,300,90.0,,,,,,,
50411,PERFORMING,MOTORS,0,250,150,300,90.0,,,,,,,
50412,PERFORMING,MOTORS,0,250,150,300,90.0,,,,,,,
50413,PERFORMING,MOTORS,0,250,150,300,90.0,,,,,,,
50414,PERFORMING,MOTORS,0,250,150,300,90.0,,,,,,,
50415,PERFORMING,MOTORS,0,250,150,300,90.0,,,,,,,
50416,PERFORMING,MOTORS,0,250,150,300,90.0,,,,,,,
50417,PERFORMING,MOTORS,0,250,150,300,90.0,,,,,,,
50418,PERFORMING,MOTORS,0,250,150,300,90.0,,,,,,,
50419,PERFORMING,MOTORS,0,250,150,300,90.0,,,,,,,
50421,PERFORMING,MOTORS,0,250,150,300,90.0,,,,,,,
50422,PERFORMING,MOTORS,0,250,150,300,90.0,,,,,,,
50423,PERFORMING,MOTORS,0,250,150,300,90.0,,,,,,,
50424,PERFORMING,MOTORS,0,250,150,300,90.0,,,,,,,
50425,PERFORMING,MOTORS,0,250,150,300,90.0,,,,,,,
50426,PERFORMING,MOTORS,0,250,150,300,90.0,,,,,,,
50427,PERFORMING,MOTORS,0,250,150,300,90.0,,,,,,,
50428,PERFORMING,MOTORS,0,250,150,300,90.0,,,,,,,
50430,PERFORMING,MOTORS,0,250,150,300,90.0,,,,,,,
50431,PERFORMING,MOTORS,0,250,150,300,90.0,,,,,,,
50432,PERFORMING,MOTORS,0,250,150,300,90.0,,,,,,,
50433,PERFORMING,MOTORS,0,250,150,300,90.0,,,,,,,
50434,PERFORMING,MOTORS,0,250,150,300,90.0,,,,,,,
50435,PERFORMING,MOTORS,0,250,150,300,90.0,,,,,,,
50436,PERFORMING,MOTORS,0,250,150,300,90.0,,,,,,,
50437,PERFORMING,MOTORS,0,250,150,300,90.0,,,,,,,
50438,PERFORMING,MOTORS,0,250,150,300,90.0,,,,,,,
50440,PERFORMING,MOTORS,0,250,150,300,90.0,,,,,,,
50441,PERFORMING,MOTORS,0,250,150,300,90.0,,,,,,,
50442,PERFORMING,MOTORS,0,250,150,300,90.0,,,,,,,
50443,PERFORMING,MOTORS,0,250,150,300,90.0,,,,,,,
50444,PERFORMING,MOTORS,0,250,150,300,90.0,,,,,,,
50445,PERFORMING,MOTORS,0,250,150,300,90.0,,,,,,,
50446,PERFORMING,MOTORS,0,250,150,300,90.0,,,,,,,
50448,PERFORMING,MOTORS,0,250,150,300,90.0,,,,,,,
50449,PERFORMING,MOTORS,0,250,150,300,90.0,,,,,,,
50450,PERFORMING,MOTORS,0,250,150,300,90.0,,,,,,,
50451,PERFORMING,MOTORS,0,250,150,300,90.0,,,,,,,
50452,PERFORMING,MOTORS,0,250,150,300,90.0,,,,,,,
50453,PERFORMING,MOTORS,0,250,150,300,90.0,,,,,,,
50454,PERFORMING,MOTORS,0,250,150,300,90.0,,,,,,,
50455,PERFORMING,MOTORS,0,250,150,300,90.0,,,,,,,
50456,PERFORMING,MOTORS,0,250,150,300,90.0,,,,,,,
50458,PERFORMING,MOTORS,0,250,150,300,90.0,,,,,,,
50459,PERFORMING,MOTORS,0,250,150,300,90.0,,,,,,,
50460,PERFORMING,MOTORS,0,250,150,300,90.0,,,,,,,
50461,PERFORMING,MOTORS,0,250,150,300,90.0,,,,,,,
50462,PERFORMING,MOTORS,0,250,150,300,90.0,,,,,,,
50463,PERFORMING,MOTORS,0,250,150,300,90.0,,,,,,,
50464,PERFORMING,MOTORS,0,250,150,300,90.0,,,,,,,
50465,PERFORMING,MOTORS,0,250,150,300,90.0,,,,,,,
50467,PERFORMING,MOTORS,0,250,150,300,90.0,,,,,,,
50468,PERFORMING,MOTORS,0,250,150,300,90.0,,,,,,,
50469,PERFORMING,MOTORS,0,250,150,300,90.0,,,,,,,
50470,PERFORMING,MOTORS,0,250,150,300,90.0,,,,,,,
50471,PERFORMING,MOTORS,0,250,150,300,90.0,,,,,,,
50472,PERFORMING,MOTORS,0,250,150,300,90.0,,,,,,,
50473,PERFORMING,MOTORS,0,250,150,300,90.0,,,,,,,
50474,PERFORMING,MOTORS,0,250,150,300,90.0,,,,,,,
50476,PERFORMING,MOTORS,0,250,150,300,90.0,,,,,,,
50477,PERFORMING,MOTORS,0,250,150,300,90.0,,,,,,,
50478,PERFORMING,MOTORS,0,250,150,300,90.0,,,,,,,
50479,PERFORMING,MOTORS,0,250,150,300,90.0,,,,,,,
50480,PERFORMING,MOTORS,0,250,150,300,90.0,,,,,,,
50481,PERFORMING,MOTORS,0,250,150,300,90.0,,,,,,,
50482,PERFORMING,MOTORS,0,250,150,300,90.0,,,,,,,
50484,PERFORMING,MOTORS,0,250,150,300,90.0,,,,,,,
50485,PERFORMING,MOTORS,0,250,150,300,90.0,,,,,,,
50486,PERFORMING,MOTORS,0,250,150,300,90.0,,,,,,,
50487,PERFORMING,MOTORS,0,250,150,300,90.0,,,,,,,
50488,PERFORMING,MOTORS,0,250,150,300,90.0,,,,,,,
50489,PERFORMING,MOTORS,0,250,150,300,90.0,,,,,,,
50491,PERFORMING,MOTORS,0,250,150,300,90.0,,,,,,,
50492,PERFORMING,MOTORS,0,250,150,300,90.0,,,,,,,
50493,PERFORMING,MOTORS,0,250,150,300,90.0,,,,,,,
50494,PERFORMING,MOTORS,0,250,150,300,90.0,,,,,,,
50495,PERFORMING,MOTORS,0,250,150,300,90.0,,,,,,,
50496,PERFORMING,MOTORS,0,250,150,300,90.0,,,,,,,
50497,PERFORMING,MOTORS,0,250,150,300,90.0,,,,,,,
50499,PERFORMING,MOTORS,0,250,150,300,90.0,,,,,,,
50500,PERFORMING,MOTORS,0,250,150,300,90.0,,,,,,,
50501,PERFORMING,MOTORS,0,250,150,300,90.0,,,,,,,
50502,PERFORMING,MOTORS,0,250,150,300,90.0,,,,,,,
50503,PERFORMING,MOTORS,0,250,150,300,90.0,,,,,,,
50504,PERFORMING,MOTORS,0,250,150,300,90.0,,,,,,,
50505,PERFORMING,MOTORS,0,250,150,300,90.0,,,,,,,
50506,PERFORMING,MOTORS,0,250,150,300,90.0,,,,,,,
50507,PERFORMING,MOTORS,0,250,150,300,90.0,,,,,,,
50509,PERFORMING,MOTORS,0,250,150,300,90.0,,,,,,,
50510,PERFORMING,MOTORS,0,250,150,300,90.0,,,,,,,
50511,PERFORMING,MOTORS,0,250,150,300,90.0,,,,,,,
50512,PERFORMING,MOTORS,0,250,150,300,90.0,,,,,,,
50513,PERFORMING,MOTORS,0,250,150,300,90.0,,,,,,,
50514,PERFORMING,MOTORS,0,250,150,300,90.0,,,,,,,
50515,PERFORMING,MOTORS,0,250,150,300,90.0,,,,,,,
50516,PERFORMING,MOTORS,0,250,150,300,90.0,,,,,,,
50517,PERFORMING,MOTORS,0,250,150,300,90.0,,,,,,,
50519,PERFORMING,MOTORS,0,250,150,300,90.0,,,,,,,
50520,PERFORMING,MOTORS,0,250,150,300,90.0,,,,,,,
50521,PERFORMING,MOTORS,0,250,150,300,90.0,,,,,,,
50522,PERFORMING,MOTORS,0,250,150,300,90.0,,,,,,,
50523,PERFORMING,MOTORS,0,250,150,300,90.0,,,,,,,
50524,PERFORMING,MOTORS,0,250,150,300,90.0,,,,,,,
50525,PERFORMING,MOTORS,0,250,150,300,90.0,,,,,,,
50526,PERFORMING,MOTORS,0,250,150,300,90.0,,,,,,,
50528,PERFORMING,MOTORS,0,250,150,300,90.0,,,,,,,
50529,PERFORMING,MOTORS,0,250,150,300,90.0,,,,,,,
50530,PERFORMING,MOTORS,0,250,150,300,90.0,,,,,,,
50531,PERFORMING,MOTORS,0,250,150,300,90.0,,,,,,,
50532,PERFORMING,MOTORS,0,250,150,300,90.0,,,,,,,
50533,PERFORMING,MOTORS,0,250,150,300,90.0,,,,,,,
50534,PERFORMING,MOTORS,0,250,150,300,90.0,,,,,,,
50535,PERFORMING,MOTORS,0,250,150,300,90.0,,,,,,,
50537,PERFORMING,MOTORS,0,250,150,300,90.0,,,,,,,
50538,PERFORMING,MOTORS,0,250,150,300,90.0,,,,,,,
50539,PERFORMING,MOTORS,0,250,150,300,90.0,,,,,,,
50540,PERFORMING,MOTORS,0,250,150,300,90.0,,,,,,,
50541,PERFORMING,MOTORS,0,250,150,300,90.0,,,,,,,
50542,PERFORMING,MOTORS,0,250,150,300,90.0,,,,,,,
50543,PERFORMING,MOTORS,0,250,150,300,90.0,,,,,,,
50545,PERFORMING,MOTORS,0,250,150,300,90.0,,,,,,,
50546,PERFORMING,MOTORS,0,250,150,300,90.0,,,,,,,
50547,PERFORMING,MOTORS,0,250,150,300,90.0,,,,,,,
50548,PERFORMING,MOTORS,0,250,150,300,90.0,,,,,,,
50549,PERFORMING,MOTORS,0,250,150,300,90.0,,,,,,,
50550,PERFORMING,MOTORS,0,250,150,300,90.0,,,,,,,
50552,PERFORMING,MOTORS,0,250,150,300,90.0,,,,,,,
50553,PERFORMING,MOTORS,0,250,150,300,90.0,,,,,,,
50554,PERFORMING,MOTORS,0,250,150,300,90.0,,,,,,,
50555,PERFORMING,MOTORS,0,250,150,300,90.0,,,,,,,
50556,PERFORMING,MOTORS,0,250,150,300,90.0,,,,,,,
50557,PERFORMING,MOTORS,0,250,150,300,90.0,,,,,,,
50558,PERFORMING,MOTORS,0,250,150,300,90.0,,,,,,,
50559,PERFORMING,MOTORS,0,250,150,300,90.0,,,,,,,
50560,PERFORMING,MOTORS,0,250,150,300,90.0,,,,,,,
50562,PERFORMING,MOTORS,0,250,150,300,90.0,,,,,,,
50563,PERFORMING,MOTORS,0,250,150,300,90.0,,,,,,,
50564,PERFORMING,MOTORS,0,250,150,300,90.0,,,,,,,
50565,PERFORMING,MOTORS,0,250,150,300,90.0,,,,,,,
50566,PERFORMING,MOTORS,0,250,150,300,90.0,,,,,,,
50567,PERFORMING,MOTORS,0,250,150,300,90.0,,,,,,,
50569,PERFORMING,MOTORS,0,250,150,300,90.0,,,,,,,
50570,PERFORMING,MOTORS,0,250,150,300,90.0,,,,,,,
50571,PERFORMING,MOTORS,0,250,150,300,90.0,,,,,,,
50572,PERFORMING,MOTORS,0,250,150,300,90.0,,,,,,,
50573,PERFORMING,MOTORS,0,250,150,300,90.0,,,,,,,
50574,PERFORMING,MOTORS,0,250,150,300,90.0,,,,,,,
50575,PERFORMING,MOTORS,0,250,150,300,90.0,,,,,,,
50576,PERFORMING,MOTORS,0,250,150,300,90.0,,,,,,,
50577,PERFORMING,MOTORS,0,250,150,300,90.0,,,,,,,
50579,PERFORMING,MOTORS,0,250,150,300,90.0,,,,,,,
50580,PERFORMING,MOTORS,0,250,150,300,90.0,,,,,,,
50581,PERFORMING,MOTORS,0,250,150,300,90.0,,,,,,,
50582,PERFORMING,MOTORS,0,250,150,300,90.0,,,,,,,
50583,PERFORMING,MOTORS,0,250,150,300,90.0,,,,,,,
50584,PERFORMING,MOTORS,0,250,150,300,90.0,,,,,,,
50585,PERFORMING,MOTORS,0,250,150,300,90.0,,,,,,,
50586,PERFORMING,MOTORS,0,250,150,300,90.0,,,,,,,
50588,PERFORMING,MOTORS,0,250,150,300,90.0,,,,,,,
50589,PERFORMING,MOTORS,0,250,150,300,90.0,,,,,,,
50590,PERFORMING,MOTORS,0,250,150,300,90.0,,,,,,,
50591,PERFORMING,MOTORS,0,250,150,300,90.0,,,,,,,
50592,IDLE,BTN_STOP,0,,,,,,,,,,
60592,SLEEP,IDLE_TIMEOUT,0,,,,,,,,,,
